
use masterchef; 

insert into ethnic_cuisines (ethnic_id, name_of_ethnic) values (1, 'Mexican');
insert into ethnic_cuisines (ethnic_id, name_of_ethnic) values (2, 'Italian');
insert into ethnic_cuisines (ethnic_id, name_of_ethnic) values (3, 'Indian');
insert into ethnic_cuisines (ethnic_id, name_of_ethnic) values (4, 'Chinese');
insert into ethnic_cuisines (ethnic_id, name_of_ethnic) values (5, 'Japanese');
insert into ethnic_cuisines (ethnic_id, name_of_ethnic) values (6, 'Thai');
insert into ethnic_cuisines (ethnic_id, name_of_ethnic) values (7, 'Greek');
insert into ethnic_cuisines (ethnic_id, name_of_ethnic) values (8, 'Moroccan');
insert into ethnic_cuisines (ethnic_id, name_of_ethnic) values (9, 'Korean');
insert into ethnic_cuisines (ethnic_id, name_of_ethnic) values (10, 'Vietnamese');
insert into ethnic_cuisines (ethnic_id, name_of_ethnic) values (11, 'Brazilian');
insert into ethnic_cuisines (ethnic_id, name_of_ethnic) values (12, 'Ethiopian');
insert into ethnic_cuisines (ethnic_id, name_of_ethnic) values (13, 'French');
insert into ethnic_cuisines (ethnic_id, name_of_ethnic) values (14, 'Spanish');
insert into ethnic_cuisines (ethnic_id, name_of_ethnic) values (15, 'Lebanese');
insert into ethnic_cuisines (ethnic_id, name_of_ethnic) values (16, 'Turkish');
insert into ethnic_cuisines (ethnic_id, name_of_ethnic) values (17, 'Jamaican');
insert into ethnic_cuisines (ethnic_id, name_of_ethnic) values (18, 'Peruvian');
insert into ethnic_cuisines (ethnic_id, name_of_ethnic) values (19, 'Russian');
insert into ethnic_cuisines (ethnic_id, name_of_ethnic) values (20, 'Swedish');


insert into recipe (recipe_id, recipe_name, basic_category, difficulty_level, short_description, portions, ethnic_cuisine, image, image_caption, total_calories) values (1, 'Spicy Chicken Stir-Fry', 'savory', 3, 'Delicious pasta with creamy sauce', 7, 18, 'https://source.unsplash.com//200x200/?food/1', 'Delicious pizza with pepperoni and cheese', 773);
insert into recipe (recipe_id, recipe_name, basic_category, difficulty_level, short_description, portions, ethnic_cuisine, image, image_caption, total_calories) values (2, 'Creamy Mushroom Risotto', 'pastry', 3, 'Spicy chicken tacos with avocado salsa', 7, 20, 'https://source.unsplash.com//200x200/?food/2', 'Fresh salad with mixed greens and balsamic dressing', 475);
insert into recipe (recipe_id, recipe_name, basic_category, difficulty_level, short_description, portions, ethnic_cuisine, image, image_caption, total_calories) values (3, 'BBQ Pulled Pork Sandwiches', 'pastry', 1, 'Refreshing cucumber salad with lemon dressing', 2, 20, 'https://source.unsplash.com//200x200/?food/3', 'Mouth-watering burger with crispy bacon and melted cheese', 930);
insert into recipe (recipe_id, recipe_name, basic_category, difficulty_level, short_description, portions, ethnic_cuisine, image, image_caption, total_calories) values (4, 'Lemon Garlic Shrimp Pasta', 'savory', 5, 'Savory beef stew with carrots and potatoes', 2, 4, 'https://source.unsplash.com//200x200/?food/4', 'Decadent chocolate cake with a scoop of vanilla ice cream', 593);
insert into recipe (recipe_id, recipe_name, basic_category, difficulty_level, short_description, portions, ethnic_cuisine, image, image_caption, total_calories) values (5, 'Vegetarian Chili', 'savory', 5, 'Decadent chocolate cake with raspberry sauce', 2, 5, 'https://source.unsplash.com//200x200/?food/5', 'Sizzling fajitas with peppers and onions', 890);
insert into recipe (recipe_id, recipe_name, basic_category, difficulty_level, short_description, portions, ethnic_cuisine, image, image_caption, total_calories) values (6, 'Honey Mustard Glazed Salmon', 'pastry', 5, 'Flavorful shrimp scampi with garlic butter', 5, 9, 'https://source.unsplash.com//200x200/?food/6', 'Creamy macaroni and cheese with breadcrumbs on top', 376);
insert into recipe (recipe_id, recipe_name, basic_category, difficulty_level, short_description, portions, ethnic_cuisine, image, image_caption, total_calories) values (7, 'Mango Salsa Chicken', 'pastry', 2, 'Hearty vegetable soup with crusty bread', 6, 11, 'https://source.unsplash.com//200x200/?food/7', 'Juicy steak cooked to perfection with a side of garlic mashed potatoes', 912);
insert into recipe (recipe_id, recipe_name, basic_category, difficulty_level, short_description, portions, ethnic_cuisine, image, image_caption, total_calories) values (8, 'Pesto Pasta with Cherry Tomatoes', 'pastry', 1, 'Zesty lemon chicken with roasted vegetables', 2, 20, 'https://source.unsplash.com//200x200/?food/8', 'Refreshing fruit salad with a variety of colorful fruits', 247);
insert into recipe (recipe_id, recipe_name, basic_category, difficulty_level, short_description, portions, ethnic_cuisine, image, image_caption, total_calories) values (9, 'Teriyaki Beef Stir-Fry', 'savory', 2, 'Creamy mushroom risotto with parmesan cheese', 8, 6, 'https://source.unsplash.com//200x200/?food/9', 'Flavorful sushi rolls with wasabi and soy sauce', 405);
insert into recipe (recipe_id, recipe_name, basic_category, difficulty_level, short_description, portions, ethnic_cuisine, image, image_caption, total_calories) values (10, 'Caprese Stuffed Chicken', 'savory', 2, 'Tangy BBQ ribs with coleslaw', 2, 5, 'https://source.unsplash.com//200x200/?food/10', 'Homemade lasagna with layers of pasta', 404);
insert into recipe (recipe_id, recipe_name, basic_category, difficulty_level, short_description, portions, ethnic_cuisine, image, image_caption, total_calories) values (11, 'Butternut Squash Soup', 'savory', 2, 'Sweet and sour pork with pineapple and bell peppers', 4, 10, 'https://source.unsplash.com//200x200/?food/11', 'cheese', 433);
insert into recipe (recipe_id, recipe_name, basic_category, difficulty_level, short_description, portions, ethnic_cuisine, image, image_caption, total_calories) values (12, 'Greek Salad with Grilled Chicken', 'savory', 1, 'Savory meatloaf with mashed potatoes', 9, 8, 'https://source.unsplash.com//200x200/?food/12', 'and marinara sauce', 560);
insert into recipe (recipe_id, recipe_name, basic_category, difficulty_level, short_description, portions, ethnic_cuisine, image, image_caption, total_calories) values (13, 'Cajun Jambalaya', 'pastry', 5, 'Crispy fish and chips with tartar sauce', 8, 6, 'https://source.unsplash.com//200x200/?food/13', 'Crispy fish and chips with tartar sauce', 544);
insert into recipe (recipe_id, recipe_name, basic_category, difficulty_level, short_description, portions, ethnic_cuisine, image, image_caption, total_calories) values (14, 'Pineapple Fried Rice', 'pastry', 4, 'Spicy curry chicken with basmati rice', 9, 2, 'https://source.unsplash.com//200x200/?food/14', 'Spicy chicken wings with ranch dressing and celery sticks', 323);
insert into recipe (recipe_id, recipe_name, basic_category, difficulty_level, short_description, portions, ethnic_cuisine, image, image_caption, total_calories) values (15, 'Beef and Broccoli Stir-Fry', 'pastry', 3, 'Homemade pizza with fresh toppings', 4, 17, 'https://source.unsplash.com//200x200/?food/15', 'Hearty beef stew with carrots and potatoes', 999);
insert into recipe (recipe_id, recipe_name, basic_category, difficulty_level, short_description, portions, ethnic_cuisine, image, image_caption, total_calories) values (16, 'Coconut Curry Chicken', 'pastry', 4, 'Creamy macaroni and cheese with breadcrumbs', 2, 4, 'https://source.unsplash.com//200x200/?food/16', 'Gourmet grilled cheese sandwich with tomato soup', 929);
insert into recipe (recipe_id, recipe_name, basic_category, difficulty_level, short_description, portions, ethnic_cuisine, image, image_caption, total_calories) values (17, 'Spinach and Feta Stuffed Chicken', 'pastry', 4, 'Tender pot roast with gravy and vegetables', 8, 8, 'https://source.unsplash.com//200x200/?food/17', 'Tasty tacos with seasoned ground beef and all the toppings', 886);
insert into recipe (recipe_id, recipe_name, basic_category, difficulty_level, short_description, portions, ethnic_cuisine, image, image_caption, total_calories) values (18, 'Lemon Herb Roasted Chicken', 'pastry', 3, 'Luscious strawberry shortcake with whipped cream', 8, 10, 'https://source.unsplash.com//200x200/?food/18', 'Savory meatloaf with ketchup glaze', 217);
insert into recipe (recipe_id, recipe_name, basic_category, difficulty_level, short_description, portions, ethnic_cuisine, image, image_caption, total_calories) values (19, 'Sweet and Sour Pork', 'pastry', 1, 'Satisfying beef and broccoli stir-fry', 6, 2, 'https://source.unsplash.com//200x200/?food/19', 'Buttery lobster tail with drawn butter', 951);
insert into recipe (recipe_id, recipe_name, basic_category, difficulty_level, short_description, portions, ethnic_cuisine, image, image_caption, total_calories) values (20, 'Mushroom and Spinach Quiche', 'savory', 4, 'Flaky salmon with dill sauce', 2, 8, 'https://source.unsplash.com//200x200/?food/20', 'Zesty shrimp scampi with garlic and lemon', 520);
insert into recipe (recipe_id, recipe_name, basic_category, difficulty_level, short_description, portions, ethnic_cuisine, image, image_caption, total_calories) values (21, 'Hawaiian BBQ Chicken', 'savory', 4, 'Comforting chicken pot pie with flaky crust', 7, 17, 'https://source.unsplash.com//200x200/?food/21', 'Creamy risotto with mushrooms and parmesan cheese', 941);
insert into recipe (recipe_id, recipe_name, basic_category, difficulty_level, short_description, portions, ethnic_cuisine, image, image_caption, total_calories) values (22, 'Pesto Zucchini Noodles', 'pastry', 4, 'Spicy buffalo wings with blue cheese dressing', 8, 5, 'https://source.unsplash.com//200x200/?food/22', 'Fluffy pancakes with maple syrup and a pat of butter', 783);
insert into recipe (recipe_id, recipe_name, basic_category, difficulty_level, short_description, portions, ethnic_cuisine, image, image_caption, total_calories) values (23, 'Sesame Ginger Tofu Stir-Fry', 'pastry', 1, 'Rich tiramisu with espresso and mascarpone', 8, 15, 'https://source.unsplash.com//200x200/?food/23', 'Succulent BBQ ribs with a side of coleslaw', 637);
insert into recipe (recipe_id, recipe_name, basic_category, difficulty_level, short_description, portions, ethnic_cuisine, image, image_caption, total_calories) values (24, 'Crispy Baked Parmesan Chicken', 'pastry', 3, 'Succulent grilled steak with chimichurri sauce', 9, 18, 'https://source.unsplash.com//200x200/?food/24', 'Crisp apple pie with a dollop of whipped cream', 16);
insert into recipe (recipe_id, recipe_name, basic_category, difficulty_level, short_description, portions, ethnic_cuisine, image, image_caption, total_calories) values (25, 'Black Bean and Corn Quesadillas', 'pastry', 4, 'Creamy chicken alfredo with fettuccine pasta', 2, 12, 'https://source.unsplash.com//200x200/?food/25', 'Satisfying chicken pot pie with a flaky crust', 960);
insert into recipe (recipe_id, recipe_name, basic_category, difficulty_level, short_description, portions, ethnic_cuisine, image, image_caption, total_calories) values (26, 'Garlic Butter Shrimp Scampi', 'pastry', 3, 'Fresh caprese salad with ripe tomatoes and mozzarella', 6, 19, 'https://source.unsplash.com//200x200/?food/26', 'Rich tiramisu with layers of espresso-soaked ladyfingers and mascarpone cheese', 431);
insert into recipe (recipe_id, recipe_name, basic_category, difficulty_level, short_description, portions, ethnic_cuisine, image, image_caption, total_calories) values (27, 'Tomato Basil Mozzarella Salad', 'savory', 2, 'Tasty teriyaki chicken with steamed rice', 10, 12, 'https://source.unsplash.com//200x200/?food/27', 'Spicy pad thai with peanuts and lime wedges', 73);
insert into recipe (recipe_id, recipe_name, basic_category, difficulty_level, short_description, portions, ethnic_cuisine, image, image_caption, total_calories) values (28, 'Orange Glazed Pork Chops', 'savory', 3, 'Buttery lobster tail with drawn butter', 6, 13, 'https://source.unsplash.com//200x200/?food/28', 'Gooey chocolate chip cookies fresh from the oven', 534);
insert into recipe (recipe_id, recipe_name, basic_category, difficulty_level, short_description, portions, ethnic_cuisine, image, image_caption, total_calories) values (29, 'Cilantro Lime Chicken Tacos', 'savory', 2, 'Crispy fried chicken with mashed potatoes and gravy', 2, 1, 'https://source.unsplash.com//200x200/?food/29', 'Tender pot roast with carrots and onions', 870);
insert into recipe (recipe_id, recipe_name, basic_category, difficulty_level, short_description, portions, ethnic_cuisine, image, image_caption, total_calories) values (30, 'Creamy Pesto Gnocchi', 'savory', 3, 'Savory shepherd''s pie with ground beef and mashed potatoes', 5, 8, 'https://source.unsplash.com//200x200/?food/30', 'Fruity smoothie with a blend of berries and banana', 1000);
insert into recipe (recipe_id, recipe_name, basic_category, difficulty_level, short_description, portions, ethnic_cuisine, image, image_caption, total_calories) values (31, 'Buffalo Chicken Wraps', 'pastry', 3, 'Zesty guacamole with tortilla chips', 4, 4, 'https://source.unsplash.com//200x200/?food/31', 'Creamy clam chowder with chunks of potatoes and tender clams', 174);
insert into recipe (recipe_id, recipe_name, basic_category, difficulty_level, short_description, portions, ethnic_cuisine, image, image_caption, total_calories) values (32, 'Lentil and Vegetable Soup', 'pastry', 2, 'Sweet apple pie with vanilla ice cream', 7, 12, 'https://source.unsplash.com//200x200/?food/32', 'Flaky croissant with ham and cheese', 923);
insert into recipe (recipe_id, recipe_name, basic_category, difficulty_level, short_description, portions, ethnic_cuisine, image, image_caption, total_calories) values (33, 'Honey Sriracha Glazed Salmon', 'savory', 1, 'Satisfying chili con carne with cornbread', 10, 20, 'https://source.unsplash.com//200x200/?food/33', 'Sweet and tangy lemon bars with powdered sugar on top', 133);
insert into recipe (recipe_id, recipe_name, basic_category, difficulty_level, short_description, portions, ethnic_cuisine, image, image_caption, total_calories) values (34, 'Mediterranean Quinoa Salad', 'savory', 3, 'Creamy clam chowder with oyster crackers', 1, 8, 'https://source.unsplash.com//200x200/?food/34', 'Crispy onion rings with a side of ketchup', 587);
insert into recipe (recipe_id, recipe_name, basic_category, difficulty_level, short_description, portions, ethnic_cuisine, image, image_caption, total_calories) values (35, 'Pumpkin Sage Risotto', 'savory', 5, 'Spicy jambalaya with andouille sausage and shrimp', 5, 10, 'https://source.unsplash.com//200x200/?food/35', 'Satisfying chili with beans and ground beef', 725);
insert into recipe (recipe_id, recipe_name, basic_category, difficulty_level, short_description, portions, ethnic_cuisine, image, image_caption, total_calories) values (36, 'Thai Peanut Noodles', 'savory', 2, 'Decadent red velvet cake with cream cheese frosting', 10, 1, 'https://source.unsplash.com//200x200/?food/36', 'Decadent cheesecake with a raspberry drizzle', 846);
insert into recipe (recipe_id, recipe_name, basic_category, difficulty_level, short_description, portions, ethnic_cuisine, image, image_caption, total_calories) values (37, 'Crispy Baked Tofu', 'pastry', 1, 'Tender beef brisket with BBQ sauce', 5, 9, 'https://source.unsplash.com//200x200/?food/37', 'Sizzling hot dog with mustard and relish', 184);
insert into recipe (recipe_id, recipe_name, basic_category, difficulty_level, short_description, portions, ethnic_cuisine, image, image_caption, total_calories) values (38, 'Apple Cider Glazed Pork Tenderloin', 'pastry', 3, 'Flavorful paella with saffron rice and seafood', 7, 14, 'https://source.unsplash.com//200x200/?food/38', 'Refreshing cucumber salad with dill dressing', 862);
insert into recipe (recipe_id, recipe_name, basic_category, difficulty_level, short_description, portions, ethnic_cuisine, image, image_caption, total_calories) values (39, 'Mushroom and Spinach Stuffed Peppers', 'pastry', 5, 'Hearty minestrone soup with beans and pasta', 10, 7, 'https://source.unsplash.com//200x200/?food/39', 'Flavorful paella with saffron-infused rice and seafood', 411);
insert into recipe (recipe_id, recipe_name, basic_category, difficulty_level, short_description, portions, ethnic_cuisine, image, image_caption, total_calories) values (40, 'Lemon Dill Salmon', 'pastry', 3, 'Refreshing watermelon salad with feta cheese and mint', 1, 19, 'https://source.unsplash.com//200x200/?food/40', 'Buttery garlic breadsticks with marinara dipping sauce', 140);
insert into recipe (recipe_id, recipe_name, basic_category, difficulty_level, short_description, portions, ethnic_cuisine, image, image_caption, total_calories) values (41, 'Cajun Shrimp and Sausage Skillet', 'pastry', 4, 'Savory stuffed peppers with ground turkey and rice', 6, 3, 'https://source.unsplash.com//200x200/?food/41', 'Savory quiche with spinach and feta cheese', 542);
insert into recipe (recipe_id, recipe_name, basic_category, difficulty_level, short_description, portions, ethnic_cuisine, image, image_caption, total_calories) values (42, 'Caprese Pasta Salad', 'savory', 5, 'Zesty lemon bars with powdered sugar', 10, 20, 'https://source.unsplash.com//200x200/?food/42', 'Spicy buffalo chicken dip with celery sticks and tortilla chips', 664);
insert into recipe (recipe_id, recipe_name, basic_category, difficulty_level, short_description, portions, ethnic_cuisine, image, image_caption, total_calories) values (43, 'Honey Garlic Chicken Stir-Fry', 'savory', 2, 'Creamy chicken tikka masala with naan bread', 7, 5, 'https://source.unsplash.com//200x200/?food/43', 'Hearty shepherd''s pie with ground lamb and mashed potatoes', 717);
insert into recipe (recipe_id, recipe_name, basic_category, difficulty_level, short_description, portions, ethnic_cuisine, image, image_caption, total_calories) values (44, 'Butternut Squash and Kale Salad', 'pastry', 4, 'Tangy key lime pie with graham cracker crust', 2, 1, 'https://source.unsplash.com//200x200/?food/44', 'Creamy panna cotta with a berry compote', 15);
insert into recipe (recipe_id, recipe_name, basic_category, difficulty_level, short_description, portions, ethnic_cuisine, image, image_caption, total_calories) values (45, 'Sesame Crusted Ahi Tuna', 'pastry', 5, 'Sweet cinnamon rolls with cream cheese icing', 5, 18, 'https://source.unsplash.com//200x200/?food/45', 'Crispy fried chicken with a side of mashed potatoes and gravy', 673);
insert into recipe (recipe_id, recipe_name, basic_category, difficulty_level, short_description, portions, ethnic_cuisine, image, image_caption, total_calories) values (46, 'Pineapple Teriyaki Chicken', 'pastry', 2, 'Satisfying lasagna with layers of pasta and cheese', 4, 15, 'https://source.unsplash.com//200x200/?food/46', 'Satisfying beef brisket with a smoky BBQ sauce', 521);
insert into recipe (recipe_id, recipe_name, basic_category, difficulty_level, short_description, portions, ethnic_cuisine, image, image_caption, total_calories) values (47, 'Creamy Tomato Basil Soup', 'pastry', 2, 'Flaky croissants with butter and jam', 6, 15, 'https://source.unsplash.com//200x200/?food/47', 'Flavorful falafel with tahini sauce and pita bread', 460);
insert into recipe (recipe_id, recipe_name, basic_category, difficulty_level, short_description, portions, ethnic_cuisine, image, image_caption, total_calories) values (48, 'Mango Coconut Curry Shrimp', 'savory', 5, 'Spicy kimchi fried rice with pork belly', 4, 20, 'https://source.unsplash.com//200x200/?food/48', 'Tasty eggplant parmesan with marinara sauce and melted mozzarella', 740);
insert into recipe (recipe_id, recipe_name, basic_category, difficulty_level, short_description, portions, ethnic_cuisine, image, image_caption, total_calories) values (49, 'Balsamic Glazed Chicken', 'savory', 1, 'Rich chocolate mousse with whipped cream', 3, 10, 'https://source.unsplash.com//200x200/?food/49', 'Savory stuffed peppers with ground beef and rice', 829);
insert into recipe (recipe_id, recipe_name, basic_category, difficulty_level, short_description, portions, ethnic_cuisine, image, image_caption, total_calories) values (50, 'Spinach and Ricotta Stuffed Shells', 'pastry', 5, 'Succulent roast duck with orange glaze', 6, 17, 'https://source.unsplash.com//200x200/?food/50', 'Refreshing watermelon salad with feta cheese and mint', 17);
insert into recipe (recipe_id, recipe_name, basic_category, difficulty_level, short_description, portions, ethnic_cuisine, image, image_caption, total_calories) values (51, 'Lemon Pepper Grilled Chicken', 'pastry', 3, 'Creamy potato leek soup with crispy bacon', 7, 15, 'https://source.unsplash.com//200x200/?food/51', 'Decadent red velvet cake with cream cheese frosting', 965);
insert into recipe (recipe_id, recipe_name, basic_category, difficulty_level, short_description, portions, ethnic_cuisine, image, image_caption, total_calories) values (52, 'Sweet Potato Black Bean Enchiladas', 'pastry', 4, 'Fresh strawberry rhubarb pie with lattice crust', 7, 4, 'https://source.unsplash.com//200x200/?food/52', 'Spicy kimchi fried rice with a fried egg on top', 231);
insert into recipe (recipe_id, recipe_name, basic_category, difficulty_level, short_description, portions, ethnic_cuisine, image, image_caption, total_calories) values (53, 'Garlic Herb Roasted Pork Loin', 'savory', 3, 'Tasty beef tacos with salsa and guacamole', 6, 19, 'https://source.unsplash.com//200x200/?food/53', 'Gourmet lobster bisque with a drizzle of sherry', 802);
insert into recipe (recipe_id, recipe_name, basic_category, difficulty_level, short_description, portions, ethnic_cuisine, image, image_caption, total_calories) values (54, 'Crispy Baked Cod', 'pastry', 4, 'Buttery garlic bread with herbs', 6, 9, 'https://source.unsplash.com//200x200/?food/54', 'Buttery garlic shrimp scampi over a bed of pasta', 214);
insert into recipe (recipe_id, recipe_name, basic_category, difficulty_level, short_description, portions, ethnic_cuisine, image, image_caption, total_calories) values (55, 'Pesto Chicken Panini', 'pastry', 4, 'Crispy onion rings with spicy dipping sauce', 6, 9, 'https://source.unsplash.com//200x200/?food/55', 'Satisfying beef stroganoff with egg noodles', 348);
insert into recipe (recipe_id, recipe_name, basic_category, difficulty_level, short_description, portions, ethnic_cuisine, image, image_caption, total_calories) values (56, 'Teriyaki Vegetable Stir-Fry', 'pastry', 1, 'Savory ratatouille with eggplant and zucchini', 10, 9, 'https://source.unsplash.com//200x200/?food/56', 'Flavorful ratatouille with a medley of vegetables', 856);
insert into recipe (recipe_id, recipe_name, basic_category, difficulty_level, short_description, portions, ethnic_cuisine, image, image_caption, total_calories) values (57, 'Cajun Chicken Alfredo', 'savory', 3, 'Zesty shrimp scampi with linguine pasta', 10, 20, 'https://source.unsplash.com//200x200/?food/57', 'Tasty chicken and waffles with maple syrup', 762);
insert into recipe (recipe_id, recipe_name, basic_category, difficulty_level, short_description, portions, ethnic_cuisine, image, image_caption, total_calories) values (58, 'Mushroom and Spinach Stuffed Chicken', 'savory', 4, 'Sweet peach cobbler with vanilla ice cream', 5, 15, 'https://source.unsplash.com//200x200/?food/58', 'Savory beef bourguignon with red wine sauce', 536);
insert into recipe (recipe_id, recipe_name, basic_category, difficulty_level, short_description, portions, ethnic_cuisine, image, image_caption, total_calories) values (59, 'Lemon Garlic Roasted Shrimp', 'savory', 4, 'Satisfying beef bourguignon with red wine sauce', 1, 13, 'https://source.unsplash.com//200x200/?food/59', 'Refreshing gazpacho with a drizzle of olive oil', 861);
insert into recipe (recipe_id, recipe_name, basic_category, difficulty_level, short_description, portions, ethnic_cuisine, image, image_caption, total_calories) values (60, 'Honey Mustard Glazed Pork Chops', 'savory', 1, 'Flavorful falafel with tahini sauce', 8, 12, 'https://source.unsplash.com//200x200/?food/60', 'Decadent tiramisu with a dusting of cocoa powder', 279);
insert into recipe (recipe_id, recipe_name, basic_category, difficulty_level, short_description, portions, ethnic_cuisine, image, image_caption, total_calories) values (61, 'Mediterranean Chickpea Salad', 'pastry', 5, 'Hearty beef stroganoff with egg noodles', 10, 13, 'https://source.unsplash.com//200x200/?food/61', 'Spicy jambalaya with andouille sausage and shrimp', 179);
insert into recipe (recipe_id, recipe_name, basic_category, difficulty_level, short_description, portions, ethnic_cuisine, image, image_caption, total_calories) values (62, 'Pumpkin Sage Gnocchi', 'pastry', 2, 'Refreshing gazpacho with diced vegetables', 4, 15, 'https://source.unsplash.com//200x200/?food/62', 'Hearty chicken noodle soup with carrots and celery', 45);
insert into recipe (recipe_id, recipe_name, basic_category, difficulty_level, short_description, portions, ethnic_cuisine, image, image_caption, total_calories) values (63, 'Thai Basil Beef Stir-Fry', 'pastry', 5, 'Savory chicken marsala with mushrooms', 2, 7, 'https://source.unsplash.com//200x200/?food/63', 'Creamy mushroom risotto with parmesan cheese', 366);
insert into recipe (recipe_id, recipe_name, basic_category, difficulty_level, short_description, portions, ethnic_cuisine, image, image_caption, total_calories) values (64, 'Crispy Baked Coconut Shrimp', 'pastry', 1, 'Zesty lemon pepper chicken with roasted potatoes', 9, 10, 'https://source.unsplash.com//200x200/?food/64', 'Crispy fried calamari with a squeeze of lemon', 900);
insert into recipe (recipe_id, recipe_name, basic_category, difficulty_level, short_description, portions, ethnic_cuisine, image, image_caption, total_calories) values (65, 'Apple Cider Glazed Chicken', 'savory', 2, 'Creamy coconut curry with tofu and vegetables', 9, 5, 'https://source.unsplash.com//200x200/?food/65', 'Satisfying beef and broccoli stir-fry with a savory sauce', 644);
insert into recipe (recipe_id, recipe_name, basic_category, difficulty_level, short_description, portions, ethnic_cuisine, image, image_caption, total_calories) values (66, 'Mushroom and Spinach Stuffed Mushrooms', 'savory', 2, 'Tangy balsamic glazed salmon with asparagus', 6, 19, 'https://source.unsplash.com//200x200/?food/66', 'Flavorful shrimp tacos with avocado and cilantro', 380);
insert into recipe (recipe_id, recipe_name, basic_category, difficulty_level, short_description, portions, ethnic_cuisine, image, image_caption, total_calories) values (67, 'Lemon Dill Grilled Salmon', 'pastry', 5, 'Sweet pecan pie with whipped cream', 1, 13, 'https://source.unsplash.com//200x200/?food/67', 'Tasty chicken alfredo with fettuccine pasta', 116);
insert into recipe (recipe_id, recipe_name, basic_category, difficulty_level, short_description, portions, ethnic_cuisine, image, image_caption, total_calories) values (68, 'Cajun Shrimp and Sausage Pasta', 'savory', 1, 'Satisfying eggplant parmesan with marinara sauce', 1, 19, 'https://source.unsplash.com//200x200/?food/68', 'Savory beef empanadas with a side of salsa', 519);
insert into recipe (recipe_id, recipe_name, basic_category, difficulty_level, short_description, portions, ethnic_cuisine, image, image_caption, total_calories) values (69, 'Caprese Stuffed Portobello Mushrooms', 'savory', 2, 'Flaky spanakopita with spinach and feta cheese', 6, 8, 'https://source.unsplash.com//200x200/?food/69', 'Refreshing caprese salad with ripe tomatoes and fresh mozzarella', 494);
insert into recipe (recipe_id, recipe_name, basic_category, difficulty_level, short_description, portions, ethnic_cuisine, image, image_caption, total_calories) values (70, 'Honey Garlic Pork Stir-Fry', 'savory', 3, 'Spicy jerk chicken with rice and peas', 2, 19, 'https://source.unsplash.com//200x200/?food/70', 'Decadent molten lava cake with a scoop of vanilla ice cream', 95);
insert into recipe (recipe_id, recipe_name, basic_category, difficulty_level, short_description, portions, ethnic_cuisine, image, image_caption, total_calories) values (71, 'Butternut Squash and Kale Soup', 'savory', 4, 'Rich tiramisu with ladyfingers and coffee liqueur', 10, 3, 'https://source.unsplash.com//200x200/?food/71', 'Spicy chicken curry with basmati rice', 858);
insert into recipe (recipe_id, recipe_name, basic_category, difficulty_level, short_description, portions, ethnic_cuisine, image, image_caption, total_calories) values (72, 'Sesame Crusted Salmon', 'pastry', 4, 'Succulent pork tenderloin with apple chutney', 10, 12, 'https://source.unsplash.com//200x200/?food/72', 'Gourmet beef wellington with a flaky pastry crust', 750);
insert into recipe (recipe_id, recipe_name, basic_category, difficulty_level, short_description, portions, ethnic_cuisine, image, image_caption, total_calories) values (73, 'Pineapple Teriyaki Pork', 'savory', 3, 'Creamy lobster bisque with sherry', 7, 11, 'https://source.unsplash.com//200x200/?food/73', 'Buttery lobster mac and cheese with breadcrumbs on top', 868);
insert into recipe (recipe_id, recipe_name, basic_category, difficulty_level, short_description, portions, ethnic_cuisine, image, image_caption, total_calories) values (74, 'Creamy Tomato Basil Gnocchi', 'pastry', 1, 'Fresh mango salsa with cilantro and lime', 1, 6, 'https://source.unsplash.com//200x200/?food/74', 'Satisfying chicken marsala with mushrooms and a rich sauce', 190);
insert into recipe (recipe_id, recipe_name, basic_category, difficulty_level, short_description, portions, ethnic_cuisine, image, image_caption, total_calories) values (75, 'Mango Coconut Curry Chicken', 'pastry', 3, 'Tasty chicken enchiladas with sour cream', 5, 5, 'https://source.unsplash.com//200x200/?food/75', 'Flavorful pork carnitas with cilantro and lime', 884);
insert into recipe (recipe_id, recipe_name, basic_category, difficulty_level, short_description, portions, ethnic_cuisine, image, image_caption, total_calories) values (76, 'Balsamic Glazed Salmon', 'savory', 1, 'Buttery pecan pralines with caramel', 8, 7, 'https://source.unsplash.com//200x200/?food/76', 'Tasty shrimp and grits with a spicy creole sauce', 685);
insert into recipe (recipe_id, recipe_name, basic_category, difficulty_level, short_description, portions, ethnic_cuisine, image, image_caption, total_calories) values (77, 'Spinach and Ricotta Stuffed Peppers', 'pastry', 3, 'Crispy falafel with tzatziki sauce', 6, 12, 'https://source.unsplash.com//200x200/?food/77', 'Savory beef pho with rice noodles and fresh herbs', 827);
insert into recipe (recipe_id, recipe_name, basic_category, difficulty_level, short_description, portions, ethnic_cuisine, image, image_caption, total_calories) values (78, 'Lemon Pepper Grilled Shrimp', 'pastry', 2, 'Savory beef wellington with mushroom duxelles', 2, 5, 'https://source.unsplash.com//200x200/?food/78', 'Refreshing strawberry shortcake with whipped cream', 172);
insert into recipe (recipe_id, recipe_name, basic_category, difficulty_level, short_description, portions, ethnic_cuisine, image, image_caption, total_calories) values (79, 'Sweet Potato Black Bean Tacos', 'pastry', 2, 'Zesty lemon sorbet with fresh berries', 1, 10, 'https://source.unsplash.com//200x200/?food/79', 'Decadent chocolate mousse with a dollop of whipped cream', 73);
insert into recipe (recipe_id, recipe_name, basic_category, difficulty_level, short_description, portions, ethnic_cuisine, image, image_caption, total_calories) values (80, 'Garlic Herb Roasted Chicken', 'pastry', 5, 'Sweet baklava with honey and nuts', 9, 4, 'https://source.unsplash.com//200x200/?food/80', 'Spicy jerk chicken with rice and peas', 193);
insert into recipe (recipe_id, recipe_name, basic_category, difficulty_level, short_description, portions, ethnic_cuisine, image, image_caption, total_calories) values (81, 'Crispy Baked Tilapia', 'pastry', 5, 'Satisfying pad thai with shrimp and tofu', 8, 13, 'https://source.unsplash.com//200x200/?food/81', 'Hearty beef enchiladas with a drizzle of sour cream', 390);
insert into recipe (recipe_id, recipe_name, basic_category, difficulty_level, short_description, portions, ethnic_cuisine, image, image_caption, total_calories) values (82, 'Pesto Chicken Salad', 'pastry', 2, 'Flavorful chicken korma with basmati rice', 6, 1, 'https://source.unsplash.com//200x200/?food/82', 'Creamy chicken tikka masala with naan bread', 201);
insert into recipe (recipe_id, recipe_name, basic_category, difficulty_level, short_description, portions, ethnic_cuisine, image, image_caption, total_calories) values (83, 'Teriyaki Vegetable Stir-Fry', 'savory', 2, 'Hearty beef goulash with paprika', 4, 3, 'https://source.unsplash.com//200x200/?food/83', 'Crispy fish tacos with cabbage slaw and chipotle mayo', 626);
insert into recipe (recipe_id, recipe_name, basic_category, difficulty_level, short_description, portions, ethnic_cuisine, image, image_caption, total_calories) values (84, 'Cajun Chicken Pasta', 'pastry', 1, 'Refreshing cucumber gazpacho with mint', 10, 13, 'https://source.unsplash.com//200x200/?food/84', 'Satisfying vegetable curry with chickpeas and spinach', 398);
insert into recipe (recipe_id, recipe_name, basic_category, difficulty_level, short_description, portions, ethnic_cuisine, image, image_caption, total_calories) values (85, 'Mushroom and Spinach Stuffed Pork', 'savory', 5, 'Savory mushroom bourguignon with red wine', 7, 15, 'https://source.unsplash.com//200x200/?food/85', 'Flavorful beef bulgogi with steamed rice', 247);
insert into recipe (recipe_id, recipe_name, basic_category, difficulty_level, short_description, portions, ethnic_cuisine, image, image_caption, total_calories) values (86, 'Lemon Garlic Roasted Salmon', 'savory', 4, 'Zesty orange chicken with jasmine rice', 2, 10, 'https://source.unsplash.com//200x200/?food/86', 'Tasty chicken shawarma with tahini sauce and pickles', 723);
insert into recipe (recipe_id, recipe_name, basic_category, difficulty_level, short_description, portions, ethnic_cuisine, image, image_caption, total_calories) values (87, 'Honey Mustard Glazed Chicken', 'pastry', 4, 'Creamy butternut squash soup with sage', 9, 18, 'https://source.unsplash.com//200x200/?food/87', 'Savory pork belly bao buns with hoisin sauce', 501);
insert into recipe (recipe_id, recipe_name, basic_category, difficulty_level, short_description, portions, ethnic_cuisine, image, image_caption, total_calories) values (88, 'Mediterranean Chickpea Pasta', 'pastry', 5, 'Tangy raspberry cheesecake with graham cracker crust', 3, 18, 'https://source.unsplash.com//200x200/?food/88', 'Refreshing cucumber gazpacho with a sprinkle of dill', 698);
insert into recipe (recipe_id, recipe_name, basic_category, difficulty_level, short_description, portions, ethnic_cuisine, image, image_caption, total_calories) values (89, 'Pumpkin Sage Risotto', 'savory', 4, 'Sweet caramel apple pie with streusel topping', 2, 7, 'https://source.unsplash.com//200x200/?food/89', 'Decadent tiramisu cheesecake with a coffee-infused crust', 815);
insert into recipe (recipe_id, recipe_name, basic_category, difficulty_level, short_description, portions, ethnic_cuisine, image, image_caption, total_calories) values (90, 'Thai Basil Beef Stir-Fry', 'pastry', 2, 'Satisfying chicken and dumplings with vegetables', 7, 17, 'https://source.unsplash.com//200x200/?food/90', 'Spicy buffalo cauliflower bites with ranch dressing', 302);
insert into recipe (recipe_id, recipe_name, basic_category, difficulty_level, short_description, portions, ethnic_cuisine, image, image_caption, total_calories) values (91, 'Crispy Baked Coconut Chicken', 'savory', 1, 'Flaky salmon cakes with remoulade sauce', 8, 19, 'https://source.unsplash.com//200x200/?food/91', 'Gourmet truffle risotto with parmesan cheese', 421);
insert into recipe (recipe_id, recipe_name, basic_category, difficulty_level, short_description, portions, ethnic_cuisine, image, image_caption, total_calories) values (92, 'Apple Cider Glazed Pork', 'savory', 5, 'Spicy chorizo and potato tacos with salsa verde', 9, 18, 'https://source.unsplash.com//200x200/?food/92', 'Buttery lobster bisque with a hint of brandy', 239);
insert into recipe (recipe_id, recipe_name, basic_category, difficulty_level, short_description, portions, ethnic_cuisine, image, image_caption, total_calories) values (93, 'Mushroom and Spinach Stuffed Peas', 'pastry', 2, 'Delicious pasta with creamy sauce', 9, 10, 'https://source.unsplash.com//200x200/?food/93', 'Satisfying beef tenderloin with a red wine reduction', 725);
insert into recipe (recipe_id, recipe_name, basic_category, difficulty_level, short_description, portions, ethnic_cuisine, image, image_caption, total_calories) values (94, 'Lemon Dill Grilled Shrimp', 'pastry', 2, 'Spicy chicken tacos with avocado salsa', 5, 20, 'https://source.unsplash.com//200x200/?food/94', 'Flavorful chicken piccata with capers and lemon', 856);
insert into recipe (recipe_id, recipe_name, basic_category, difficulty_level, short_description, portions, ethnic_cuisine, image, image_caption, total_calories) values (95, 'Cajun Shrimp and Sausage Risotto', 'pastry', 3, 'Refreshing cucumber salad with lemon dressing', 10, 5, 'https://source.unsplash.com//200x200/?food/95', 'Tasty shrimp scampi linguine with garlic bread', 670);
insert into recipe (recipe_id, recipe_name, basic_category, difficulty_level, short_description, portions, ethnic_cuisine, image, image_caption, total_calories) values (96, 'Caprese Stuffed Portobello Peppers', 'pastry', 1, 'Savory beef stew with carrots and potatoes', 7, 7, 'https://source.unsplash.com//200x200/?food/96', 'Savory mushroom bourguignon with pearl onions', 720);
insert into recipe (recipe_id, recipe_name, basic_category, difficulty_level, short_description, portions, ethnic_cuisine, image, image_caption, total_calories) values (97, 'Honey Garlic Pork Pasta', 'pastry', 5, 'Decadent chocolate cake with raspberry sauce', 5, 16, 'https://source.unsplash.com//200x200/?food/97', 'Refreshing watermelon gazpacho with a drizzle of olive oil', 689);
insert into recipe (recipe_id, recipe_name, basic_category, difficulty_level, short_description, portions, ethnic_cuisine, image, image_caption, total_calories) values (98, 'Butternut Squash and Kale Salad', 'savory', 3, 'Flavorful shrimp scampi with garlic butter', 9, 20, 'https://source.unsplash.com//200x200/?food/98', 'Decadent chocolate lava cake with a scoop of vanilla ice cream', 585);
insert into recipe (recipe_id, recipe_name, basic_category, difficulty_level, short_description, portions, ethnic_cuisine, image, image_caption, total_calories) values (99, 'Sesame Crusted Salmon', 'savory', 5, 'Hearty vegetable soup with crusty bread', 5, 6, 'https://source.unsplash.com//200x200/?food/99', 'Delicious pizza with pepperoni and cheese', 774);
insert into recipe (recipe_id, recipe_name, basic_category, difficulty_level, short_description, portions, ethnic_cuisine, image, image_caption, total_calories) values (100, 'Pineapple Teriyaki Pork', 'pastry', 5, 'Zesty lemon chicken with roasted vegetables', 3, 16, 'https://source.unsplash.com//200x200/?food/100', 'Fresh salad with mixed greens and balsamic dressing', 536);


insert into tips_for_recipe (tip_id, recipe, tip_description) values (1, 49, 'Use fresh ingredients for better flavor');
insert into tips_for_recipe (tip_id, recipe, tip_description) values (2, 79, 'Season your food generously with salt and pepper');
insert into tips_for_recipe (tip_id, recipe, tip_description) values (3, 17, 'Don''t overcrowd the pan when cooking to ensure even cooking');
insert into tips_for_recipe (tip_id, recipe, tip_description) values (4, 30, 'Taste as you go and adjust seasoning as needed');
insert into tips_for_recipe (tip_id, recipe, tip_description) values (5, 45, 'Let meat rest after cooking to allow juices to redistribute');
insert into tips_for_recipe (tip_id, recipe, tip_description) values (6, 79, 'Invest in good quality knives for easier and safer food preparation');
insert into tips_for_recipe (tip_id, recipe, tip_description) values (7, 65, 'Experiment with different herbs and spices to enhance flavors');
insert into tips_for_recipe (tip_id, recipe, tip_description) values (8, 16, 'Prep all ingredients before starting to cook for a smoother process');
insert into tips_for_recipe (tip_id, recipe, tip_description) values (9, 22, 'Clean as you go to avoid a big mess at the end');
insert into tips_for_recipe (tip_id, recipe, tip_description) values (10, 86, 'Don''t be afraid to try new recipes and techniques');
insert into tips_for_recipe (tip_id, recipe, tip_description) values (11, 54, 'Keep a well-stocked pantry for easy meal preparation');
insert into tips_for_recipe (tip_id, recipe, tip_description) values (12, 16, 'Follow recipes closely');
insert into tips_for_recipe (tip_id, recipe, tip_description) values (13, 60, 'especially when baking');
insert into tips_for_recipe (tip_id, recipe, tip_description) values (14, 3, 'Use a meat thermometer to ensure meat is cooked to the correct temperature');
insert into tips_for_recipe (tip_id, recipe, tip_description) values (15, 85, 'Practice proper knife skills to improve efficiency in the kitchen');
insert into tips_for_recipe (tip_id, recipe, tip_description) values (16, 58, 'Use a timer to prevent overcooking or burning food');
insert into tips_for_recipe (tip_id, recipe, tip_description) values (17, 13, 'Don''t be discouraged by failures');
insert into tips_for_recipe (tip_id, recipe, tip_description) values (18, 60, 'learn from them and keep trying');
insert into tips_for_recipe (tip_id, recipe, tip_description) values (19, 1, 'Invest in a good quality cookware set for better cooking results');
insert into tips_for_recipe (tip_id, recipe, tip_description) values (20, 38, 'Use fresh herbs whenever possible for added flavor');
insert into tips_for_recipe (tip_id, recipe, tip_description) values (21, 94, 'Keep a kitchen journal to track your favorite recipes and cooking tips');
insert into tips_for_recipe (tip_id, recipe, tip_description) values (22, 24, 'Don''t be afraid to ask for help or advice from more experienced cooks');
insert into tips_for_recipe (tip_id, recipe, tip_description) values (23, 51, 'Clean and maintain your kitchen tools regularly for longevity');
insert into tips_for_recipe (tip_id, recipe, tip_description) values (24, 13, 'Experiment with different cooking methods like grilling');
insert into tips_for_recipe (tip_id, recipe, tip_description) values (25, 50, 'roasting');
insert into tips_for_recipe (tip_id, recipe, tip_description) values (26, 62, 'and sautéing');
insert into tips_for_recipe (tip_id, recipe, tip_description) values (27, 23, 'Use a kitchen scale for more accurate measurements in baking');
insert into tips_for_recipe (tip_id, recipe, tip_description) values (28, 47, 'Learn to properly season and care for cast iron cookware');
insert into tips_for_recipe (tip_id, recipe, tip_description) values (29, 99, 'Try meal prepping to save time during the week');
insert into tips_for_recipe (tip_id, recipe, tip_description) values (30, 28, 'Use a food processor or blender for easier food preparation');
insert into tips_for_recipe (tip_id, recipe, tip_description) values (31, 57, 'Invest in a good quality cutting board to protect your knives');
insert into tips_for_recipe (tip_id, recipe, tip_description) values (32, 64, 'Learn how to properly sharpen and hone your knives for better performance');
insert into tips_for_recipe (tip_id, recipe, tip_description) values (33, 26, 'Use a kitchen timer to keep track of cooking times');
insert into tips_for_recipe (tip_id, recipe, tip_description) values (34, 9, 'Practice mise en place to stay organized while cooking');
insert into tips_for_recipe (tip_id, recipe, tip_description) values (35, 9, 'Don''t be afraid to get creative and make substitutions in recipes');
insert into tips_for_recipe (tip_id, recipe, tip_description) values (36, 36, 'Use a meat mallet to tenderize tougher cuts of meat');
insert into tips_for_recipe (tip_id, recipe, tip_description) values (37, 87, 'Learn how to properly cook different types of grains like rice and quinoa');
insert into tips_for_recipe (tip_id, recipe, tip_description) values (38, 87, 'Use a thermometer to check the temperature of your oven for accurate baking');
insert into tips_for_recipe (tip_id, recipe, tip_description) values (39, 43, 'Try different cooking oils for different flavors and cooking methods');
insert into tips_for_recipe (tip_id, recipe, tip_description) values (40, 15, 'Invest in a good quality set of measuring cups and spoons for accurate measurements');
insert into tips_for_recipe (tip_id, recipe, tip_description) values (41, 45, 'Learn how to properly cook different types of pasta for perfect al dente results');
insert into tips_for_recipe (tip_id, recipe, tip_description) values (42, 71, 'Use a colander to drain pasta and vegetables efficiently');
insert into tips_for_recipe (tip_id, recipe, tip_description) values (43, 75, 'Try different cooking techniques like braising');
insert into tips_for_recipe (tip_id, recipe, tip_description) values (44, 65, 'poaching');
insert into tips_for_recipe (tip_id, recipe, tip_description) values (45, 42, 'and steaming');
insert into tips_for_recipe (tip_id, recipe, tip_description) values (46, 46, 'Use a kitchen torch for caramelizing sugar and finishing dishes');
insert into tips_for_recipe (tip_id, recipe, tip_description) values (47, 26, 'Learn how to properly season and care for a cast iron skillet');
insert into tips_for_recipe (tip_id, recipe, tip_description) values (48, 56, 'Use a mandoline slicer for uniform and thin slices of fruits and vegetables');
insert into tips_for_recipe (tip_id, recipe, tip_description) values (49, 44, 'Invest in a good quality blender for smoothies and sauces');
insert into tips_for_recipe (tip_id, recipe, tip_description) values (50, 95, 'Try different types of salt like sea salt or Himalayan salt for different flavors');
insert into tips_for_recipe (tip_id, recipe, tip_description) values (51, 24, 'Use a pastry brush for applying glazes and sauces to baked goods');
insert into tips_for_recipe (tip_id, recipe, tip_description) values (52, 46, 'Learn how to properly cook different types of seafood like fish and shrimp');
insert into tips_for_recipe (tip_id, recipe, tip_description) values (53, 5, 'Use a microplane grater for finely grating ingredients like citrus zest and garlic');
insert into tips_for_recipe (tip_id, recipe, tip_description) values (54, 40, 'Invest in a good quality set of mixing bowls for food preparation');
insert into tips_for_recipe (tip_id, recipe, tip_description) values (55, 17, 'Try different types of vinegar like balsamic or apple cider vinegar for different flavors');
insert into tips_for_recipe (tip_id, recipe, tip_description) values (56, 26, 'Use a kitchen scale for precise measurements in baking');
insert into tips_for_recipe (tip_id, recipe, tip_description) values (57, 69, 'Learn how to properly cook different types of beans and legumes for optimal texture');
insert into tips_for_recipe (tip_id, recipe, tip_description) values (58, 62, 'Use a food processor for making homemade dips and spreads');
insert into tips_for_recipe (tip_id, recipe, tip_description) values (59, 78, 'Invest in a good quality set of kitchen shears for cutting herbs and opening packages');
insert into tips_for_recipe (tip_id, recipe, tip_description) values (60, 82, 'Try different types of sweeteners like honey or maple syrup for different flavors');
insert into tips_for_recipe (tip_id, recipe, tip_description) values (61, 34, 'Use a pastry bag for decorating cakes and pastries with precision');
insert into tips_for_recipe (tip_id, recipe, tip_description) values (62, 36, 'Learn how to properly cook different types of grains like quinoa and farro for optimal texture');
insert into tips_for_recipe (tip_id, recipe, tip_description) values (63, 7, 'Use a kitchen torch for caramelizing sugar on desserts');
insert into tips_for_recipe (tip_id, recipe, tip_description) values (64, 94, 'Invest in a good quality set of silicone spatulas for scraping bowls and pans');
insert into tips_for_recipe (tip_id, recipe, tip_description) values (65, 94, 'Try different types of flour like whole wheat or almond flour for different textures');
insert into tips_for_recipe (tip_id, recipe, tip_description) values (66, 12, 'Use a kitchen thermometer for checking the temperature of meats and baked goods');
insert into tips_for_recipe (tip_id, recipe, tip_description) values (67, 33, 'Learn how to properly cook different types of vegetables like broccoli and Brussels sprouts');
insert into tips_for_recipe (tip_id, recipe, tip_description) values (68, 32, 'Use a microplane grater for finely grating ingredients like nutmeg and ginger');
insert into tips_for_recipe (tip_id, recipe, tip_description) values (69, 9, 'Invest in a good quality set of kitchen tongs for flipping and serving food');
insert into tips_for_recipe (tip_id, recipe, tip_description) values (70, 89, 'Try different types of herbs and spices like cumin or coriander for different flavors');
insert into tips_for_recipe (tip_id, recipe, tip_description) values (71, 30, 'Use a kitchen timer for keeping track of cooking times and preventing overcooking');
insert into tips_for_recipe (tip_id, recipe, tip_description) values (72, 34, 'Learn how to properly cook different types of pasta like spaghetti and penne for perfect al dente results');
insert into tips_for_recipe (tip_id, recipe, tip_description) values (73, 48, 'Use a colander for draining pasta and vegetables quickly and efficiently');
insert into tips_for_recipe (tip_id, recipe, tip_description) values (74, 65, 'Invest in a good quality set of kitchen knives for precise and efficient cutting');
insert into tips_for_recipe (tip_id, recipe, tip_description) values (75, 1, 'Try different types of cooking oils like olive oil or coconut oil for different flavors');
insert into tips_for_recipe (tip_id, recipe, tip_description) values (76, 86, 'Use a pastry brush for applying glazes and sauces to baked goods with precision');
insert into tips_for_recipe (tip_id, recipe, tip_description) values (77, 41, 'Learn how to properly cook different types of seafood like salmon and scallops for optimal texture');
insert into tips_for_recipe (tip_id, recipe, tip_description) values (78, 85, 'Use a microplane grater for finely grating ingredients like Parmesan cheese and lemon zest');
insert into tips_for_recipe (tip_id, recipe, tip_description) values (79, 72, 'Invest in a good quality set of mixing bowls for food preparation and storage');
insert into tips_for_recipe (tip_id, recipe, tip_description) values (80, 46, 'Try different types of vinegar like red wine or rice vinegar for different flavors');
insert into tips_for_recipe (tip_id, recipe, tip_description) values (81, 88, 'Use a kitchen scale for accurate measurements in baking and cooking');
insert into tips_for_recipe (tip_id, recipe, tip_description) values (82, 35, 'Learn how to properly cook different types of beans and legumes like chickpeas and lentils for optimal texture');
insert into tips_for_recipe (tip_id, recipe, tip_description) values (83, 87, 'Use a food processor for making homemade sauces and dips with ease');
insert into tips_for_recipe (tip_id, recipe, tip_description) values (84, 96, 'Invest in a good quality set of kitchen shears for cutting herbs and opening packages with precision');
insert into tips_for_recipe (tip_id, recipe, tip_description) values (85, 34, 'Try different types of sweeteners like agave nectar or molasses for different flavors');
insert into tips_for_recipe (tip_id, recipe, tip_description) values (86, 84, 'Use a pastry bag for decorating cakes and pastries with intricate designs');
insert into tips_for_recipe (tip_id, recipe, tip_description) values (87, 54, 'Learn how to properly cook different types of grains like bulgur and millet for optimal texture and flavor');
insert into tips_for_recipe (tip_id, recipe, tip_description) values (88, 22, 'Use a kitchen torch for caramelizing sugar on crème brûlée and other desserts');
insert into tips_for_recipe (tip_id, recipe, tip_description) values (89, 64, 'Invest in a good quality set of silicone spatulas for scraping bowls and pans clean');
insert into tips_for_recipe (tip_id, recipe, tip_description) values (90, 78, 'Try different types of flour like spelt or teff for gluten-free baking');
insert into tips_for_recipe (tip_id, recipe, tip_description) values (91, 86, 'Use a kitchen thermometer for checking the temperature of meats and baked goods for perfect results');
insert into tips_for_recipe (tip_id, recipe, tip_description) values (93, 38, 'Use a microplane grater for finely grating ingredients like chocolate and citrus zest for added flavor');
insert into tips_for_recipe (tip_id, recipe, tip_description) values (94, 27, 'Invest in a good quality set of kitchen tongs for flipping and serving food with ease');
insert into tips_for_recipe (tip_id, recipe, tip_description) values (95, 22, 'Try different types of herbs and spices like turmeric or paprika for unique flavors in your dishes');
insert into tips_for_recipe (tip_id, recipe, tip_description) values (96, 89, 'Use a kitchen timer for keeping track of cooking times and preventing overcooking or burning');
insert into tips_for_recipe (tip_id, recipe, tip_description) values (97, 2, 'Learn how to properly cook different types of pasta like fettuccine and rigatoni for perfect al dente results');
insert into tips_for_recipe (tip_id, recipe, tip_description) values (98, 20, 'Use a colander for draining pasta and vegetables quickly and efficiently without making a mess');
insert into tips_for_recipe (tip_id, recipe, tip_description) values (100, 2, 'Try different types of cooking oils like sesame oil or avocado oil for different flavors and cooking methods');


insert into food_group (food_group_id, name_of_group, description_of_group, image, image_caption) values (1, 'Seasonings and essential oils', 'fruits', 'https://source.unsplash.com//200x200/?fruits', 'fruits');
insert into food_group (food_group_id, name_of_group, description_of_group, image, image_caption) values (2, 'Coffee tea and their products', 'vegetables', 'https://source.unsplash.com//200x200/?vegetables', 'vegetables');
insert into food_group (food_group_id, name_of_group, description_of_group, image, image_caption) values (3, 'Preserved foods', 'grains', 'https://source.unsplash.com//200x200/?dairy', 'dairy');
insert into food_group (food_group_id, name_of_group, description_of_group, image, image_caption) values (4, 'Sweeteners', 'dairy', 'https://source.unsplash.com//200x200/?meat', 'grains');
insert into food_group (food_group_id, name_of_group, description_of_group, image, image_caption) values (5, 'Fats and oils', 'meat', 'https://source.unsplash.com//200x200/?grains', 'meat');
insert into food_group (food_group_id, name_of_group, description_of_group, image, image_caption) values (6, 'Milk, eggs and their products', 'seafood', 'https://source.unsplash.com//200x200/?seafood', 'seafood');
insert into food_group (food_group_id, name_of_group, description_of_group, image, image_caption) values (7, 'Products with sweeteners', 'sweets', 'https://source.unsplash.com//200x200/?desserts', 'sweets');
insert into food_group (food_group_id, name_of_group, description_of_group, image, image_caption) values (8, 'Beverages', 'snacks', 'https://source.unsplash.com//200x200/?snacks', 'beverages');
insert into food_group (food_group_id, name_of_group, description_of_group, image, image_caption) values (9, 'Meat and its products', 'beverages', 'https://source.unsplash.com//200x200/?beverages', 'legumes');
insert into food_group (food_group_id, name_of_group, description_of_group, image, image_caption) values (10, 'Fish and their products', 'condiments', 'https://source.unsplash.com//200x200/?spices', 'poultry');
insert into food_group (food_group_id, name_of_group, description_of_group, image, image_caption) values (11, 'Cereals and their products', 'frozen foods', 'https://source.unsplash.com//200x200/?nuts', 'snacks');
insert into food_group (food_group_id, name_of_group, description_of_group, image, image_caption) values (12, 'Various plant-based foods', 'canned goods', 'https://source.unsplash.com//200x200/?candy', 'nuts');
insert into food_group (food_group_id, name_of_group, description_of_group, image, image_caption) values (13, 'Fruits and vegetables', 'canned goods', 'https://source.unsplash.com//200x200/?candy', 'apple');

insert into ingredients (ingredients_id, name_of_ingredient, food_group, fats, protein, carb, image, image_caption) values (1, 'salt', 1, 262, 12, 430, 'https://source.unsplash.com//200x200/?cookingingredients/1', 'salt');
insert into ingredients (ingredients_id, name_of_ingredient, food_group, fats, protein, carb, image, image_caption) values (2, 'pepper', 12, 94, 437, 745, 'https://source.unsplash.com//200x200/?cookingingredients/2', 'pepper');
insert into ingredients (ingredients_id, name_of_ingredient, food_group, fats, protein, carb, image, image_caption) values (3, 'onion', 7, 339, 349, 505, 'https://source.unsplash.com//200x200/?cookingingredients/3', 'onion');
insert into ingredients (ingredients_id, name_of_ingredient, food_group, fats, protein, carb, image, image_caption) values (4, 'garlic', 3, 435, 835, 590, 'https://source.unsplash.com//200x200/?cookingingredients/4', 'garlic');
insert into ingredients (ingredients_id, name_of_ingredient, food_group, fats, protein, carb, image, image_caption) values (5, 'olive oil', 12, 813, 430, 321, 'https://source.unsplash.com//200x200/?cookingingredients/5', 'tomato');
insert into ingredients (ingredients_id, name_of_ingredient, food_group, fats, protein, carb, image, image_caption) values (6, 'butter', 4, 446, 368, 841, 'https://source.unsplash.com//200x200/?cookingingredients/6', 'potato');
insert into ingredients (ingredients_id, name_of_ingredient, food_group, fats, protein, carb, image, image_caption) values (7, 'flour', 6, 589, 770, 96, 'https://source.unsplash.com//200x200/?cookingingredients/7', 'carrot');
insert into ingredients (ingredients_id, name_of_ingredient, food_group, fats, protein, carb, image, image_caption) values (8, 'sugar', 2, 40, 159, 910, 'https://source.unsplash.com//200x200/?cookingingredients/8', 'celery');
insert into ingredients (ingredients_id, name_of_ingredient, food_group, fats, protein, carb, image, image_caption) values (9, 'eggs', 8, 915, 505, 377, 'https://source.unsplash.com//200x200/?cookingingredients/9', 'bell pepper');
insert into ingredients (ingredients_id, name_of_ingredient, food_group, fats, protein, carb, image, image_caption) values (10, 'milk', 3, 997, 402, 439, 'https://source.unsplash.com//200x200/?cookingingredients/10', 'chicken');
insert into ingredients (ingredients_id, name_of_ingredient, food_group, fats, protein, carb, image, image_caption) values (11, 'chicken', 6, 126, 75, 324, 'https://source.unsplash.com//200x200/?cookingingredients/11', 'beef');
insert into ingredients (ingredients_id, name_of_ingredient, food_group, fats, protein, carb, image, image_caption) values (12, 'beef', 12, 77, 265, 741, 'https://source.unsplash.com//200x200/?cookingingredients/12', 'pork');
insert into ingredients (ingredients_id, name_of_ingredient, food_group, fats, protein, carb, image, image_caption) values (13, 'pasta', 1, 875, 132, 875, 'https://source.unsplash.com//200x200/?cookingingredients/13', 'shrimp');
insert into ingredients (ingredients_id, name_of_ingredient, food_group, fats, protein, carb, image, image_caption) values (14, 'rice', 9, 412, 509, 887, 'https://source.unsplash.com//200x200/?cookingingredients/14', 'fish');
insert into ingredients (ingredients_id, name_of_ingredient, food_group, fats, protein, carb, image, image_caption) values (15, 'tomato', 10, 385, 912, 969, 'https://source.unsplash.com//200x200/?cookingingredients/15', 'rice');
insert into ingredients (ingredients_id, name_of_ingredient, food_group, fats, protein, carb, image, image_caption) values (16, 'cheese', 4, 719, 63, 518, 'https://source.unsplash.com//200x200/?cookingingredients/16', 'pasta');
insert into ingredients (ingredients_id, name_of_ingredient, food_group, fats, protein, carb, image, image_caption) values (17, 'bell pepper', 4, 360, 692, 490, 'https://source.unsplash.com//200x200/?cookingingredients/17', 'olive oil');
insert into ingredients (ingredients_id, name_of_ingredient, food_group, fats, protein, carb, image, image_caption) values (18, 'carrot', 11, 608, 803, 757, 'https://source.unsplash.com//200x200/?cookingingredients/18', 'butter');
insert into ingredients (ingredients_id, name_of_ingredient, food_group, fats, protein, carb, image, image_caption) values (19, 'potato', 5, 313, 187, 296, 'https://source.unsplash.com//200x200/?cookingingredients/19', 'flour');
insert into ingredients (ingredients_id, name_of_ingredient, food_group, fats, protein, carb, image, image_caption) values (20, 'thyme', 9, 864, 312, 809, 'https://source.unsplash.com//200x200/?cookingingredients/20', 'sugar');
insert into ingredients (ingredients_id, name_of_ingredient, food_group, fats, protein, carb, image, image_caption) values (21, 'rosemary', 11, 529, 755, 336, 'https://source.unsplash.com//200x200/?cookingingredients/21', 'eggs');
insert into ingredients (ingredients_id, name_of_ingredient, food_group, fats, protein, carb, image, image_caption) values (22, 'basil', 8, 960, 169, 793, 'https://source.unsplash.com//200x200/?cookingingredients/22', 'milk');
insert into ingredients (ingredients_id, name_of_ingredient, food_group, fats, protein, carb, image, image_caption) values (23, 'cumin', 8, 231, 744, 968, 'https://source.unsplash.com//200x200/?cookingingredients/23', 'cheese');
insert into ingredients (ingredients_id, name_of_ingredient, food_group, fats, protein, carb, image, image_caption) values (24, 'coriander', 10, 338, 48, 593, 'https://source.unsplash.com//200x200/?cookingingredients/24', 'yogurt');
insert into ingredients (ingredients_id, name_of_ingredient, food_group, fats, protein, carb, image, image_caption) values (25, 'cinnamon', 11, 627, 124, 344, 'https://source.unsplash.com//200x200/?cookingingredients/25', 'lemon');
insert into ingredients (ingredients_id, name_of_ingredient, food_group, fats, protein, carb, image, image_caption) values (26, 'nutmeg', 11, 566, 703, 325, 'https://source.unsplash.com//200x200/?cookingingredients/26', 'lime');
insert into ingredients (ingredients_id, name_of_ingredient, food_group, fats, protein, carb, image, image_caption) values (27, 'vanilla extract', 4, 52, 184, 540, 'https://source.unsplash.com//200x200/?cookingingredients/27', 'cilantro');
insert into ingredients (ingredients_id, name_of_ingredient, food_group, fats, protein, carb, image, image_caption) values (28, 'lemon', 9, 307, 887, 169, 'https://source.unsplash.com//200x200/?cookingingredients/28', 'parsley');
insert into ingredients (ingredients_id, name_of_ingredient, food_group, fats, protein, carb, image, image_caption) values (29, 'lime', 2, 381, 880, 527, 'https://source.unsplash.com//200x200/?cookingingredients/29', 'basil');
insert into ingredients (ingredients_id, name_of_ingredient, food_group, fats, protein, carb, image, image_caption) values (30, 'honey', 4, 614, 204, 739, 'https://source.unsplash.com//200x200/?cookingingredients/30', 'oregano');
insert into ingredients (ingredients_id, name_of_ingredient, food_group, fats, protein, carb, image, image_caption) values (31, 'soy sauce', 8, 773, 673, 970, 'https://source.unsplash.com//200x200/?cookingingredients/31', 'thyme');
insert into ingredients (ingredients_id, name_of_ingredient, food_group, fats, protein, carb, image, image_caption) values (32, 'ginger', 4, 468, 754, 310, 'https://source.unsplash.com//200x200/?cookingingredients/32', 'cumin');
insert into ingredients (ingredients_id, name_of_ingredient, food_group, fats, protein, carb, image, image_caption) values (33, 'chili powder', 10, 911, 66, 668, 'https://source.unsplash.com//200x200/?cookingingredients/33', 'paprika');
insert into ingredients (ingredients_id, name_of_ingredient, food_group, fats, protein, carb, image, image_caption) values (34, 'paprika', 11, 215, 471, 353, 'https://source.unsplash.com//200x200/?cookingingredients/34', 'cayenne');
insert into ingredients (ingredients_id, name_of_ingredient, food_group, fats, protein, carb, image, image_caption) values (35, 'mustard', 3, 72, 651, 458, 'https://source.unsplash.com//200x200/?cookingingredients/35', 'mustard');
insert into ingredients (ingredients_id, name_of_ingredient, food_group, fats, protein, carb, image, image_caption) values (36, 'mayonnaise', 8, 926, 491, 525, 'https://source.unsplash.com//200x200/?cookingingredients/36', 'vinegar');
insert into ingredients (ingredients_id, name_of_ingredient, food_group, fats, protein, carb, image, image_caption) values (37, 'ketchup', 10, 485, 547, 279, 'https://source.unsplash.com//200x200/?cookingingredients/37', 'soy sauce');
insert into ingredients (ingredients_id, name_of_ingredient, food_group, fats, protein, carb, image, image_caption) values (38, 'vinegar', 1, 930, 432, 578, 'https://source.unsplash.com//200x200/?cookingingredients/38', 'hoisin sauce');
insert into ingredients (ingredients_id, name_of_ingredient, food_group, fats, protein, carb, image, image_caption) values (39, 'coconut milk', 1, 29, 466, 779, 'https://source.unsplash.com//200x200/?cookingingredients/39', 'sriracha');
insert into ingredients (ingredients_id, name_of_ingredient, food_group, fats, protein, carb, image, image_caption) values (40, 'sesame oil', 12, 452, 603, 121, 'https://source.unsplash.com//200x200/?cookingingredients/40', 'mayonnaise');
insert into ingredients (ingredients_id, name_of_ingredient, food_group, fats, protein, carb, image, image_caption) values (41, 'fish sauce', 5, 676, 918, 362, 'https://source.unsplash.com//200x200/?cookingingredients/41', 'ketchup');
insert into ingredients (ingredients_id, name_of_ingredient, food_group, fats, protein, carb, image, image_caption) values (42, 'worcestershire sauce', 5, 651, 989, 414, 'https://source.unsplash.com//200x200/?cookingingredients/42', 'mustard');
insert into ingredients (ingredients_id, name_of_ingredient, food_group, fats, protein, carb, image, image_caption) values (43, 'balsamic vinegar', 9, 748, 994, 612, 'https://source.unsplash.com//200x200/?cookingingredients/43', 'honey');
insert into ingredients (ingredients_id, name_of_ingredient, food_group, fats, protein, carb, image, image_caption) values (44, 'maple syrup', 6, 608, 488, 452, 'https://source.unsplash.com//200x200/?cookingingredients/44', 'maple syrup');
insert into ingredients (ingredients_id, name_of_ingredient, food_group, fats, protein, carb, image, image_caption) values (45, 'brown sugar', 5, 918, 272, 353, 'https://source.unsplash.com//200x200/?cookingingredients/45', 'vanilla extract');
insert into ingredients (ingredients_id, name_of_ingredient, food_group, fats, protein, carb, image, image_caption) values (46, 'cocoa powder', 10, 191, 502, 564, 'https://source.unsplash.com//200x200/?cookingingredients/46', 'baking powder');
insert into ingredients (ingredients_id, name_of_ingredient, food_group, fats, protein, carb, image, image_caption) values (47, 'almond', 9, 307, 370, 898, 'https://source.unsplash.com//200x200/?cookingingredients/47', 'baking soda');
insert into ingredients (ingredients_id, name_of_ingredient, food_group, fats, protein, carb, image, image_caption) values (48, 'walnut', 8, 727, 128, 714, 'https://source.unsplash.com//200x200/?cookingingredients/48', 'cocoa powder');
insert into ingredients (ingredients_id, name_of_ingredient, food_group, fats, protein, carb, image, image_caption) values (49, 'cashew', 5, 337, 792, 994, 'https://source.unsplash.com//200x200/?cookingingredients/49', 'chocolate chips');
insert into ingredients (ingredients_id, name_of_ingredient, food_group, fats, protein, carb, image, image_caption) values (50, 'peanut', 1, 330, 257, 831, 'https://source.unsplash.com//200x200/?cookingingredients/50', 'nuts');
insert into ingredients (ingredients_id, name_of_ingredient, food_group, fats, protein, carb, image, image_caption) values (51, 'quinoa', 2, 974, 585, 872, 'https://source.unsplash.com//200x200/?cookingingredients/51', 'seeds');
insert into ingredients (ingredients_id, name_of_ingredient, food_group, fats, protein, carb, image, image_caption) values (52, 'chickpeas', 11, 516, 979, 83, 'https://source.unsplash.com//200x200/?cookingingredients/52', 'breadcrumbs');
insert into ingredients (ingredients_id, name_of_ingredient, food_group, fats, protein, carb, image, image_caption) values (53, 'black beans', 11, 533, 936, 325, 'https://source.unsplash.com//200x200/?cookingingredients/53', 'croutons');
insert into ingredients (ingredients_id, name_of_ingredient, food_group, fats, protein, carb, image, image_caption) values (54, 'kidney beans', 1, 431, 231, 642, 'https://source.unsplash.com//200x200/?cookingingredients/54', 'crackers');
insert into ingredients (ingredients_id, name_of_ingredient, food_group, fats, protein, carb, image, image_caption) values (55, 'lentils', 10, 965, 337, 355, 'https://source.unsplash.com//200x200/?cookingingredients/55', 'tortillas');
insert into ingredients (ingredients_id, name_of_ingredient, food_group, fats, protein, carb, image, image_caption) values (56, 'tofu', 8, 331, 380, 234, 'https://source.unsplash.com//200x200/?cookingingredients/56', 'bread');
insert into ingredients (ingredients_id, name_of_ingredient, food_group, fats, protein, carb, image, image_caption) values (57, 'seitan', 8, 809, 275, 737, 'https://source.unsplash.com//200x200/?cookingingredients/57', 'baguette');
insert into ingredients (ingredients_id, name_of_ingredient, food_group, fats, protein, carb, image, image_caption) values (58, 'tempeh', 11, 366, 72, 115, 'https://source.unsplash.com//200x200/?cookingingredients/58', 'pita');
insert into ingredients (ingredients_id, name_of_ingredient, food_group, fats, protein, carb, image, image_caption) values (59, 'avocado', 3, 863, 888, 436, 'https://source.unsplash.com//200x200/?cookingingredients/59', 'naan');
insert into ingredients (ingredients_id, name_of_ingredient, food_group, fats, protein, carb, image, image_caption) values (60, 'mushroom', 8, 890, 91, 745, 'https://source.unsplash.com//200x200/?cookingingredients/60', 'sourdough');
insert into ingredients (ingredients_id, name_of_ingredient, food_group, fats, protein, carb, image, image_caption) values (61, 'zucchini', 11, 442, 419, 279, 'https://source.unsplash.com//200x200/?cookingingredients/61', 'hummus');
insert into ingredients (ingredients_id, name_of_ingredient, food_group, fats, protein, carb, image, image_caption) values (62, 'asparagus', 1, 904, 274, 104, 'https://source.unsplash.com//200x200/?cookingingredients/62', 'guacamole');
insert into ingredients (ingredients_id, name_of_ingredient, food_group, fats, protein, carb, image, image_caption) values (63, 'spinach', 7, 985, 462, 503, 'https://source.unsplash.com//200x200/?cookingingredients/63', 'salsa');
insert into ingredients (ingredients_id, name_of_ingredient, food_group, fats, protein, carb, image, image_caption) values (64, 'kale', 7, 719, 14, 499, 'https://source.unsplash.com//200x200/?cookingingredients/64', 'pesto');
insert into ingredients (ingredients_id, name_of_ingredient, food_group, fats, protein, carb, image, image_caption) values (65, 'arugula', 11, 181, 359, 445, 'https://source.unsplash.com//200x200/?cookingingredients/65', 'marinara sauce');
insert into ingredients (ingredients_id, name_of_ingredient, food_group, fats, protein, carb, image, image_caption) values (66, 'broccoli', 11, 669, 869, 614, 'https://source.unsplash.com//200x200/?cookingingredients/66', 'alfredo sauce');
insert into ingredients (ingredients_id, name_of_ingredient, food_group, fats, protein, carb, image, image_caption) values (67, 'cauliflower', 3, 996, 965, 836, 'https://source.unsplash.com//200x200/?cookingingredients/67', 'barbecue sauce');
insert into ingredients (ingredients_id, name_of_ingredient, food_group, fats, protein, carb, image, image_caption) values (68, 'brussels sprouts', 7, 906, 91, 482, 'https://source.unsplash.com//200x200/?cookingingredients/68', 'ranch dressing');
insert into ingredients (ingredients_id, name_of_ingredient, food_group, fats, protein, carb, image, image_caption) values (69, 'sweet potato', 9, 124, 721, 154, 'https://source.unsplash.com//200x200/?cookingingredients/69', 'vinaigrette');
insert into ingredients (ingredients_id, name_of_ingredient, food_group, fats, protein, carb, image, image_caption) values (70, 'butternut squash', 2, 793, 758, 664, 'https://source.unsplash.com//200x200/?cookingingredients/70', 'pickles');
insert into ingredients (ingredients_id, name_of_ingredient, food_group, fats, protein, carb, image, image_caption) values (71, 'acorn squash', 10, 53, 617, 773, 'https://source.unsplash.com//200x200/?cookingingredients/71', 'olives');
insert into ingredients (ingredients_id, name_of_ingredient, food_group, fats, protein, carb, image, image_caption) values (72, 'pumpkin', 8, 683, 515, 574, 'https://source.unsplash.com//200x200/?cookingingredients/72', 'jalapenos');
insert into ingredients (ingredients_id, name_of_ingredient, food_group, fats, protein, carb, image, image_caption) values (73, 'corn', 11, 717, 874, 852, 'https://source.unsplash.com//200x200/?cookingingredients/73', 'artichokes');
insert into ingredients (ingredients_id, name_of_ingredient, food_group, fats, protein, carb, image, image_caption) values (74, 'green beans', 8, 749, 286, 878, 'https://source.unsplash.com//200x200/?cookingingredients/74', 'sun-dried tomatoes');
insert into ingredients (ingredients_id, name_of_ingredient, food_group, fats, protein, carb, image, image_caption) values (75, 'artichoke', 5, 928, 556, 150, 'https://source.unsplash.com//200x200/?cookingingredients/75', 'capers');
insert into ingredients (ingredients_id, name_of_ingredient, food_group, fats, protein, carb, image, image_caption) values (76, 'beet', 12, 128, 933, 534, 'https://source.unsplash.com//200x200/?cookingingredients/76', 'anchovies');
insert into ingredients (ingredients_id, name_of_ingredient, food_group, fats, protein, carb, image, image_caption) values (77, 'radish', 5, 555, 850, 337, 'https://source.unsplash.com//200x200/?cookingingredients/77', 'coconut milk');
insert into ingredients (ingredients_id, name_of_ingredient, food_group, fats, protein, carb, image, image_caption) values (78, 'cabbage', 6, 143, 734, 631, 'https://source.unsplash.com//200x200/?cookingingredients/78', 'curry paste');
insert into ingredients (ingredients_id, name_of_ingredient, food_group, fats, protein, carb, image, image_caption) values (79, 'celery', 10, 216, 227, 472, 'https://source.unsplash.com//200x200/?cookingingredients/79', 'soy milk');
insert into ingredients (ingredients_id, name_of_ingredient, food_group, fats, protein, carb, image, image_caption) values (80, 'leek', 9, 901, 643, 994, 'https://source.unsplash.com//200x200/?cookingingredients/80', 'tofu');
insert into ingredients (ingredients_id, name_of_ingredient, food_group, fats, protein, carb, image, image_caption) values (81, 'fennel', 8, 114, 454, 227, 'https://source.unsplash.com//200x200/?cookingingredients/81', 'tempeh');
insert into ingredients (ingredients_id, name_of_ingredient, food_group, fats, protein, carb, image, image_caption) values (82, 'parsley', 6, 640, 634, 117, 'https://source.unsplash.com//200x200/?cookingingredients/82', 'quinoa');
insert into ingredients (ingredients_id, name_of_ingredient, food_group, fats, protein, carb, image, image_caption) values (83, 'cilantro', 7, 148, 646, 610, 'https://source.unsplash.com//200x200/?cookingingredients/83', 'bulgur');
insert into ingredients (ingredients_id, name_of_ingredient, food_group, fats, protein, carb, image, image_caption) values (84, 'dill', 6, 473, 613, 215, 'https://source.unsplash.com//200x200/?cookingingredients/84', 'farro');
insert into ingredients (ingredients_id, name_of_ingredient, food_group, fats, protein, carb, image, image_caption) values (85, 'mint', 3, 736, 781, 57, 'https://source.unsplash.com//200x200/?cookingingredients/85', 'barley');
insert into ingredients (ingredients_id, name_of_ingredient, food_group, fats, protein, carb, image, image_caption) values (86, 'chives', 11, 732, 320, 175, 'https://source.unsplash.com//200x200/?cookingingredients/86', 'lentils');
insert into ingredients (ingredients_id, name_of_ingredient, food_group, fats, protein, carb, image, image_caption) values (87, 'scallion', 10, 773, 697, 411, 'https://source.unsplash.com//200x200/?cookingingredients/87', 'beans');
insert into ingredients (ingredients_id, name_of_ingredient, food_group, fats, protein, carb, image, image_caption) values (88, 'shallot', 9, 549, 520, 851, 'https://source.unsplash.com//200x200/?cookingingredients/88', 'chickpeas');
insert into ingredients (ingredients_id, name_of_ingredient, food_group, fats, protein, carb, image, image_caption) values (89, 'garlic powder', 10, 391, 804, 712, 'https://source.unsplash.com//200x200/?cookingingredients/89', 'peas');
insert into ingredients (ingredients_id, name_of_ingredient, food_group, fats, protein, carb, image, image_caption) values (90, 'onion powder', 7, 235, 204, 748, 'https://source.unsplash.com//200x200/?cookingingredients/90', 'corn');
insert into ingredients (ingredients_id, name_of_ingredient, food_group, fats, protein, carb, image, image_caption) values (91, 'turmeric', 6, 844, 702, 343, 'https://source.unsplash.com//200x200/?cookingingredients/91', 'avocado');
insert into ingredients (ingredients_id, name_of_ingredient, food_group, fats, protein, carb, image, image_caption) values (92, 'cayenne pepper', 12, 209, 172, 971, 'https://source.unsplash.com//200x200/?cookingingredients/92', 'mango');
insert into ingredients (ingredients_id, name_of_ingredient, food_group, fats, protein, carb, image, image_caption) values (93, 'black pepper', 2, 252, 305, 916, 'https://source.unsplash.com//200x200/?cookingingredients/93', 'pineapple');
insert into ingredients (ingredients_id, name_of_ingredient, food_group, fats, protein, carb, image, image_caption) values (94, 'white pepper', 9, 220, 612, 361, 'https://source.unsplash.com//200x200/?cookingingredients/94', 'strawberries');
insert into ingredients (ingredients_id, name_of_ingredient, food_group, fats, protein, carb, image, image_caption) values (95, 'sea salt', 7, 214, 584, 443, 'https://source.unsplash.com//200x200/?cookingingredients/95', 'blueberries');
insert into ingredients (ingredients_id, name_of_ingredient, food_group, fats, protein, carb, image, image_caption) values (96, 'kosher salt', 10, 474, 731, 727, 'https://source.unsplash.com//200x200/?cookingingredients/96', 'raspberries');
insert into ingredients (ingredients_id, name_of_ingredient, food_group, fats, protein, carb, image, image_caption) values (97, 'salt', 7, 893, 272, 275, 'https://source.unsplash.com//200x200/?cookingingredients/97', 'blackberries');
insert into ingredients (ingredients_id, name_of_ingredient, food_group, fats, protein, carb, image, image_caption) values (98, 'pepper', 1, 787, 16, 302, 'https://source.unsplash.com//200x200/?cookingingredients/98', 'salt');
insert into ingredients (ingredients_id, name_of_ingredient, food_group, fats, protein, carb, image, image_caption) values (99, 'onion', 9, 695, 801, 783, 'https://source.unsplash.com//200x200/?cookingingredients/99', 'pepper');
insert into ingredients (ingredients_id, name_of_ingredient, food_group, fats, protein, carb, image, image_caption) values (100, 'garlic', 6, 791, 984, 836, 'https://source.unsplash.com//200x200/?cookingingredients/100', 'onion');




insert into ingredients_of_recipe (recipe_id, ingredient_id, quantity) values (1, 61, 292);
insert into ingredients_of_recipe (recipe_id, ingredient_id, quantity) values (2, 36, 65);
insert into ingredients_of_recipe (recipe_id, ingredient_id, quantity) values (3, 57, 293);
insert into ingredients_of_recipe (recipe_id, ingredient_id, quantity) values (4, 37, 643);
insert into ingredients_of_recipe (recipe_id, ingredient_id, quantity) values (5, 35, 415);
insert into ingredients_of_recipe (recipe_id, ingredient_id, quantity) values (6, 74, 587);
insert into ingredients_of_recipe (recipe_id, ingredient_id, quantity) values (7, 3, 417);
insert into ingredients_of_recipe (recipe_id, ingredient_id, quantity) values (8, 68, 506);
insert into ingredients_of_recipe (recipe_id, ingredient_id, quantity) values (9, 76, 788);
insert into ingredients_of_recipe (recipe_id, ingredient_id, quantity) values (10, 51, 813);
insert into ingredients_of_recipe (recipe_id, ingredient_id, quantity) values (11, 42, 71);
insert into ingredients_of_recipe (recipe_id, ingredient_id, quantity) values (12, 38, 955);
insert into ingredients_of_recipe (recipe_id, ingredient_id, quantity) values (13, 14, 296);
insert into ingredients_of_recipe (recipe_id, ingredient_id, quantity) values (14, 90, 422);
insert into ingredients_of_recipe (recipe_id, ingredient_id, quantity) values (15, 28, 197);
insert into ingredients_of_recipe (recipe_id, ingredient_id, quantity) values (16, 63, 17);
insert into ingredients_of_recipe (recipe_id, ingredient_id, quantity) values (17, 76, 740);
insert into ingredients_of_recipe (recipe_id, ingredient_id, quantity) values (18, 97, 144);
insert into ingredients_of_recipe (recipe_id, ingredient_id, quantity) values (19, 1, 207);
insert into ingredients_of_recipe (recipe_id, ingredient_id, quantity) values (20, 42, 102);
insert into ingredients_of_recipe (recipe_id, ingredient_id, quantity) values (21, 75, 604);
insert into ingredients_of_recipe (recipe_id, ingredient_id, quantity) values (22, 28, 173);
insert into ingredients_of_recipe (recipe_id, ingredient_id, quantity) values (23, 90, 481);
insert into ingredients_of_recipe (recipe_id, ingredient_id, quantity) values (24, 82, 523);
insert into ingredients_of_recipe (recipe_id, ingredient_id, quantity) values (25, 80, 417);
insert into ingredients_of_recipe (recipe_id, ingredient_id, quantity) values (26, 11, 397);
insert into ingredients_of_recipe (recipe_id, ingredient_id, quantity) values (27, 7, 575);
insert into ingredients_of_recipe (recipe_id, ingredient_id, quantity) values (28, 30, 301);
insert into ingredients_of_recipe (recipe_id, ingredient_id, quantity) values (29, 5, 757);
insert into ingredients_of_recipe (recipe_id, ingredient_id, quantity) values (30, 97, 662);
insert into ingredients_of_recipe (recipe_id, ingredient_id, quantity) values (31, 11, 225);
insert into ingredients_of_recipe (recipe_id, ingredient_id, quantity) values (32, 52, 646);
insert into ingredients_of_recipe (recipe_id, ingredient_id, quantity) values (33, 2, 739);
insert into ingredients_of_recipe (recipe_id, ingredient_id, quantity) values (34, 13, 307);
insert into ingredients_of_recipe (recipe_id, ingredient_id, quantity) values (35, 48, 965);
insert into ingredients_of_recipe (recipe_id, ingredient_id, quantity) values (36, 12, 523);
insert into ingredients_of_recipe (recipe_id, ingredient_id, quantity) values (37, 60, 709);
insert into ingredients_of_recipe (recipe_id, ingredient_id, quantity) values (38, 47, 934);
insert into ingredients_of_recipe (recipe_id, ingredient_id, quantity) values (39, 75, 291);
insert into ingredients_of_recipe (recipe_id, ingredient_id, quantity) values (40, 96, 388);
insert into ingredients_of_recipe (recipe_id, ingredient_id, quantity) values (41, 48, 938);
insert into ingredients_of_recipe (recipe_id, ingredient_id, quantity) values (42, 24, 197);
insert into ingredients_of_recipe (recipe_id, ingredient_id, quantity) values (43, 95, 471);
insert into ingredients_of_recipe (recipe_id, ingredient_id, quantity) values (44, 80, 388);
insert into ingredients_of_recipe (recipe_id, ingredient_id, quantity) values (45, 88, 768);
insert into ingredients_of_recipe (recipe_id, ingredient_id, quantity) values (46, 52, 381);
insert into ingredients_of_recipe (recipe_id, ingredient_id, quantity) values (47, 81, 404);
insert into ingredients_of_recipe (recipe_id, ingredient_id, quantity) values (48, 31, 943);
insert into ingredients_of_recipe (recipe_id, ingredient_id, quantity) values (49, 56, 62);
insert into ingredients_of_recipe (recipe_id, ingredient_id, quantity) values (50, 96, 729);
insert into ingredients_of_recipe (recipe_id, ingredient_id, quantity) values (51, 66, 485);
insert into ingredients_of_recipe (recipe_id, ingredient_id, quantity) values (52, 84, 944);
insert into ingredients_of_recipe (recipe_id, ingredient_id, quantity) values (53, 76, 82);
insert into ingredients_of_recipe (recipe_id, ingredient_id, quantity) values (54, 57, 719);
insert into ingredients_of_recipe (recipe_id, ingredient_id, quantity) values (55, 21, 410);
insert into ingredients_of_recipe (recipe_id, ingredient_id, quantity) values (56, 96, 56);
insert into ingredients_of_recipe (recipe_id, ingredient_id, quantity) values (57, 98, 679);
insert into ingredients_of_recipe (recipe_id, ingredient_id, quantity) values (58, 16, 71);
insert into ingredients_of_recipe (recipe_id, ingredient_id, quantity) values (59, 68, 842);
insert into ingredients_of_recipe (recipe_id, ingredient_id, quantity) values (60, 85, 681);
insert into ingredients_of_recipe (recipe_id, ingredient_id, quantity) values (61, 83, 584);
insert into ingredients_of_recipe (recipe_id, ingredient_id, quantity) values (62, 27, 992);
insert into ingredients_of_recipe (recipe_id, ingredient_id, quantity) values (63, 89, 687);
insert into ingredients_of_recipe (recipe_id, ingredient_id, quantity) values (64, 34, 995);
insert into ingredients_of_recipe (recipe_id, ingredient_id, quantity) values (65, 59, 694);
insert into ingredients_of_recipe (recipe_id, ingredient_id, quantity) values (66, 85, 641);
insert into ingredients_of_recipe (recipe_id, ingredient_id, quantity) values (67, 88, 177);
insert into ingredients_of_recipe (recipe_id, ingredient_id, quantity) values (68, 24, 773);
insert into ingredients_of_recipe (recipe_id, ingredient_id, quantity) values (69, 44, 328);
insert into ingredients_of_recipe (recipe_id, ingredient_id, quantity) values (70, 76, 755);
insert into ingredients_of_recipe (recipe_id, ingredient_id, quantity) values (71, 43, 996);
insert into ingredients_of_recipe (recipe_id, ingredient_id, quantity) values (72, 49, 654);
insert into ingredients_of_recipe (recipe_id, ingredient_id, quantity) values (73, 12, 285);
insert into ingredients_of_recipe (recipe_id, ingredient_id, quantity) values (74, 64, 636);
insert into ingredients_of_recipe (recipe_id, ingredient_id, quantity) values (75, 37, 782);
insert into ingredients_of_recipe (recipe_id, ingredient_id, quantity) values (76, 100, 471);
insert into ingredients_of_recipe (recipe_id, ingredient_id, quantity) values (77, 85, 166);
insert into ingredients_of_recipe (recipe_id, ingredient_id, quantity) values (78, 21, 370);
insert into ingredients_of_recipe (recipe_id, ingredient_id, quantity) values (79, 68, 76);
insert into ingredients_of_recipe (recipe_id, ingredient_id, quantity) values (80, 93, 744);
insert into ingredients_of_recipe (recipe_id, ingredient_id, quantity) values (81, 40, 499);
insert into ingredients_of_recipe (recipe_id, ingredient_id, quantity) values (82, 51, 592);
insert into ingredients_of_recipe (recipe_id, ingredient_id, quantity) values (83, 1, 649);
insert into ingredients_of_recipe (recipe_id, ingredient_id, quantity) values (84, 31, 952);
insert into ingredients_of_recipe (recipe_id, ingredient_id, quantity) values (85, 74, 490);
insert into ingredients_of_recipe (recipe_id, ingredient_id, quantity) values (86, 99, 677);
insert into ingredients_of_recipe (recipe_id, ingredient_id, quantity) values (87, 28, 376);
insert into ingredients_of_recipe (recipe_id, ingredient_id, quantity) values (88, 35, 173);
insert into ingredients_of_recipe (recipe_id, ingredient_id, quantity) values (89, 65, 109);
insert into ingredients_of_recipe (recipe_id, ingredient_id, quantity) values (90, 4, 147);
insert into ingredients_of_recipe (recipe_id, ingredient_id, quantity) values (91, 71, 16);
insert into ingredients_of_recipe (recipe_id, ingredient_id, quantity) values (92, 45, 901);
insert into ingredients_of_recipe (recipe_id, ingredient_id, quantity) values (93, 16, 409);
insert into ingredients_of_recipe (recipe_id, ingredient_id, quantity) values (94, 66, 991);
insert into ingredients_of_recipe (recipe_id, ingredient_id, quantity) values (95, 42, 904);
insert into ingredients_of_recipe (recipe_id, ingredient_id, quantity) values (96, 19, 598);
insert into ingredients_of_recipe (recipe_id, ingredient_id, quantity) values (97, 95, 137);
insert into ingredients_of_recipe (recipe_id, ingredient_id, quantity) values (98, 85, 860);
insert into ingredients_of_recipe (recipe_id, ingredient_id, quantity) values (99, 62, 559);
insert into ingredients_of_recipe (recipe_id, ingredient_id, quantity) values (100, 98, 959);
insert into ingredients_of_recipe (recipe_id, ingredient_id, quantity) values (1, 2, 503);
insert into ingredients_of_recipe (recipe_id, ingredient_id, quantity) values (3, 94, 637);
insert into ingredients_of_recipe (recipe_id, ingredient_id, quantity) values (4, 14, 779);
insert into ingredients_of_recipe (recipe_id, ingredient_id, quantity) values (5, 42, 666);
insert into ingredients_of_recipe (recipe_id, ingredient_id, quantity) values (6, 59, 523);
insert into ingredients_of_recipe (recipe_id, ingredient_id, quantity) values (7, 10, 157);
insert into ingredients_of_recipe (recipe_id, ingredient_id, quantity) values (8, 63, 107);
insert into ingredients_of_recipe (recipe_id, ingredient_id, quantity) values (9, 62, 445);
insert into ingredients_of_recipe (recipe_id, ingredient_id, quantity) values (10, 42, 320);
insert into ingredients_of_recipe (recipe_id, ingredient_id, quantity) values (11, 11, 738);
insert into ingredients_of_recipe (recipe_id, ingredient_id, quantity) values (12, 73, 587);
insert into ingredients_of_recipe (recipe_id, ingredient_id, quantity) values (13, 72, 621);
insert into ingredients_of_recipe (recipe_id, ingredient_id, quantity) values (14, 36, 497);
insert into ingredients_of_recipe (recipe_id, ingredient_id, quantity) values (15, 84, 216);
insert into ingredients_of_recipe (recipe_id, ingredient_id, quantity) values (16, 86, 95);
insert into ingredients_of_recipe (recipe_id, ingredient_id, quantity) values (17, 79, 325);
insert into ingredients_of_recipe (recipe_id, ingredient_id, quantity) values (18, 86, 276);
insert into ingredients_of_recipe (recipe_id, ingredient_id, quantity) values (19, 61, 661);
insert into ingredients_of_recipe (recipe_id, ingredient_id, quantity) values (20, 36, 907);
insert into ingredients_of_recipe (recipe_id, ingredient_id, quantity) values (21, 83, 744);
insert into ingredients_of_recipe (recipe_id, ingredient_id, quantity) values (22, 49, 455);
insert into ingredients_of_recipe (recipe_id, ingredient_id, quantity) values (23, 29, 924);
insert into ingredients_of_recipe (recipe_id, ingredient_id, quantity) values (24, 17, 219);
insert into ingredients_of_recipe (recipe_id, ingredient_id, quantity) values (25, 84, 806);
insert into ingredients_of_recipe (recipe_id, ingredient_id, quantity) values (26, 2, 30);
insert into ingredients_of_recipe (recipe_id, ingredient_id, quantity) values (27, 55, 183);
insert into ingredients_of_recipe (recipe_id, ingredient_id, quantity) values (28, 14, 522);
insert into ingredients_of_recipe (recipe_id, ingredient_id, quantity) values (29, 25, 762);
insert into ingredients_of_recipe (recipe_id, ingredient_id, quantity) values (30, 36, 27);
insert into ingredients_of_recipe (recipe_id, ingredient_id, quantity) values (31, 16, 795);
insert into ingredients_of_recipe (recipe_id, ingredient_id, quantity) values (32, 90, 227);
insert into ingredients_of_recipe (recipe_id, ingredient_id, quantity) values (33, 26, 187);
insert into ingredients_of_recipe (recipe_id, ingredient_id, quantity) values (34, 62, 64);
insert into ingredients_of_recipe (recipe_id, ingredient_id, quantity) values (35, 66, 722);
insert into ingredients_of_recipe (recipe_id, ingredient_id, quantity) values (36, 88, 289);
insert into ingredients_of_recipe (recipe_id, ingredient_id, quantity) values (37, 32, 363);
insert into ingredients_of_recipe (recipe_id, ingredient_id, quantity) values (38, 85, 898);
insert into ingredients_of_recipe (recipe_id, ingredient_id, quantity) values (39, 67, 308);
insert into ingredients_of_recipe (recipe_id, ingredient_id, quantity) values (40, 21, 382);
insert into ingredients_of_recipe (recipe_id, ingredient_id, quantity) values (41, 67, 367);
insert into ingredients_of_recipe (recipe_id, ingredient_id, quantity) values (42, 17, 504);
insert into ingredients_of_recipe (recipe_id, ingredient_id, quantity) values (43, 52, 175);
insert into ingredients_of_recipe (recipe_id, ingredient_id, quantity) values (44, 29, 769);
insert into ingredients_of_recipe (recipe_id, ingredient_id, quantity) values (45, 9, 25);
insert into ingredients_of_recipe (recipe_id, ingredient_id, quantity) values (46, 42, 849);
insert into ingredients_of_recipe (recipe_id, ingredient_id, quantity) values (47, 31, 932);
insert into ingredients_of_recipe (recipe_id, ingredient_id, quantity) values (48, 9, 41);
insert into ingredients_of_recipe (recipe_id, ingredient_id, quantity) values (49, 53, 871);
insert into ingredients_of_recipe (recipe_id, ingredient_id, quantity) values (50, 12, 214);
insert into ingredients_of_recipe (recipe_id, ingredient_id, quantity) values (51, 26, 919);
insert into ingredients_of_recipe (recipe_id, ingredient_id, quantity) values (52, 90, 758);
insert into ingredients_of_recipe (recipe_id, ingredient_id, quantity) values (53, 24, 569);
insert into ingredients_of_recipe (recipe_id, ingredient_id, quantity) values (54, 19, 122);
insert into ingredients_of_recipe (recipe_id, ingredient_id, quantity) values (55, 33, 680);
insert into ingredients_of_recipe (recipe_id, ingredient_id, quantity) values (56, 28, 669);
insert into ingredients_of_recipe (recipe_id, ingredient_id, quantity) values (57, 62, 447);
insert into ingredients_of_recipe (recipe_id, ingredient_id, quantity) values (58, 14, 206);
insert into ingredients_of_recipe (recipe_id, ingredient_id, quantity) values (59, 49, 615);
insert into ingredients_of_recipe (recipe_id, ingredient_id, quantity) values (60, 97, 842);
insert into ingredients_of_recipe (recipe_id, ingredient_id, quantity) values (61, 70, 616);
insert into ingredients_of_recipe (recipe_id, ingredient_id, quantity) values (62, 92, 280);
insert into ingredients_of_recipe (recipe_id, ingredient_id, quantity) values (63, 26, 219);
insert into ingredients_of_recipe (recipe_id, ingredient_id, quantity) values (64, 4, 141);
insert into ingredients_of_recipe (recipe_id, ingredient_id, quantity) values (65, 90, 950);
insert into ingredients_of_recipe (recipe_id, ingredient_id, quantity) values (66, 6, 408);
insert into ingredients_of_recipe (recipe_id, ingredient_id, quantity) values (67, 31, 638);
insert into ingredients_of_recipe (recipe_id, ingredient_id, quantity) values (68, 30, 730);
insert into ingredients_of_recipe (recipe_id, ingredient_id, quantity) values (69, 12, 441);
insert into ingredients_of_recipe (recipe_id, ingredient_id, quantity) values (70, 42, 546);
insert into ingredients_of_recipe (recipe_id, ingredient_id, quantity) values (71, 17, 221);
insert into ingredients_of_recipe (recipe_id, ingredient_id, quantity) values (72, 10, 551);
insert into ingredients_of_recipe (recipe_id, ingredient_id, quantity) values (73, 80, 510);
insert into ingredients_of_recipe (recipe_id, ingredient_id, quantity) values (74, 34, 506);
insert into ingredients_of_recipe (recipe_id, ingredient_id, quantity) values (75, 54, 759);
insert into ingredients_of_recipe (recipe_id, ingredient_id, quantity) values (76, 43, 876);
insert into ingredients_of_recipe (recipe_id, ingredient_id, quantity) values (77, 80, 247);
insert into ingredients_of_recipe (recipe_id, ingredient_id, quantity) values (78, 37, 736);
insert into ingredients_of_recipe (recipe_id, ingredient_id, quantity) values (79, 14, 262);
insert into ingredients_of_recipe (recipe_id, ingredient_id, quantity) values (80, 72, 994);
insert into ingredients_of_recipe (recipe_id, ingredient_id, quantity) values (81, 62, 138);
insert into ingredients_of_recipe (recipe_id, ingredient_id, quantity) values (82, 83, 736);
insert into ingredients_of_recipe (recipe_id, ingredient_id, quantity) values (83, 92, 850);
insert into ingredients_of_recipe (recipe_id, ingredient_id, quantity) values (84, 11, 358);
insert into ingredients_of_recipe (recipe_id, ingredient_id, quantity) values (85, 2, 958);
insert into ingredients_of_recipe (recipe_id, ingredient_id, quantity) values (86, 29, 315);
insert into ingredients_of_recipe (recipe_id, ingredient_id, quantity) values (87, 8, 445);
insert into ingredients_of_recipe (recipe_id, ingredient_id, quantity) values (88, 20, 66);
insert into ingredients_of_recipe (recipe_id, ingredient_id, quantity) values (89, 59, 612);
insert into ingredients_of_recipe (recipe_id, ingredient_id, quantity) values (90, 36, 353);
insert into ingredients_of_recipe (recipe_id, ingredient_id, quantity) values (91, 9, 168);
insert into ingredients_of_recipe (recipe_id, ingredient_id, quantity) values (92, 46, 163);
insert into ingredients_of_recipe (recipe_id, ingredient_id, quantity) values (93, 3, 187);
insert into ingredients_of_recipe (recipe_id, ingredient_id, quantity) values (94, 87, 860);
insert into ingredients_of_recipe (recipe_id, ingredient_id, quantity) values (95, 58, 726);
insert into ingredients_of_recipe (recipe_id, ingredient_id, quantity) values (96, 14, 96);
insert into ingredients_of_recipe (recipe_id, ingredient_id, quantity) values (97, 1, 813);
insert into ingredients_of_recipe (recipe_id, ingredient_id, quantity) values (98, 25, 206);
insert into ingredients_of_recipe (recipe_id, ingredient_id, quantity) values (99, 41, 997);
insert into ingredients_of_recipe (recipe_id, ingredient_id, quantity) values (100, 72, 856);
insert into ingredients_of_recipe (recipe_id, ingredient_id, quantity) values (1, 73, 988);
insert into ingredients_of_recipe (recipe_id, ingredient_id, quantity) values (2, 22, 783);
insert into ingredients_of_recipe (recipe_id, ingredient_id, quantity) values (3, 6, 460);
insert into ingredients_of_recipe (recipe_id, ingredient_id, quantity) values (4, 8, 322);
insert into ingredients_of_recipe (recipe_id, ingredient_id, quantity) values (5, 66, 976);
insert into ingredients_of_recipe (recipe_id, ingredient_id, quantity) values (6, 15, 1000);
insert into ingredients_of_recipe (recipe_id, ingredient_id, quantity) values (7, 79, 453);
insert into ingredients_of_recipe (recipe_id, ingredient_id, quantity) values (8, 46, 621);
insert into ingredients_of_recipe (recipe_id, ingredient_id, quantity) values (9, 75, 366);
insert into ingredients_of_recipe (recipe_id, ingredient_id, quantity) values (10, 71, 961);
insert into ingredients_of_recipe (recipe_id, ingredient_id, quantity) values (11, 35, 599);
insert into ingredients_of_recipe (recipe_id, ingredient_id, quantity) values (12, 23, 399);
insert into ingredients_of_recipe (recipe_id, ingredient_id, quantity) values (13, 52, 841);
insert into ingredients_of_recipe (recipe_id, ingredient_id, quantity) values (14, 60, 894);
insert into ingredients_of_recipe (recipe_id, ingredient_id, quantity) values (15, 13, 142);
insert into ingredients_of_recipe (recipe_id, ingredient_id, quantity) values (16, 21, 198);
insert into ingredients_of_recipe (recipe_id, ingredient_id, quantity) values (17, 46, 280);
insert into ingredients_of_recipe (recipe_id, ingredient_id, quantity) values (18, 94, 240);
insert into ingredients_of_recipe (recipe_id, ingredient_id, quantity) values (21, 36, 24);
insert into ingredients_of_recipe (recipe_id, ingredient_id, quantity) values (22, 35, 602);
insert into ingredients_of_recipe (recipe_id, ingredient_id, quantity) values (23, 14, 650);
insert into ingredients_of_recipe (recipe_id, ingredient_id, quantity) values (24, 67, 291);
insert into ingredients_of_recipe (recipe_id, ingredient_id, quantity) values (25, 3, 201);
insert into ingredients_of_recipe (recipe_id, ingredient_id, quantity) values (26, 40, 705);
insert into ingredients_of_recipe (recipe_id, ingredient_id, quantity) values (27, 91, 363);
insert into ingredients_of_recipe (recipe_id, ingredient_id, quantity) values (28, 28, 352);
insert into ingredients_of_recipe (recipe_id, ingredient_id, quantity) values (29, 34, 87);
insert into ingredients_of_recipe (recipe_id, ingredient_id, quantity) values (30, 100, 166);
insert into ingredients_of_recipe (recipe_id, ingredient_id, quantity) values (31, 32, 696);
insert into ingredients_of_recipe (recipe_id, ingredient_id, quantity) values (32, 31, 845);
insert into ingredients_of_recipe (recipe_id, ingredient_id, quantity) values (33, 30, 661);
insert into ingredients_of_recipe (recipe_id, ingredient_id, quantity) values (34, 89, 57);
insert into ingredients_of_recipe (recipe_id, ingredient_id, quantity) values (35, 16, 958);
insert into ingredients_of_recipe (recipe_id, ingredient_id, quantity) values (36, 55, 92);
insert into ingredients_of_recipe (recipe_id, ingredient_id, quantity) values (37, 63, 708);
insert into ingredients_of_recipe (recipe_id, ingredient_id, quantity) values (38, 46, 781);
insert into ingredients_of_recipe (recipe_id, ingredient_id, quantity) values (39, 9, 112);
insert into ingredients_of_recipe (recipe_id, ingredient_id, quantity) values (40, 11, 905);
insert into ingredients_of_recipe (recipe_id, ingredient_id, quantity) values (41, 76, 596);
insert into ingredients_of_recipe (recipe_id, ingredient_id, quantity) values (42, 44, 455);
insert into ingredients_of_recipe (recipe_id, ingredient_id, quantity) values (43, 37, 867);
insert into ingredients_of_recipe (recipe_id, ingredient_id, quantity) values (45, 45, 609);
insert into ingredients_of_recipe (recipe_id, ingredient_id, quantity) values (46, 55, 795);
insert into ingredients_of_recipe (recipe_id, ingredient_id, quantity) values (47, 17, 634);
insert into ingredients_of_recipe (recipe_id, ingredient_id, quantity) values (48, 23, 352);
insert into ingredients_of_recipe (recipe_id, ingredient_id, quantity) values (49, 59, 765);
insert into ingredients_of_recipe (recipe_id, ingredient_id, quantity) values (50, 63, 828);
insert into ingredients_of_recipe (recipe_id, ingredient_id, quantity) values (51, 14, 265);
insert into ingredients_of_recipe (recipe_id, ingredient_id, quantity) values (52, 58, 4);
insert into ingredients_of_recipe (recipe_id, ingredient_id, quantity) values (53, 19, 382);
insert into ingredients_of_recipe (recipe_id, ingredient_id, quantity) values (54, 1, 538);
insert into ingredients_of_recipe (recipe_id, ingredient_id, quantity) values (55, 73, 492);
insert into ingredients_of_recipe (recipe_id, ingredient_id, quantity) values (56, 90, 386);
insert into ingredients_of_recipe (recipe_id, ingredient_id, quantity) values (57, 88, 574);
insert into ingredients_of_recipe (recipe_id, ingredient_id, quantity) values (58, 11, 756);
insert into ingredients_of_recipe (recipe_id, ingredient_id, quantity) values (59, 47, 413);
insert into ingredients_of_recipe (recipe_id, ingredient_id, quantity) values (60, 6, 465);
insert into ingredients_of_recipe (recipe_id, ingredient_id, quantity) values (62, 55, 162);
insert into ingredients_of_recipe (recipe_id, ingredient_id, quantity) values (63, 16, 519);
insert into ingredients_of_recipe (recipe_id, ingredient_id, quantity) values (64, 21, 953);
insert into ingredients_of_recipe (recipe_id, ingredient_id, quantity) values (65, 11, 641);
insert into ingredients_of_recipe (recipe_id, ingredient_id, quantity) values (66, 94, 353);
insert into ingredients_of_recipe (recipe_id, ingredient_id, quantity) values (67, 60, 179);
insert into ingredients_of_recipe (recipe_id, ingredient_id, quantity) values (68, 88, 487);
insert into ingredients_of_recipe (recipe_id, ingredient_id, quantity) values (69, 18, 204);
insert into ingredients_of_recipe (recipe_id, ingredient_id, quantity) values (70, 52, 62);
insert into ingredients_of_recipe (recipe_id, ingredient_id, quantity) values (71, 66, 823);
insert into ingredients_of_recipe (recipe_id, ingredient_id, quantity) values (72, 4, 683);
insert into ingredients_of_recipe (recipe_id, ingredient_id, quantity) values (73, 85, 733);
insert into ingredients_of_recipe (recipe_id, ingredient_id, quantity) values (74, 76, 729);
insert into ingredients_of_recipe (recipe_id, ingredient_id, quantity) values (75, 48, 631);
insert into ingredients_of_recipe (recipe_id, ingredient_id, quantity) values (76, 24, 771);
insert into ingredients_of_recipe (recipe_id, ingredient_id, quantity) values (77, 67, 182);
insert into ingredients_of_recipe (recipe_id, ingredient_id, quantity) values (78, 29, 232);
insert into ingredients_of_recipe (recipe_id, ingredient_id, quantity) values (79, 47, 262);
insert into ingredients_of_recipe (recipe_id, ingredient_id, quantity) values (80, 84, 692);
insert into ingredients_of_recipe (recipe_id, ingredient_id, quantity) values (81, 20, 176);
insert into ingredients_of_recipe (recipe_id, ingredient_id, quantity) values (82, 68, 475);
insert into ingredients_of_recipe (recipe_id, ingredient_id, quantity) values (83, 46, 620);
insert into ingredients_of_recipe (recipe_id, ingredient_id, quantity) values (84, 17, 776);
insert into ingredients_of_recipe (recipe_id, ingredient_id, quantity) values (85, 99, 281);
insert into ingredients_of_recipe (recipe_id, ingredient_id, quantity) values (86, 30, 140);
insert into ingredients_of_recipe (recipe_id, ingredient_id, quantity) values (87, 67, 6);
insert into ingredients_of_recipe (recipe_id, ingredient_id, quantity) values (88, 95, 559);
insert into ingredients_of_recipe (recipe_id, ingredient_id, quantity) values (89, 2, 461);
insert into ingredients_of_recipe (recipe_id, ingredient_id, quantity) values (90, 40, 933);
insert into ingredients_of_recipe (recipe_id, ingredient_id, quantity) values (91, 11, 147);
insert into ingredients_of_recipe (recipe_id, ingredient_id, quantity) values (92, 21, 422);
insert into ingredients_of_recipe (recipe_id, ingredient_id, quantity) values (93, 41, 770);
insert into ingredients_of_recipe (recipe_id, ingredient_id, quantity) values (94, 79, 185);
insert into ingredients_of_recipe (recipe_id, ingredient_id, quantity) values (95, 68, 316);
insert into ingredients_of_recipe (recipe_id, ingredient_id, quantity) values (96, 80, 77);
insert into ingredients_of_recipe (recipe_id, ingredient_id, quantity) values (97, 66, 244);
insert into ingredients_of_recipe (recipe_id, ingredient_id, quantity) values (98, 2, 527);
insert into ingredients_of_recipe (recipe_id, ingredient_id, quantity) values (99, 21, 425);
insert into ingredients_of_recipe (recipe_id, ingredient_id, quantity) values (100, 17, 524);




insert into themes (themes_id, name_of_themes, description_of_themes, image, image_caption) values (1, 'Italian cuisine', 'Tropical paradise', 'https://source.unsplash.com//200x200/?food_themes/1', 'Delicious pasta dish with creamy sauce');
insert into themes (themes_id, name_of_themes, description_of_themes, image, image_caption) values (2, 'Mexican fiesta', 'Cozy comfort food', 'https://source.unsplash.com//200x200/?food_themes/2', 'Freshly baked pizza with melted cheese');
insert into themes (themes_id, name_of_themes, description_of_themes, image, image_caption) values (3, 'Asian fusion', 'Mediterranean feast', 'https://source.unsplash.com//200x200/?food_themes/3', 'Colorful fruit salad with honey drizzle');
insert into themes (themes_id, name_of_themes, description_of_themes, image, image_caption) values (4, 'Mediterranean feast', 'Spicy street food', 'https://source.unsplash.com//200x200/?food_themes/4', 'Juicy burger with crispy fries');
insert into themes (themes_id, name_of_themes, description_of_themes, image, image_caption) values (5, 'Southern comfort', 'Gourmet fusion', 'https://source.unsplash.com//200x200/?food_themes/5', 'Decadent chocolate cake with raspberry sauce');
insert into themes (themes_id, name_of_themes, description_of_themes, image, image_caption) values (6, 'Farm-to-table', 'Farm-to-table freshness', 'https://source.unsplash.com//200x200/?food_themes/6', 'Savory sushi platter with wasabi and soy sauce');
insert into themes (themes_id, name_of_themes, description_of_themes, image, image_caption) values (7, 'BBQ bonanza', 'Decadent desserts', 'https://source.unsplash.com//200x200/?food_themes/7', 'Refreshing smoothie bowl with granola and berries');
insert into themes (themes_id, name_of_themes, description_of_themes, image, image_caption) values (8, 'Seafood extravaganza', 'Savory seafood', 'https://source.unsplash.com//200x200/?food_themes/8', 'Spicy curry dish with fragrant rice');
insert into themes (themes_id, name_of_themes, description_of_themes, image, image_caption) values (9, 'Vegetarian delight', 'Hearty home cooking', 'https://source.unsplash.com//200x200/?food_themes/9', 'Flavorful taco platter with salsa and guacamole');
insert into themes (themes_id, name_of_themes, description_of_themes, image, image_caption) values (10, 'Vegan vibes', 'Exotic flavors', 'https://source.unsplash.com//200x200/?food_themes/10', 'Crunchy salad with mixed greens and vinaigrette');
insert into themes (themes_id, name_of_themes, description_of_themes, image, image_caption) values (11, 'Street food fiesta', 'Healthy salads', 'https://source.unsplash.com//200x200/?food_themes/11', 'Sweet and tangy BBQ ribs with coleslaw');
insert into themes (themes_id, name_of_themes, description_of_themes, image, image_caption) values (12, 'Brunch bliss', 'Rich and creamy', 'https://source.unsplash.com//200x200/?food_themes/12', 'Cheesy macaroni and cheese with breadcrumbs');
insert into themes (themes_id, name_of_themes, description_of_themes, image, image_caption) values (13, 'Gourmet grilling', 'Bold and zesty', 'https://source.unsplash.com//200x200/?food_themes/13', 'Zesty lemon chicken with roasted vegetables');
insert into themes (themes_id, name_of_themes, description_of_themes, image, image_caption) values (14, 'Dessert decadence', 'Light and refreshing', 'https://source.unsplash.com//200x200/?food_themes/14', 'Hearty beef stew with crusty bread');
insert into themes (themes_id, name_of_themes, description_of_themes, image, image_caption) values (15, 'Healthy eating', 'Satisfying soups', 'https://source.unsplash.com//200x200/?food_themes/15', 'Golden fried chicken with mashed potatoes');
insert into themes (themes_id, name_of_themes, description_of_themes, image, image_caption) values (16, 'Spicy sensations', 'Wholesome grains', 'https://source.unsplash.com//200x200/?food_themes/16', 'Fluffy pancakes with maple syrup and berries');
insert into themes (themes_id, name_of_themes, description_of_themes, image, image_caption) values (17, 'Comfort food classics', 'Flavorful spices', 'https://source.unsplash.com//200x200/?food_themes/17', 'Rich tiramisu dessert with coffee flavor');
insert into themes (themes_id, name_of_themes, description_of_themes, image, image_caption) values (18, 'Global flavors', 'Indulgent treats', 'https://source.unsplash.com//200x200/?food_themes/18', 'Garlicky shrimp scampi with pasta');
insert into themes (themes_id, name_of_themes, description_of_themes, image, image_caption) values (19, 'Holiday feasts', 'Crisp and crunchy', 'https://source.unsplash.com//200x200/?food_themes/19', 'Nutty granola bars with chocolate chips');
insert into themes (themes_id, name_of_themes, description_of_themes, image, image_caption) values (20, 'Food truck frenzy', 'Warm and comforting', 'https://source.unsplash.com//200x200/?food_themes/20', 'Creamy risotto with mushrooms and parmesan');
insert into themes (themes_id, name_of_themes, description_of_themes, image, image_caption) values (21, 'Cooking with wine', 'Vibrant vegetarian', 'https://source.unsplash.com//200x200/?food_themes/21', 'Spicy buffalo wings with blue cheese dip');
insert into themes (themes_id, name_of_themes, description_of_themes, image, image_caption) values (22, 'One-pot wonders', 'Protein-packed', 'https://source.unsplash.com//200x200/?food_themes/22', 'Light and fluffy souffle with fresh herbs');
insert into themes (themes_id, name_of_themes, description_of_themes, image, image_caption) values (23, 'Slow cooker magic', 'Sweet and savory', 'https://source.unsplash.com//200x200/?food_themes/23', 'Crunchy fish and chips with tartar sauce');
insert into themes (themes_id, name_of_themes, description_of_themes, image, image_caption) values (24, 'Quick and easy meals', 'Tangy citrus', 'https://source.unsplash.com//200x200/?food_themes/24', 'Sweet and savory crepes with ham and cheese');
insert into themes (themes_id, name_of_themes, description_of_themes, image, image_caption) values (25, 'Baking adventures', 'Smokey barbecue', 'https://source.unsplash.com//200x200/?food_themes/25', 'Smoky BBQ pulled pork sandwich with slaw');
insert into themes (themes_id, name_of_themes, description_of_themes, image, image_caption) values (26, 'Soup and stew season', 'Creamy pasta dishes', 'https://source.unsplash.com//200x200/?food_themes/26', 'Spicy kimchi fried rice with fried egg');
insert into themes (themes_id, name_of_themes, description_of_themes, image, image_caption) values (27, 'Grilling and chilling', 'Fresh fruit medley', 'https://source.unsplash.com//200x200/?food_themes/27', 'Flaky croissant with butter and jam');
insert into themes (themes_id, name_of_themes, description_of_themes, image, image_caption) values (28, 'Pasta party', 'Sizzling stir-fry', 'https://source.unsplash.com//200x200/?food_themes/28', 'Velvety pumpkin soup with toasted seeds');
insert into themes (themes_id, name_of_themes, description_of_themes, image, image_caption) values (29, 'Taco Tuesday', 'Succulent steaks', 'https://source.unsplash.com//200x200/?food_themes/29', 'Chewy oatmeal cookies with raisins');
insert into themes (themes_id, name_of_themes, description_of_themes, image, image_caption) values (30, 'Sushi night', 'Zesty Mexican fiesta', 'https://source.unsplash.com//200x200/?food_themes/30', 'Spicy jalapeno poppers with cream cheese');
insert into themes (themes_id, name_of_themes, description_of_themes, image, image_caption) values (31, 'Curry creations', 'Savory sushi rolls', 'https://source.unsplash.com//200x200/?food_themes/31', 'Flavorful paella with seafood and chorizo');
insert into themes (themes_id, name_of_themes, description_of_themes, image, image_caption) values (32, 'Homestyle favorites', 'Spicy curry dishes', 'https://source.unsplash.com//200x200/?food_themes/32', 'Crunchy tempura shrimp with dipping sauce');
insert into themes (themes_id, name_of_themes, description_of_themes, image, image_caption) values (33, 'Fresh and flavorful', 'Hearty stews', 'https://source.unsplash.com//200x200/?food_themes/33', 'Sweet and sour pork with pineapple and peppers');
insert into themes (themes_id, name_of_themes, description_of_themes, image, image_caption) values (34, 'Family favorites', 'Delicate pastries', 'https://source.unsplash.com//200x200/?food_themes/34', 'Creamy clam chowder with oyster crackers');
insert into themes (themes_id, name_of_themes, description_of_themes, image, image_caption) values (35, 'Cooking for a crowd', 'Sizzling fajitas', 'https://source.unsplash.com//200x200/?food_themes/35', 'Spicy chili con carne with cornbread');
insert into themes (themes_id, name_of_themes, description_of_themes, image, image_caption) values (36, 'Weeknight wonders', 'Crispy fried favorites', 'https://source.unsplash.com//200x200/?food_themes/36', 'Fluffy angel food cake with whipped cream');
insert into themes (themes_id, name_of_themes, description_of_themes, image, image_caption) values (37, 'Date night delights', 'Satisfying sandwiches', 'https://source.unsplash.com//200x200/?food_themes/37', 'Rich and creamy cheesecake with fruit topping');
insert into themes (themes_id, name_of_themes, description_of_themes, image, image_caption) values (38, 'Cooking with kids', 'Creamy risottos', 'https://source.unsplash.com//200x200/?food_themes/38', 'Zesty guacamole with crispy tortilla chips');
insert into themes (themes_id, name_of_themes, description_of_themes, image, image_caption) values (39, 'Picnic perfection', 'Flavorful flatbreads', 'https://source.unsplash.com//200x200/?food_themes/39', 'Decadent molten lava cake with vanilla ice cream');
insert into themes (themes_id, name_of_themes, description_of_themes, image, image_caption) values (40, 'Cocktail hour', 'Zesty tacos', 'https://source.unsplash.com//200x200/?food_themes/40', 'Refreshing cucumber salad with dill dressing');
insert into themes (themes_id, name_of_themes, description_of_themes, image, image_caption) values (41, 'Game day grub', 'Savory pies', 'https://source.unsplash.com//200x200/?food_themes/41', 'Spicy pad thai noodles with peanuts and lime');
insert into themes (themes_id, name_of_themes, description_of_themes, image, image_caption) values (42, 'Breakfast for dinner', 'Refreshing smoothies', 'https://source.unsplash.com//200x200/?food_themes/42', 'Flavorful falafel wrap with tahini sauce');
insert into themes (themes_id, name_of_themes, description_of_themes, image, image_caption) values (43, 'Dinner party elegance', 'Decadent chocolate treats', 'https://source.unsplash.com//200x200/?food_themes/43', 'Sweet and sticky teriyaki chicken with rice');
insert into themes (themes_id, name_of_themes, description_of_themes, image, image_caption) values (44, 'Foodie adventures', 'Sizzling kebabs', 'https://source.unsplash.com//200x200/?food_themes/44', 'Crunchy onion rings with spicy dipping sauce');
insert into themes (themes_id, name_of_themes, description_of_themes, image, image_caption) values (45, 'Budget-friendly meals', 'Savory dumplings', 'https://source.unsplash.com//200x200/?food_themes/45', 'Savory beef brisket with BBQ sauce');
insert into themes (themes_id, name_of_themes, description_of_themes, image, image_caption) values (46, 'Cooking with herbs', 'Crispy spring rolls', 'https://source.unsplash.com//200x200/?food_themes/46', 'Fluffy Belgian waffles with strawberries and cream');
insert into themes (themes_id, name_of_themes, description_of_themes, image, image_caption) values (47, 'Homemade happiness', 'Hearty casseroles', 'https://source.unsplash.com//200x200/?food_themes/47', 'Delicious pasta dish with creamy sauce');
insert into themes (themes_id, name_of_themes, description_of_themes, image, image_caption) values (48, 'Spice it up', 'Flavorful tapas', 'https://source.unsplash.com//200x200/?food_themes/48', 'Freshly baked pizza with melted cheese');
insert into themes (themes_id, name_of_themes, description_of_themes, image, image_caption) values (49, 'Italian cuisine', 'Zesty salsas', 'https://source.unsplash.com//200x200/?food_themes/49', 'Colorful fruit salad with honey drizzle');
insert into themes (themes_id, name_of_themes, description_of_themes, image, image_caption) values (50, 'Mexican fiesta', 'Tropical paradise', 'https://source.unsplash.com//200x200/?food_themes/50', 'Juicy burger with crispy fries');



insert into themes_of_recipe (recipe, theme_id) values (1, 19);
insert into themes_of_recipe (recipe, theme_id) values (2, 36);
insert into themes_of_recipe (recipe, theme_id) values (3, 11);
insert into themes_of_recipe (recipe, theme_id) values (4, 6);
insert into themes_of_recipe (recipe, theme_id) values (5, 30);
insert into themes_of_recipe (recipe, theme_id) values (6, 8);
insert into themes_of_recipe (recipe, theme_id) values (7, 4);
insert into themes_of_recipe (recipe, theme_id) values (8, 4);
insert into themes_of_recipe (recipe, theme_id) values (9, 27);
insert into themes_of_recipe (recipe, theme_id) values (10, 32);
insert into themes_of_recipe (recipe, theme_id) values (11, 11);
insert into themes_of_recipe (recipe, theme_id) values (12, 35);
insert into themes_of_recipe (recipe, theme_id) values (13, 18);
insert into themes_of_recipe (recipe, theme_id) values (14, 39);
insert into themes_of_recipe (recipe, theme_id) values (15, 17);
insert into themes_of_recipe (recipe, theme_id) values (16, 12);
insert into themes_of_recipe (recipe, theme_id) values (17, 33);
insert into themes_of_recipe (recipe, theme_id) values (18, 50);
insert into themes_of_recipe (recipe, theme_id) values (19, 49);
insert into themes_of_recipe (recipe, theme_id) values (20, 44);
insert into themes_of_recipe (recipe, theme_id) values (21, 19);
insert into themes_of_recipe (recipe, theme_id) values (22, 17);
insert into themes_of_recipe (recipe, theme_id) values (23, 43);
insert into themes_of_recipe (recipe, theme_id) values (24, 9);
insert into themes_of_recipe (recipe, theme_id) values (25, 1);
insert into themes_of_recipe (recipe, theme_id) values (26, 30);
insert into themes_of_recipe (recipe, theme_id) values (27, 10);
insert into themes_of_recipe (recipe, theme_id) values (28, 29);
insert into themes_of_recipe (recipe, theme_id) values (29, 4);
insert into themes_of_recipe (recipe, theme_id) values (30, 14);
insert into themes_of_recipe (recipe, theme_id) values (31, 11);
insert into themes_of_recipe (recipe, theme_id) values (32, 31);
insert into themes_of_recipe (recipe, theme_id) values (33, 11);
insert into themes_of_recipe (recipe, theme_id) values (34, 22);
insert into themes_of_recipe (recipe, theme_id) values (35, 44);
insert into themes_of_recipe (recipe, theme_id) values (36, 11);
insert into themes_of_recipe (recipe, theme_id) values (37, 36);
insert into themes_of_recipe (recipe, theme_id) values (38, 13);
insert into themes_of_recipe (recipe, theme_id) values (39, 12);
insert into themes_of_recipe (recipe, theme_id) values (40, 15);
insert into themes_of_recipe (recipe, theme_id) values (41, 36);
insert into themes_of_recipe (recipe, theme_id) values (42, 46);
insert into themes_of_recipe (recipe, theme_id) values (43, 2);
insert into themes_of_recipe (recipe, theme_id) values (44, 7);
insert into themes_of_recipe (recipe, theme_id) values (45, 21);
insert into themes_of_recipe (recipe, theme_id) values (46, 20);
insert into themes_of_recipe (recipe, theme_id) values (47, 13);
insert into themes_of_recipe (recipe, theme_id) values (48, 10);
insert into themes_of_recipe (recipe, theme_id) values (49, 37);
insert into themes_of_recipe (recipe, theme_id) values (50, 39);
insert into themes_of_recipe (recipe, theme_id) values (51, 33);
insert into themes_of_recipe (recipe, theme_id) values (52, 44);
insert into themes_of_recipe (recipe, theme_id) values (53, 19);
insert into themes_of_recipe (recipe, theme_id) values (54, 32);
insert into themes_of_recipe (recipe, theme_id) values (55, 19);
insert into themes_of_recipe (recipe, theme_id) values (56, 15);
insert into themes_of_recipe (recipe, theme_id) values (57, 16);
insert into themes_of_recipe (recipe, theme_id) values (58, 40);
insert into themes_of_recipe (recipe, theme_id) values (59, 29);
insert into themes_of_recipe (recipe, theme_id) values (60, 3);
insert into themes_of_recipe (recipe, theme_id) values (61, 16);
insert into themes_of_recipe (recipe, theme_id) values (62, 30);
insert into themes_of_recipe (recipe, theme_id) values (63, 33);
insert into themes_of_recipe (recipe, theme_id) values (64, 34);
insert into themes_of_recipe (recipe, theme_id) values (65, 33);
insert into themes_of_recipe (recipe, theme_id) values (66, 47);
insert into themes_of_recipe (recipe, theme_id) values (67, 11);
insert into themes_of_recipe (recipe, theme_id) values (68, 44);
insert into themes_of_recipe (recipe, theme_id) values (69, 42);
insert into themes_of_recipe (recipe, theme_id) values (70, 34);
insert into themes_of_recipe (recipe, theme_id) values (71, 28);
insert into themes_of_recipe (recipe, theme_id) values (72, 12);
insert into themes_of_recipe (recipe, theme_id) values (73, 22);
insert into themes_of_recipe (recipe, theme_id) values (74, 49);
insert into themes_of_recipe (recipe, theme_id) values (75, 14);
insert into themes_of_recipe (recipe, theme_id) values (76, 7);
insert into themes_of_recipe (recipe, theme_id) values (77, 36);
insert into themes_of_recipe (recipe, theme_id) values (78, 33);
insert into themes_of_recipe (recipe, theme_id) values (79, 39);
insert into themes_of_recipe (recipe, theme_id) values (80, 44);
insert into themes_of_recipe (recipe, theme_id) values (81, 25);
insert into themes_of_recipe (recipe, theme_id) values (82, 48);
insert into themes_of_recipe (recipe, theme_id) values (83, 41);
insert into themes_of_recipe (recipe, theme_id) values (84, 33);
insert into themes_of_recipe (recipe, theme_id) values (85, 12);
insert into themes_of_recipe (recipe, theme_id) values (86, 17);
insert into themes_of_recipe (recipe, theme_id) values (87, 12);
insert into themes_of_recipe (recipe, theme_id) values (88, 26);
insert into themes_of_recipe (recipe, theme_id) values (89, 41);
insert into themes_of_recipe (recipe, theme_id) values (90, 29);
insert into themes_of_recipe (recipe, theme_id) values (91, 47);
insert into themes_of_recipe (recipe, theme_id) values (92, 23);
insert into themes_of_recipe (recipe, theme_id) values (93, 46);
insert into themes_of_recipe (recipe, theme_id) values (94, 3);
insert into themes_of_recipe (recipe, theme_id) values (95, 17);
insert into themes_of_recipe (recipe, theme_id) values (96, 49);
insert into themes_of_recipe (recipe, theme_id) values (97, 3);
insert into themes_of_recipe (recipe, theme_id) values (98, 41);
insert into themes_of_recipe (recipe, theme_id) values (99, 3);
insert into themes_of_recipe (recipe, theme_id) values (100, 50);
insert into themes_of_recipe (recipe, theme_id) values (1, 50);
insert into themes_of_recipe (recipe, theme_id) values (2, 45);
insert into themes_of_recipe (recipe, theme_id) values (3, 33);
insert into themes_of_recipe (recipe, theme_id) values (4, 16);
insert into themes_of_recipe (recipe, theme_id) values (5, 34);
insert into themes_of_recipe (recipe, theme_id) values (6, 45);
insert into themes_of_recipe (recipe, theme_id) values (7, 9);
insert into themes_of_recipe (recipe, theme_id) values (8, 33);
insert into themes_of_recipe (recipe, theme_id) values (9, 20);
insert into themes_of_recipe (recipe, theme_id) values (10, 41);
insert into themes_of_recipe (recipe, theme_id) values (11, 39);
insert into themes_of_recipe (recipe, theme_id) values (12, 1);
insert into themes_of_recipe (recipe, theme_id) values (13, 17);
insert into themes_of_recipe (recipe, theme_id) values (14, 43);
insert into themes_of_recipe (recipe, theme_id) values (15, 7);
insert into themes_of_recipe (recipe, theme_id) values (16, 23);
insert into themes_of_recipe (recipe, theme_id) values (17, 25);
insert into themes_of_recipe (recipe, theme_id) values (18, 2);
insert into themes_of_recipe (recipe, theme_id) values (19, 22);
insert into themes_of_recipe (recipe, theme_id) values (20, 21);
insert into themes_of_recipe (recipe, theme_id) values (21, 30);
insert into themes_of_recipe (recipe, theme_id) values (22, 21);
insert into themes_of_recipe (recipe, theme_id) values (23, 9);
insert into themes_of_recipe (recipe, theme_id) values (24, 50);
insert into themes_of_recipe (recipe, theme_id) values (25, 47);
insert into themes_of_recipe (recipe, theme_id) values (26, 10);
insert into themes_of_recipe (recipe, theme_id) values (27, 32);
insert into themes_of_recipe (recipe, theme_id) values (28, 47);
insert into themes_of_recipe (recipe, theme_id) values (29, 50);
insert into themes_of_recipe (recipe, theme_id) values (30, 35);
insert into themes_of_recipe (recipe, theme_id) values (31, 3);
insert into themes_of_recipe (recipe, theme_id) values (32, 29);
insert into themes_of_recipe (recipe, theme_id) values (33, 33);
insert into themes_of_recipe (recipe, theme_id) values (34, 37);
insert into themes_of_recipe (recipe, theme_id) values (35, 7);
insert into themes_of_recipe (recipe, theme_id) values (36, 2);
insert into themes_of_recipe (recipe, theme_id) values (37, 33);
insert into themes_of_recipe (recipe, theme_id) values (38, 30);
insert into themes_of_recipe (recipe, theme_id) values (39, 13);
insert into themes_of_recipe (recipe, theme_id) values (40, 44);
insert into themes_of_recipe (recipe, theme_id) values (41, 22);
insert into themes_of_recipe (recipe, theme_id) values (42, 33);
insert into themes_of_recipe (recipe, theme_id) values (43, 29);
insert into themes_of_recipe (recipe, theme_id) values (44, 30);
insert into themes_of_recipe (recipe, theme_id) values (45, 46);
insert into themes_of_recipe (recipe, theme_id) values (46, 17);
insert into themes_of_recipe (recipe, theme_id) values (47, 3);
insert into themes_of_recipe (recipe, theme_id) values (48, 40);
insert into themes_of_recipe (recipe, theme_id) values (49, 18);
insert into themes_of_recipe (recipe, theme_id) values (50, 15);
insert into themes_of_recipe (recipe, theme_id) values (51, 42);
insert into themes_of_recipe (recipe, theme_id) values (52, 29);
insert into themes_of_recipe (recipe, theme_id) values (53, 14);
insert into themes_of_recipe (recipe, theme_id) values (54, 33);
insert into themes_of_recipe (recipe, theme_id) values (55, 17);
insert into themes_of_recipe (recipe, theme_id) values (56, 6);
insert into themes_of_recipe (recipe, theme_id) values (57, 50);
insert into themes_of_recipe (recipe, theme_id) values (58, 8);
insert into themes_of_recipe (recipe, theme_id) values (59, 48);
insert into themes_of_recipe (recipe, theme_id) values (60, 46);
insert into themes_of_recipe (recipe, theme_id) values (61, 24);
insert into themes_of_recipe (recipe, theme_id) values (62, 45);
insert into themes_of_recipe (recipe, theme_id) values (63, 34);
insert into themes_of_recipe (recipe, theme_id) values (64, 22);
insert into themes_of_recipe (recipe, theme_id) values (65, 13);
insert into themes_of_recipe (recipe, theme_id) values (66, 41);
insert into themes_of_recipe (recipe, theme_id) values (67, 47);
insert into themes_of_recipe (recipe, theme_id) values (68, 23);
insert into themes_of_recipe (recipe, theme_id) values (69, 1);
insert into themes_of_recipe (recipe, theme_id) values (70, 14);
insert into themes_of_recipe (recipe, theme_id) values (71, 10);
insert into themes_of_recipe (recipe, theme_id) values (72, 41);
insert into themes_of_recipe (recipe, theme_id) values (73, 38);
insert into themes_of_recipe (recipe, theme_id) values (74, 31);
insert into themes_of_recipe (recipe, theme_id) values (75, 24);
insert into themes_of_recipe (recipe, theme_id) values (76, 42);
insert into themes_of_recipe (recipe, theme_id) values (77, 28);
insert into themes_of_recipe (recipe, theme_id) values (78, 3);
insert into themes_of_recipe (recipe, theme_id) values (79, 17);
insert into themes_of_recipe (recipe, theme_id) values (80, 32);
insert into themes_of_recipe (recipe, theme_id) values (81, 46);
insert into themes_of_recipe (recipe, theme_id) values (82, 2);
insert into themes_of_recipe (recipe, theme_id) values (83, 25);
insert into themes_of_recipe (recipe, theme_id) values (84, 50);
insert into themes_of_recipe (recipe, theme_id) values (85, 39);
insert into themes_of_recipe (recipe, theme_id) values (86, 42);
insert into themes_of_recipe (recipe, theme_id) values (87, 9);
insert into themes_of_recipe (recipe, theme_id) values (88, 32);
insert into themes_of_recipe (recipe, theme_id) values (89, 3);
insert into themes_of_recipe (recipe, theme_id) values (90, 19);
insert into themes_of_recipe (recipe, theme_id) values (91, 44);
insert into themes_of_recipe (recipe, theme_id) values (92, 30);
insert into themes_of_recipe (recipe, theme_id) values (93, 41);
insert into themes_of_recipe (recipe, theme_id) values (94, 20);
insert into themes_of_recipe (recipe, theme_id) values (95, 49);
insert into themes_of_recipe (recipe, theme_id) values (96, 2);
insert into themes_of_recipe (recipe, theme_id) values (97, 45);
insert into themes_of_recipe (recipe, theme_id) values (98, 35);
insert into themes_of_recipe (recipe, theme_id) values (99, 2);
insert into themes_of_recipe (recipe, theme_id) values (100, 26);



insert into equipment (equipment_id, name_of_equipment, equipment_description, image, image_caption) values (1, 'spatula', 'strainer', 'https://source.unsplash.com//200x200/?cookingequipment/50', 'smoker');
insert into equipment (equipment_id, name_of_equipment, equipment_description, image, image_caption) values (2, 'whisk', 'electric knife', 'https://source.unsplash.com//200x200/?cookingequipment/49', 'corkscrew');
insert into equipment (equipment_id, name_of_equipment, equipment_description, image, image_caption) values (3, 'mixing bowl', 'sous vide machine', 'https://source.unsplash.com//200x200/?cookingequipment/84', 'ladle');
insert into equipment (equipment_id, name_of_equipment, equipment_description, image, image_caption) values (4, 'measuring cup', 'toaster oven', 'https://source.unsplash.com//200x200/?cookingequipment/85', 'potato masher');
insert into equipment (equipment_id, name_of_equipment, equipment_description, image, image_caption) values (5, 'cutting board', 'Dutch oven', 'https://source.unsplash.com//200x200/?cookingequipment/63', 'electric kettle');
insert into equipment (equipment_id, name_of_equipment, equipment_description, image, image_caption) values (6, 'chef''s knife', 'tongs', 'https://source.unsplash.com//200x200/?cookingequipment/9', 'ramekins');
insert into equipment (equipment_id, name_of_equipment, equipment_description, image, image_caption) values (7, 'rolling pin', 'baking sheet', 'https://source.unsplash.com//200x200/?cookingequipment/54', 'spatula');
insert into equipment (equipment_id, name_of_equipment, equipment_description, image, image_caption) values (8, 'colander', 'ice cream maker', 'https://source.unsplash.com//200x200/?cookingequipment/11', 'mixing bowl');
insert into equipment (equipment_id, name_of_equipment, equipment_description, image, image_caption) values (9, 'tongs', 'spice grinder', 'https://source.unsplash.com//200x200/?cookingequipment/89', 'cheese grater');
insert into equipment (equipment_id, name_of_equipment, equipment_description, image, image_caption) values (10, 'peeler', 'mortar and pestle', 'https://source.unsplash.com//200x200/?cookingequipment/11', 'cheese plane');
insert into equipment (equipment_id, name_of_equipment, equipment_description, image, image_caption) values (11, 'grater', 'chef''s knife', 'https://source.unsplash.com//200x200/?cookingequipment/36', 'cutting board');
insert into equipment (equipment_id, name_of_equipment, equipment_description, image, image_caption) values (12, 'strainer', 'colander', 'https://source.unsplash.com//200x200/?cookingequipment/75', 'rolling pin');
insert into equipment (equipment_id, name_of_equipment, equipment_description, image, image_caption) values (13, 'ladle', 'baking sheet', 'https://source.unsplash.com//200x200/?cookingequipment/33', 'caviar spoon');
insert into equipment (equipment_id, name_of_equipment, equipment_description, image, image_caption) values (14, 'potato masher', 'electric rice cooker', 'https://source.unsplash.com//200x200/?cookingequipment/90', 'spatula');
insert into equipment (equipment_id, name_of_equipment, equipment_description, image, image_caption) values (15, 'pastry brush', 'pressure cooker', 'https://source.unsplash.com//200x200/?cookingequipment/54', 'meat injector');
insert into equipment (equipment_id, name_of_equipment, equipment_description, image, image_caption) values (16, 'oven mitts', 'melon baller', 'https://source.unsplash.com//200x200/?cookingequipment/95', 'coffee grinder');
insert into equipment (equipment_id, name_of_equipment, equipment_description, image, image_caption) values (17, 'kitchen shears', 'electric milk frother', 'https://source.unsplash.com//200x200/?cookingequipment/20', 'escargot tongs');
insert into equipment (equipment_id, name_of_equipment, equipment_description, image, image_caption) values (18, 'meat thermometer', 'pastry brush', 'https://source.unsplash.com//200x200/?cookingequipment/56', 'melon baller');
insert into equipment (equipment_id, name_of_equipment, equipment_description, image, image_caption) values (19, 'food processor', 'electric griddle', 'https://source.unsplash.com//200x200/?cookingequipment/58', 'peeler');
insert into equipment (equipment_id, name_of_equipment, equipment_description, image, image_caption) values (20, 'blender', 'spatula', 'https://source.unsplash.com//200x200/?cookingequipment/42', 'sous vide machine');
insert into equipment (equipment_id, name_of_equipment, equipment_description, image, image_caption) values (21, 'stand mixer', 'cheese grater', 'https://source.unsplash.com//200x200/?cookingequipment/25', 'grill pan');
insert into equipment (equipment_id, name_of_equipment, equipment_description, image, image_caption) values (22, 'saucepan', 'electric knife', 'https://source.unsplash.com//200x200/?cookingequipment/32', 'fondue pot');
insert into equipment (equipment_id, name_of_equipment, equipment_description, image, image_caption) values (23, 'skillet', 'basting brush', 'https://source.unsplash.com//200x200/?cookingequipment/68', 'cake stand');
insert into equipment (equipment_id, name_of_equipment, equipment_description, image, image_caption) values (24, 'roasting pan', 'whisk', 'https://source.unsplash.com//200x200/?cookingequipment/50', 'cutting board');
insert into equipment (equipment_id, name_of_equipment, equipment_description, image, image_caption) values (25, 'baking sheet', 'ice cream maker', 'https://source.unsplash.com//200x200/?cookingequipment/20', 'grater');
insert into equipment (equipment_id, name_of_equipment, equipment_description, image, image_caption) values (26, 'casserole dish', 'juicer', 'https://source.unsplash.com//200x200/?cookingequipment/99', 'whisk');
insert into equipment (equipment_id, name_of_equipment, equipment_description, image, image_caption) values (27, 'slow cooker', 'popcorn maker', 'https://source.unsplash.com//200x200/?cookingequipment/38', 'wok');
insert into equipment (equipment_id, name_of_equipment, equipment_description, image, image_caption) values (28, 'rice cooker', 'ladle', 'https://source.unsplash.com//200x200/?cookingequipment/22', 'ice cream scoop');
insert into equipment (equipment_id, name_of_equipment, equipment_description, image, image_caption) values (29, 'pressure cooker', 'Dutch oven', 'https://source.unsplash.com//200x200/?cookingequipment/95', 'tongs');
insert into equipment (equipment_id, name_of_equipment, equipment_description, image, image_caption) values (30, 'grill pan', 'canning jars', 'https://source.unsplash.com//200x200/?cookingequipment/11', 'tongs');
insert into equipment (equipment_id, name_of_equipment, equipment_description, image, image_caption) values (31, 'wok', 'electric kettle', 'https://source.unsplash.com//200x200/?cookingequipment/34', 'lobster crackers');
insert into equipment (equipment_id, name_of_equipment, equipment_description, image, image_caption) values (32, 'frying pan', 'garlic press', 'https://source.unsplash.com//200x200/?cookingequipment/17', 'basting brush');
insert into equipment (equipment_id, name_of_equipment, equipment_description, image, image_caption) values (33, 'steamer basket', 'rolling pin', 'https://source.unsplash.com//200x200/?cookingequipment/54', 'coffee grinder');
insert into equipment (equipment_id, name_of_equipment, equipment_description, image, image_caption) values (34, 'mortar and pestle', 'casserole dish', 'https://source.unsplash.com//200x200/?cookingequipment/99', 'apple corer');
insert into equipment (equipment_id, name_of_equipment, equipment_description, image, image_caption) values (35, 'mandoline', 'electric popcorn maker', 'https://source.unsplash.com//200x200/?cookingequipment/56', 'food dehydrator');
insert into equipment (equipment_id, name_of_equipment, equipment_description, image, image_caption) values (36, 'pasta maker', 'meat tenderizer', 'https://source.unsplash.com//200x200/?cookingequipment/38', 'tortilla press');
insert into equipment (equipment_id, name_of_equipment, equipment_description, image, image_caption) values (37, 'juicer', 'salad spinner', 'https://source.unsplash.com//200x200/?cookingequipment/45', 'kitchen shears');
insert into equipment (equipment_id, name_of_equipment, equipment_description, image, image_caption) values (38, 'coffee maker', 'stockpot', 'https://source.unsplash.com//200x200/?cookingequipment/49', 'cheese grater');
insert into equipment (equipment_id, name_of_equipment, equipment_description, image, image_caption) values (39, 'toaster oven', 'electric pasta maker', 'https://source.unsplash.com//200x200/?cookingequipment/88', 'apple corer');
insert into equipment (equipment_id, name_of_equipment, equipment_description, image, image_caption) values (40, 'microwave', 'muffin tin', 'https://source.unsplash.com//200x200/?cookingequipment/41', 'rice cooker');
insert into equipment (equipment_id, name_of_equipment, equipment_description, image, image_caption) values (41, 'instant pot', 'mandoline slicer', 'https://source.unsplash.com//200x200/?cookingequipment/59', 'roasting pan');
insert into equipment (equipment_id, name_of_equipment, equipment_description, image, image_caption) values (42, 'electric kettle', 'melon baller', 'https://source.unsplash.com//200x200/?cookingequipment/23', 'piping tips');
insert into equipment (equipment_id, name_of_equipment, equipment_description, image, image_caption) values (43, 'food scale', 'salad spinner', 'https://source.unsplash.com//200x200/?cookingequipment/74', 'hand mixer');
insert into equipment (equipment_id, name_of_equipment, equipment_description, image, image_caption) values (44, 'salad spinner', 'steamer basket', 'https://source.unsplash.com//200x200/?cookingequipment/12', 'crab cracker');
insert into equipment (equipment_id, name_of_equipment, equipment_description, image, image_caption) values (45, 'ice cream maker', 'spatula', 'https://source.unsplash.com//200x200/?cookingequipment/98', 'smoker');
insert into equipment (equipment_id, name_of_equipment, equipment_description, image, image_caption) values (46, 'popcorn maker', 'rolling pin', 'https://source.unsplash.com//200x200/?cookingequipment/67', 'ice cream scoop');
insert into equipment (equipment_id, name_of_equipment, equipment_description, image, image_caption) values (47, 'bread maker', 'electric skillet', 'https://source.unsplash.com//200x200/?cookingequipment/22', 'colander');
insert into equipment (equipment_id, name_of_equipment, equipment_description, image, image_caption) values (48, 'piping bags', 'melon baller', 'https://source.unsplash.com//200x200/?cookingequipment/49', 'pasta maker');
insert into equipment (equipment_id, name_of_equipment, equipment_description, image, image_caption) values (49, 'cookie cutters', 'blender', 'https://source.unsplash.com//200x200/?cookingequipment/19', 'crab cracker');
insert into equipment (equipment_id, name_of_equipment, equipment_description, image, image_caption) values (50, 'cake stand', 'coffee maker', 'https://source.unsplash.com//200x200/?cookingequipment/49', 'cheese plane');
insert into equipment (equipment_id, name_of_equipment, equipment_description, image, image_caption) values (51, 'cheese grater', 'sous vide machine', 'https://source.unsplash.com//200x200/?cookingequipment/78', 'cake stand');
insert into equipment (equipment_id, name_of_equipment, equipment_description, image, image_caption) values (52, 'garlic press', 'tea infuser', 'https://source.unsplash.com//200x200/?cookingequipment/15', 'truffle slicer');
insert into equipment (equipment_id, name_of_equipment, equipment_description, image, image_caption) values (53, 'egg separator', 'cake pan', 'https://source.unsplash.com//200x200/?cookingequipment/45', 'meat grinder');
insert into equipment (equipment_id, name_of_equipment, equipment_description, image, image_caption) values (54, 'melon baller', 'kitchen shears', 'https://source.unsplash.com//200x200/?cookingequipment/95', 'electric kettle');
insert into equipment (equipment_id, name_of_equipment, equipment_description, image, image_caption) values (55, 'kitchen torch', 'chef''s knife', 'https://source.unsplash.com//200x200/?cookingequipment/12', 'pie dish');
insert into equipment (equipment_id, name_of_equipment, equipment_description, image, image_caption) values (56, 'meat tenderizer', 'pie dish', 'https://source.unsplash.com//200x200/?cookingequipment/14', 'cheese markers');
insert into equipment (equipment_id, name_of_equipment, equipment_description, image, image_caption) values (57, 'onion goggles', 'mortar and pestle', 'https://source.unsplash.com//200x200/?cookingequipment/1', 'grater');
insert into equipment (equipment_id, name_of_equipment, equipment_description, image, image_caption) values (58, 'spice grinder', 'electric popcorn maker', 'https://source.unsplash.com//200x200/?cookingequipment/64', 'slow cooker');
insert into equipment (equipment_id, name_of_equipment, equipment_description, image, image_caption) values (59, 'tea infuser', 'whisk', 'https://source.unsplash.com//200x200/?cookingequipment/28', 'food dehydrator');
insert into equipment (equipment_id, name_of_equipment, equipment_description, image, image_caption) values (60, 'muffin tin', 'electric wok', 'https://source.unsplash.com//200x200/?cookingequipment/67', 'grill pan');
insert into equipment (equipment_id, name_of_equipment, equipment_description, image, image_caption) values (61, 'bundt pan', 'electric ice cream maker', 'https://source.unsplash.com//200x200/?cookingequipment/93', 'melon baller');
insert into equipment (equipment_id, name_of_equipment, equipment_description, image, image_caption) values (62, 'springform pan', 'electric wine opener', 'https://source.unsplash.com//200x200/?cookingequipment/31', 'cheese board');
insert into equipment (equipment_id, name_of_equipment, equipment_description, image, image_caption) values (63, 'loaf pan', 'ladle', 'https://source.unsplash.com//200x200/?cookingequipment/14', 'grill basket');
insert into equipment (equipment_id, name_of_equipment, equipment_description, image, image_caption) values (64, 'pie dish', 'chef''s knife', 'https://source.unsplash.com//200x200/?cookingequipment/7', 'tongs');
insert into equipment (equipment_id, name_of_equipment, equipment_description, image, image_caption) values (65, 'ramekins', 'electric pasta maker', 'https://source.unsplash.com//200x200/?cookingequipment/22', 'food dehydrator');
insert into equipment (equipment_id, name_of_equipment, equipment_description, image, image_caption) values (66, 'cupcake liners', 'steamer basket', 'https://source.unsplash.com//200x200/?cookingequipment/66', 'strainer');
insert into equipment (equipment_id, name_of_equipment, equipment_description, image, image_caption) values (67, 'pastry cutter', 'espresso machine', 'https://source.unsplash.com//200x200/?cookingequipment/63', 'spatula');
insert into equipment (equipment_id, name_of_equipment, equipment_description, image, image_caption) values (68, 'dough scraper', 'cookie cutters', 'https://source.unsplash.com//200x200/?cookingequipment/23', 'cheese wire');
insert into equipment (equipment_id, name_of_equipment, equipment_description, image, image_caption) values (69, 'basting brush', 'toaster oven', 'https://source.unsplash.com//200x200/?cookingequipment/92', 'meat grinder');
insert into equipment (equipment_id, name_of_equipment, equipment_description, image, image_caption) values (70, 'trivet', 'canning jars', 'https://source.unsplash.com//200x200/?cookingequipment/82', 'basting brush');
insert into equipment (equipment_id, name_of_equipment, equipment_description, image, image_caption) values (71, 'kitchen timer', 'popcorn maker', 'https://source.unsplash.com//200x200/?cookingequipment/76', 'cookie cutters');
insert into equipment (equipment_id, name_of_equipment, equipment_description, image, image_caption) values (72, 'kitchen scale', 'electric yogurt maker', 'https://source.unsplash.com//200x200/?cookingequipment/97', 'baster');
insert into equipment (equipment_id, name_of_equipment, equipment_description, image, image_caption) values (73, 'measuring spoons', 'electric smoker', 'https://source.unsplash.com//200x200/?cookingequipment/48', 'kitchen scale');
insert into equipment (equipment_id, name_of_equipment, equipment_description, image, image_caption) values (74, 'measuring tape', 'electric popcorn maker', 'https://source.unsplash.com//200x200/?cookingequipment/3', 'fryer');
insert into equipment (equipment_id, name_of_equipment, equipment_description, image, image_caption) values (75, 'kitchen thermometer', 'electric skillet', 'https://source.unsplash.com//200x200/?cookingequipment/46', 'skewers');
insert into equipment (equipment_id, name_of_equipment, equipment_description, image, image_caption) values (76, 'oven thermometer', 'mortar and pestle', 'https://source.unsplash.com//200x200/?cookingequipment/14', 'hand mixer');
insert into equipment (equipment_id, name_of_equipment, equipment_description, image, image_caption) values (77, 'candy thermometer', 'muffin tin', 'https://source.unsplash.com//200x200/?cookingequipment/19', 'panini press');
insert into equipment (equipment_id, name_of_equipment, equipment_description, image, image_caption) values (78, 'instant-read thermometer', 'meat thermometer', 'https://source.unsplash.com//200x200/?cookingequipment/9', 'kitchen scale');
insert into equipment (equipment_id, name_of_equipment, equipment_description, image, image_caption) values (79, 'meat thermometer', 'potato masher', 'https://source.unsplash.com//200x200/?cookingequipment/71', 'ladle');
insert into equipment (equipment_id, name_of_equipment, equipment_description, image, image_caption) values (80, 'probe thermometer', 'springform pan', 'https://source.unsplash.com//200x200/?cookingequipment/85', 'cake decorating turntable');
insert into equipment (equipment_id, name_of_equipment, equipment_description, image, image_caption) values (81, 'deep fry thermometer', 'grater', 'https://source.unsplash.com//200x200/?cookingequipment/59', 'pastry brush');
insert into equipment (equipment_id, name_of_equipment, equipment_description, image, image_caption) values (82, 'sugar thermometer', 'stockpot', 'https://source.unsplash.com//200x200/?cookingequipment/96', 'cheese curler');
insert into equipment (equipment_id, name_of_equipment, equipment_description, image, image_caption) values (83, 'thermocouple thermometer', 'saucepan', 'https://source.unsplash.com//200x200/?cookingequipment/6', 'hand mixer');
insert into equipment (equipment_id, name_of_equipment, equipment_description, image, image_caption) values (84, 'infrared thermometer', 'corn stripper', 'https://source.unsplash.com//200x200/?cookingequipment/11', 'meat injector');
insert into equipment (equipment_id, name_of_equipment, equipment_description, image, image_caption) values (85, 'digital thermometer', 'springform pan', 'https://source.unsplash.com//200x200/?cookingequipment/50', 'wok');
insert into equipment (equipment_id, name_of_equipment, equipment_description, image, image_caption) values (86, 'analog thermometer', 'mandoline slicer', 'https://source.unsplash.com//200x200/?cookingequipment/11', 'corn cob holders');
insert into equipment (equipment_id, name_of_equipment, equipment_description, image, image_caption) values (87, 'thermometer fork', 'electric pasta maker', 'https://source.unsplash.com//200x200/?cookingequipment/65', 'crab cracker');
insert into equipment (equipment_id, name_of_equipment, equipment_description, image, image_caption) values (88, 'thermometer gun', 'immersion blender', 'https://source.unsplash.com//200x200/?cookingequipment/20', 'meat thermometer');
insert into equipment (equipment_id, name_of_equipment, equipment_description, image, image_caption) values (89, 'thermometer spatula', 'mortar and pestle', 'https://source.unsplash.com//200x200/?cookingequipment/7', 'muffin tin');
insert into equipment (equipment_id, name_of_equipment, equipment_description, image, image_caption) values (90, 'thermometer spoon', 'electric milk frother', 'https://source.unsplash.com//200x200/?cookingequipment/47', 'immersion blender');
insert into equipment (equipment_id, name_of_equipment, equipment_description, image, image_caption) values (91, 'thermometer tongs', 'garlic press', 'https://source.unsplash.com//200x200/?cookingequipment/26', 'rolling pin');
insert into equipment (equipment_id, name_of_equipment, equipment_description, image, image_caption) values (92, 'spatula', 'egg separator', 'https://source.unsplash.com//200x200/?cookingequipment/56', 'whisk');
insert into equipment (equipment_id, name_of_equipment, equipment_description, image, image_caption) values (93, 'whisk', 'egg separator', 'https://source.unsplash.com//200x200/?cookingequipment/7', 'wok');
insert into equipment (equipment_id, name_of_equipment, equipment_description, image, image_caption) values (94, 'mixing bowl', 'electric yogurt maker', 'https://source.unsplash.com//200x200/?cookingequipment/10', 'rice cooker');
insert into equipment (equipment_id, name_of_equipment, equipment_description, image, image_caption) values (95, 'measuring cup', 'pressure cooker', 'https://source.unsplash.com//200x200/?cookingequipment/54', 'pizza cutter');
insert into equipment (equipment_id, name_of_equipment, equipment_description, image, image_caption) values (96, 'cutting board', 'decorating comb', 'https://source.unsplash.com//200x200/?cookingequipment/67', 'corn cob holders');
insert into equipment (equipment_id, name_of_equipment, equipment_description, image, image_caption) values (97, 'chef''s knife', 'fondue pot', 'https://source.unsplash.com//200x200/?cookingequipment/60', 'meat tenderizer');
insert into equipment (equipment_id, name_of_equipment, equipment_description, image, image_caption) values (98, 'rolling pin', 'double boiler', 'https://source.unsplash.com//200x200/?cookingequipment/33', 'coffee grinder');
insert into equipment (equipment_id, name_of_equipment, equipment_description, image, image_caption) values (99, 'colander', 'stand mixer', 'https://source.unsplash.com//200x200/?cookingequipment/60', 'grater');
insert into equipment (equipment_id, name_of_equipment, equipment_description, image, image_caption) values (100, 'tongs', 'cupcake liners', 'https://source.unsplash.com//200x200/?cookingequipment/21', 'garlic press');


insert into equipment_of_recipe (recipe_id, equipment_id) values (1, 100);
insert into equipment_of_recipe (recipe_id, equipment_id) values (2, 33);
insert into equipment_of_recipe (recipe_id, equipment_id) values (3, 30);
insert into equipment_of_recipe (recipe_id, equipment_id) values (4, 76);
insert into equipment_of_recipe (recipe_id, equipment_id) values (5, 91);
insert into equipment_of_recipe (recipe_id, equipment_id) values (6, 23);
insert into equipment_of_recipe (recipe_id, equipment_id) values (7, 98);
insert into equipment_of_recipe (recipe_id, equipment_id) values (8, 59);
insert into equipment_of_recipe (recipe_id, equipment_id) values (9, 86);
insert into equipment_of_recipe (recipe_id, equipment_id) values (10, 81);
insert into equipment_of_recipe (recipe_id, equipment_id) values (11, 68);
insert into equipment_of_recipe (recipe_id, equipment_id) values (12, 38);
insert into equipment_of_recipe (recipe_id, equipment_id) values (13, 68);
insert into equipment_of_recipe (recipe_id, equipment_id) values (14, 59);
insert into equipment_of_recipe (recipe_id, equipment_id) values (15, 10);
insert into equipment_of_recipe (recipe_id, equipment_id) values (16, 2);
insert into equipment_of_recipe (recipe_id, equipment_id) values (17, 89);
insert into equipment_of_recipe (recipe_id, equipment_id) values (18, 69);
insert into equipment_of_recipe (recipe_id, equipment_id) values (19, 19);
insert into equipment_of_recipe (recipe_id, equipment_id) values (20, 66);
insert into equipment_of_recipe (recipe_id, equipment_id) values (21, 20);
insert into equipment_of_recipe (recipe_id, equipment_id) values (22, 29);
insert into equipment_of_recipe (recipe_id, equipment_id) values (23, 88);
insert into equipment_of_recipe (recipe_id, equipment_id) values (24, 57);
insert into equipment_of_recipe (recipe_id, equipment_id) values (25, 6);
insert into equipment_of_recipe (recipe_id, equipment_id) values (26, 46);
insert into equipment_of_recipe (recipe_id, equipment_id) values (27, 90);
insert into equipment_of_recipe (recipe_id, equipment_id) values (28, 32);
insert into equipment_of_recipe (recipe_id, equipment_id) values (29, 74);
insert into equipment_of_recipe (recipe_id, equipment_id) values (30, 46);
insert into equipment_of_recipe (recipe_id, equipment_id) values (31, 1);
insert into equipment_of_recipe (recipe_id, equipment_id) values (32, 95);
insert into equipment_of_recipe (recipe_id, equipment_id) values (33, 22);
insert into equipment_of_recipe (recipe_id, equipment_id) values (34, 79);
insert into equipment_of_recipe (recipe_id, equipment_id) values (35, 61);
insert into equipment_of_recipe (recipe_id, equipment_id) values (36, 99);
insert into equipment_of_recipe (recipe_id, equipment_id) values (37, 93);
insert into equipment_of_recipe (recipe_id, equipment_id) values (38, 26);
insert into equipment_of_recipe (recipe_id, equipment_id) values (39, 73);
insert into equipment_of_recipe (recipe_id, equipment_id) values (40, 70);
insert into equipment_of_recipe (recipe_id, equipment_id) values (41, 14);
insert into equipment_of_recipe (recipe_id, equipment_id) values (42, 72);
insert into equipment_of_recipe (recipe_id, equipment_id) values (43, 55);
insert into equipment_of_recipe (recipe_id, equipment_id) values (44, 92);
insert into equipment_of_recipe (recipe_id, equipment_id) values (45, 7);
insert into equipment_of_recipe (recipe_id, equipment_id) values (46, 46);
insert into equipment_of_recipe (recipe_id, equipment_id) values (47, 80);
insert into equipment_of_recipe (recipe_id, equipment_id) values (48, 21);
insert into equipment_of_recipe (recipe_id, equipment_id) values (49, 52);
insert into equipment_of_recipe (recipe_id, equipment_id) values (50, 70);
insert into equipment_of_recipe (recipe_id, equipment_id) values (51, 12);
insert into equipment_of_recipe (recipe_id, equipment_id) values (52, 19);
insert into equipment_of_recipe (recipe_id, equipment_id) values (53, 80);
insert into equipment_of_recipe (recipe_id, equipment_id) values (54, 81);
insert into equipment_of_recipe (recipe_id, equipment_id) values (55, 9);
insert into equipment_of_recipe (recipe_id, equipment_id) values (56, 100);
insert into equipment_of_recipe (recipe_id, equipment_id) values (57, 52);
insert into equipment_of_recipe (recipe_id, equipment_id) values (58, 58);
insert into equipment_of_recipe (recipe_id, equipment_id) values (59, 4);
insert into equipment_of_recipe (recipe_id, equipment_id) values (60, 15);
insert into equipment_of_recipe (recipe_id, equipment_id) values (61, 60);
insert into equipment_of_recipe (recipe_id, equipment_id) values (62, 44);
insert into equipment_of_recipe (recipe_id, equipment_id) values (63, 68);
insert into equipment_of_recipe (recipe_id, equipment_id) values (64, 6);
insert into equipment_of_recipe (recipe_id, equipment_id) values (65, 38);
insert into equipment_of_recipe (recipe_id, equipment_id) values (66, 33);
insert into equipment_of_recipe (recipe_id, equipment_id) values (67, 26);
insert into equipment_of_recipe (recipe_id, equipment_id) values (68, 54);
insert into equipment_of_recipe (recipe_id, equipment_id) values (69, 65);
insert into equipment_of_recipe (recipe_id, equipment_id) values (70, 89);
insert into equipment_of_recipe (recipe_id, equipment_id) values (71, 92);
insert into equipment_of_recipe (recipe_id, equipment_id) values (72, 6);
insert into equipment_of_recipe (recipe_id, equipment_id) values (73, 94);
insert into equipment_of_recipe (recipe_id, equipment_id) values (74, 66);
insert into equipment_of_recipe (recipe_id, equipment_id) values (75, 91);
insert into equipment_of_recipe (recipe_id, equipment_id) values (76, 60);
insert into equipment_of_recipe (recipe_id, equipment_id) values (77, 100);
insert into equipment_of_recipe (recipe_id, equipment_id) values (78, 79);
insert into equipment_of_recipe (recipe_id, equipment_id) values (79, 30);
insert into equipment_of_recipe (recipe_id, equipment_id) values (80, 64);
insert into equipment_of_recipe (recipe_id, equipment_id) values (81, 83);
insert into equipment_of_recipe (recipe_id, equipment_id) values (82, 92);
insert into equipment_of_recipe (recipe_id, equipment_id) values (83, 50);
insert into equipment_of_recipe (recipe_id, equipment_id) values (84, 63);
insert into equipment_of_recipe (recipe_id, equipment_id) values (85, 90);
insert into equipment_of_recipe (recipe_id, equipment_id) values (86, 93);
insert into equipment_of_recipe (recipe_id, equipment_id) values (87, 37);
insert into equipment_of_recipe (recipe_id, equipment_id) values (88, 37);
insert into equipment_of_recipe (recipe_id, equipment_id) values (89, 63);
insert into equipment_of_recipe (recipe_id, equipment_id) values (90, 84);
insert into equipment_of_recipe (recipe_id, equipment_id) values (91, 21);
insert into equipment_of_recipe (recipe_id, equipment_id) values (92, 19);
insert into equipment_of_recipe (recipe_id, equipment_id) values (93, 18);
insert into equipment_of_recipe (recipe_id, equipment_id) values (94, 40);
insert into equipment_of_recipe (recipe_id, equipment_id) values (95, 10);
insert into equipment_of_recipe (recipe_id, equipment_id) values (96, 80);
insert into equipment_of_recipe (recipe_id, equipment_id) values (97, 92);
insert into equipment_of_recipe (recipe_id, equipment_id) values (98, 60);
insert into equipment_of_recipe (recipe_id, equipment_id) values (99, 70);
insert into equipment_of_recipe (recipe_id, equipment_id) values (100, 36);
insert into equipment_of_recipe (recipe_id, equipment_id) values (1, 80);
insert into equipment_of_recipe (recipe_id, equipment_id) values (2, 44);
insert into equipment_of_recipe (recipe_id, equipment_id) values (3, 80);
insert into equipment_of_recipe (recipe_id, equipment_id) values (4, 18);
insert into equipment_of_recipe (recipe_id, equipment_id) values (5, 17);
insert into equipment_of_recipe (recipe_id, equipment_id) values (6, 6);
insert into equipment_of_recipe (recipe_id, equipment_id) values (7, 8);
insert into equipment_of_recipe (recipe_id, equipment_id) values (8, 28);
insert into equipment_of_recipe (recipe_id, equipment_id) values (9, 16);
insert into equipment_of_recipe (recipe_id, equipment_id) values (10, 79);
insert into equipment_of_recipe (recipe_id, equipment_id) values (11, 91);
insert into equipment_of_recipe (recipe_id, equipment_id) values (12, 47);
insert into equipment_of_recipe (recipe_id, equipment_id) values (13, 83);
insert into equipment_of_recipe (recipe_id, equipment_id) values (14, 38);
insert into equipment_of_recipe (recipe_id, equipment_id) values (15, 65);
insert into equipment_of_recipe (recipe_id, equipment_id) values (16, 73);
insert into equipment_of_recipe (recipe_id, equipment_id) values (17, 30);
insert into equipment_of_recipe (recipe_id, equipment_id) values (18, 3);
insert into equipment_of_recipe (recipe_id, equipment_id) values (19, 55);
insert into equipment_of_recipe (recipe_id, equipment_id) values (20, 50);
insert into equipment_of_recipe (recipe_id, equipment_id) values (21, 62);
insert into equipment_of_recipe (recipe_id, equipment_id) values (22, 3);
insert into equipment_of_recipe (recipe_id, equipment_id) values (23, 34);
insert into equipment_of_recipe (recipe_id, equipment_id) values (24, 26);
insert into equipment_of_recipe (recipe_id, equipment_id) values (25, 83);
insert into equipment_of_recipe (recipe_id, equipment_id) values (26, 98);
insert into equipment_of_recipe (recipe_id, equipment_id) values (27, 97);
insert into equipment_of_recipe (recipe_id, equipment_id) values (28, 33);
insert into equipment_of_recipe (recipe_id, equipment_id) values (29, 42);
insert into equipment_of_recipe (recipe_id, equipment_id) values (30, 83);
insert into equipment_of_recipe (recipe_id, equipment_id) values (31, 25);
insert into equipment_of_recipe (recipe_id, equipment_id) values (32, 93);
insert into equipment_of_recipe (recipe_id, equipment_id) values (33, 76);
insert into equipment_of_recipe (recipe_id, equipment_id) values (34, 83);
insert into equipment_of_recipe (recipe_id, equipment_id) values (35, 75);
insert into equipment_of_recipe (recipe_id, equipment_id) values (36, 46);
insert into equipment_of_recipe (recipe_id, equipment_id) values (37, 57);
insert into equipment_of_recipe (recipe_id, equipment_id) values (38, 37);
insert into equipment_of_recipe (recipe_id, equipment_id) values (39, 55);
insert into equipment_of_recipe (recipe_id, equipment_id) values (40, 40);
insert into equipment_of_recipe (recipe_id, equipment_id) values (41, 52);
insert into equipment_of_recipe (recipe_id, equipment_id) values (42, 94);
insert into equipment_of_recipe (recipe_id, equipment_id) values (43, 11);
insert into equipment_of_recipe (recipe_id, equipment_id) values (44, 81);
insert into equipment_of_recipe (recipe_id, equipment_id) values (45, 67);
insert into equipment_of_recipe (recipe_id, equipment_id) values (46, 28);
insert into equipment_of_recipe (recipe_id, equipment_id) values (47, 73);
insert into equipment_of_recipe (recipe_id, equipment_id) values (48, 13);
insert into equipment_of_recipe (recipe_id, equipment_id) values (49, 78);
insert into equipment_of_recipe (recipe_id, equipment_id) values (50, 34);
insert into equipment_of_recipe (recipe_id, equipment_id) values (51, 88);
insert into equipment_of_recipe (recipe_id, equipment_id) values (52, 67);
insert into equipment_of_recipe (recipe_id, equipment_id) values (53, 28);
insert into equipment_of_recipe (recipe_id, equipment_id) values (54, 33);
insert into equipment_of_recipe (recipe_id, equipment_id) values (55, 24);
insert into equipment_of_recipe (recipe_id, equipment_id) values (56, 4);
insert into equipment_of_recipe (recipe_id, equipment_id) values (57, 72);
insert into equipment_of_recipe (recipe_id, equipment_id) values (58, 92);
insert into equipment_of_recipe (recipe_id, equipment_id) values (59, 61);
insert into equipment_of_recipe (recipe_id, equipment_id) values (60, 5);
insert into equipment_of_recipe (recipe_id, equipment_id) values (61, 54);
insert into equipment_of_recipe (recipe_id, equipment_id) values (62, 47);
insert into equipment_of_recipe (recipe_id, equipment_id) values (63, 85);
insert into equipment_of_recipe (recipe_id, equipment_id) values (64, 32);
insert into equipment_of_recipe (recipe_id, equipment_id) values (65, 9);
insert into equipment_of_recipe (recipe_id, equipment_id) values (66, 8);
insert into equipment_of_recipe (recipe_id, equipment_id) values (67, 60);
insert into equipment_of_recipe (recipe_id, equipment_id) values (68, 64);
insert into equipment_of_recipe (recipe_id, equipment_id) values (69, 47);
insert into equipment_of_recipe (recipe_id, equipment_id) values (70, 19);
insert into equipment_of_recipe (recipe_id, equipment_id) values (71, 20);
insert into equipment_of_recipe (recipe_id, equipment_id) values (72, 87);
insert into equipment_of_recipe (recipe_id, equipment_id) values (73, 63);
insert into equipment_of_recipe (recipe_id, equipment_id) values (74, 89);
insert into equipment_of_recipe (recipe_id, equipment_id) values (75, 89);
insert into equipment_of_recipe (recipe_id, equipment_id) values (76, 49);
insert into equipment_of_recipe (recipe_id, equipment_id) values (77, 68);
insert into equipment_of_recipe (recipe_id, equipment_id) values (78, 97);
insert into equipment_of_recipe (recipe_id, equipment_id) values (79, 81);
insert into equipment_of_recipe (recipe_id, equipment_id) values (80, 59);
insert into equipment_of_recipe (recipe_id, equipment_id) values (81, 55);
insert into equipment_of_recipe (recipe_id, equipment_id) values (82, 38);
insert into equipment_of_recipe (recipe_id, equipment_id) values (83, 42);
insert into equipment_of_recipe (recipe_id, equipment_id) values (84, 73);
insert into equipment_of_recipe (recipe_id, equipment_id) values (85, 55);
insert into equipment_of_recipe (recipe_id, equipment_id) values (86, 13);
insert into equipment_of_recipe (recipe_id, equipment_id) values (87, 79);
insert into equipment_of_recipe (recipe_id, equipment_id) values (88, 84);
insert into equipment_of_recipe (recipe_id, equipment_id) values (89, 90);
insert into equipment_of_recipe (recipe_id, equipment_id) values (90, 83);
insert into equipment_of_recipe (recipe_id, equipment_id) values (91, 39);
insert into equipment_of_recipe (recipe_id, equipment_id) values (92, 88);
insert into equipment_of_recipe (recipe_id, equipment_id) values (93, 35);
insert into equipment_of_recipe (recipe_id, equipment_id) values (94, 99);
insert into equipment_of_recipe (recipe_id, equipment_id) values (95, 59);
insert into equipment_of_recipe (recipe_id, equipment_id) values (96, 11);
insert into equipment_of_recipe (recipe_id, equipment_id) values (97, 4);
insert into equipment_of_recipe (recipe_id, equipment_id) values (98, 92);
insert into equipment_of_recipe (recipe_id, equipment_id) values (99, 47);
insert into equipment_of_recipe (recipe_id, equipment_id) values (100, 95);
insert into equipment_of_recipe (recipe_id, equipment_id) values (1, 8);
insert into equipment_of_recipe (recipe_id, equipment_id) values (2, 78);
insert into equipment_of_recipe (recipe_id, equipment_id) values (3, 55);
insert into equipment_of_recipe (recipe_id, equipment_id) values (4, 15);
insert into equipment_of_recipe (recipe_id, equipment_id) values (5, 18);
insert into equipment_of_recipe (recipe_id, equipment_id) values (6, 56);
insert into equipment_of_recipe (recipe_id, equipment_id) values (7, 46);
insert into equipment_of_recipe (recipe_id, equipment_id) values (8, 77);
insert into equipment_of_recipe (recipe_id, equipment_id) values (9, 72);
insert into equipment_of_recipe (recipe_id, equipment_id) values (10, 77);
insert into equipment_of_recipe (recipe_id, equipment_id) values (11, 19);
insert into equipment_of_recipe (recipe_id, equipment_id) values (12, 54);
insert into equipment_of_recipe (recipe_id, equipment_id) values (13, 60);
insert into equipment_of_recipe (recipe_id, equipment_id) values (14, 34);
insert into equipment_of_recipe (recipe_id, equipment_id) values (15, 51);
insert into equipment_of_recipe (recipe_id, equipment_id) values (16, 43);
insert into equipment_of_recipe (recipe_id, equipment_id) values (17, 74);
insert into equipment_of_recipe (recipe_id, equipment_id) values (18, 31);
insert into equipment_of_recipe (recipe_id, equipment_id) values (19, 91);
insert into equipment_of_recipe (recipe_id, equipment_id) values (20, 3);
insert into equipment_of_recipe (recipe_id, equipment_id) values (21, 19);
insert into equipment_of_recipe (recipe_id, equipment_id) values (22, 70);
insert into equipment_of_recipe (recipe_id, equipment_id) values (23, 54);
insert into equipment_of_recipe (recipe_id, equipment_id) values (24, 78);
insert into equipment_of_recipe (recipe_id, equipment_id) values (25, 8);
insert into equipment_of_recipe (recipe_id, equipment_id) values (26, 23);
insert into equipment_of_recipe (recipe_id, equipment_id) values (27, 68);
insert into equipment_of_recipe (recipe_id, equipment_id) values (28, 8);
insert into equipment_of_recipe (recipe_id, equipment_id) values (29, 34);
insert into equipment_of_recipe (recipe_id, equipment_id) values (30, 56);
insert into equipment_of_recipe (recipe_id, equipment_id) values (31, 88);
insert into equipment_of_recipe (recipe_id, equipment_id) values (32, 44);
insert into equipment_of_recipe (recipe_id, equipment_id) values (33, 26);
insert into equipment_of_recipe (recipe_id, equipment_id) values (34, 37);
insert into equipment_of_recipe (recipe_id, equipment_id) values (35, 47);
insert into equipment_of_recipe (recipe_id, equipment_id) values (36, 55);
insert into equipment_of_recipe (recipe_id, equipment_id) values (37, 2);
insert into equipment_of_recipe (recipe_id, equipment_id) values (38, 82);
insert into equipment_of_recipe (recipe_id, equipment_id) values (39, 3);
insert into equipment_of_recipe (recipe_id, equipment_id) values (40, 11);
insert into equipment_of_recipe (recipe_id, equipment_id) values (41, 40);
insert into equipment_of_recipe (recipe_id, equipment_id) values (42, 82);
insert into equipment_of_recipe (recipe_id, equipment_id) values (43, 72);
insert into equipment_of_recipe (recipe_id, equipment_id) values (44, 67);
insert into equipment_of_recipe (recipe_id, equipment_id) values (45, 45);
insert into equipment_of_recipe (recipe_id, equipment_id) values (46, 29);
insert into equipment_of_recipe (recipe_id, equipment_id) values (47, 58);
insert into equipment_of_recipe (recipe_id, equipment_id) values (48, 48);
insert into equipment_of_recipe (recipe_id, equipment_id) values (49, 77);
insert into equipment_of_recipe (recipe_id, equipment_id) values (50, 31);
insert into equipment_of_recipe (recipe_id, equipment_id) values (51, 73);
insert into equipment_of_recipe (recipe_id, equipment_id) values (52, 99);
insert into equipment_of_recipe (recipe_id, equipment_id) values (53, 41);
insert into equipment_of_recipe (recipe_id, equipment_id) values (54, 92);
insert into equipment_of_recipe (recipe_id, equipment_id) values (55, 96);
insert into equipment_of_recipe (recipe_id, equipment_id) values (56, 5);
insert into equipment_of_recipe (recipe_id, equipment_id) values (57, 62);
insert into equipment_of_recipe (recipe_id, equipment_id) values (58, 66);
insert into equipment_of_recipe (recipe_id, equipment_id) values (59, 97);
insert into equipment_of_recipe (recipe_id, equipment_id) values (60, 33);
insert into equipment_of_recipe (recipe_id, equipment_id) values (61, 18);
insert into equipment_of_recipe (recipe_id, equipment_id) values (62, 5);
insert into equipment_of_recipe (recipe_id, equipment_id) values (63, 58);
insert into equipment_of_recipe (recipe_id, equipment_id) values (64, 30);
insert into equipment_of_recipe (recipe_id, equipment_id) values (65, 78);
insert into equipment_of_recipe (recipe_id, equipment_id) values (66, 89);
insert into equipment_of_recipe (recipe_id, equipment_id) values (67, 3);
insert into equipment_of_recipe (recipe_id, equipment_id) values (68, 100);
insert into equipment_of_recipe (recipe_id, equipment_id) values (69, 63);
insert into equipment_of_recipe (recipe_id, equipment_id) values (70, 16);
insert into equipment_of_recipe (recipe_id, equipment_id) values (71, 25);
insert into equipment_of_recipe (recipe_id, equipment_id) values (72, 95);
insert into equipment_of_recipe (recipe_id, equipment_id) values (73, 26);
insert into equipment_of_recipe (recipe_id, equipment_id) values (74, 86);
insert into equipment_of_recipe (recipe_id, equipment_id) values (75, 35);
insert into equipment_of_recipe (recipe_id, equipment_id) values (76, 32);
insert into equipment_of_recipe (recipe_id, equipment_id) values (77, 10);
insert into equipment_of_recipe (recipe_id, equipment_id) values (78, 33);
insert into equipment_of_recipe (recipe_id, equipment_id) values (79, 40);
insert into equipment_of_recipe (recipe_id, equipment_id) values (80, 54);
insert into equipment_of_recipe (recipe_id, equipment_id) values (81, 32);
insert into equipment_of_recipe (recipe_id, equipment_id) values (82, 82);
insert into equipment_of_recipe (recipe_id, equipment_id) values (83, 85);
insert into equipment_of_recipe (recipe_id, equipment_id) values (84, 8);
insert into equipment_of_recipe (recipe_id, equipment_id) values (85, 63);
insert into equipment_of_recipe (recipe_id, equipment_id) values (86, 53);
insert into equipment_of_recipe (recipe_id, equipment_id) values (87, 21);
insert into equipment_of_recipe (recipe_id, equipment_id) values (88, 3);
insert into equipment_of_recipe (recipe_id, equipment_id) values (89, 1);
insert into equipment_of_recipe (recipe_id, equipment_id) values (90, 1);
insert into equipment_of_recipe (recipe_id, equipment_id) values (91, 26);
insert into equipment_of_recipe (recipe_id, equipment_id) values (92, 73);
insert into equipment_of_recipe (recipe_id, equipment_id) values (93, 50);
insert into equipment_of_recipe (recipe_id, equipment_id) values (94, 55);
insert into equipment_of_recipe (recipe_id, equipment_id) values (95, 67);
insert into equipment_of_recipe (recipe_id, equipment_id) values (96, 38);
insert into equipment_of_recipe (recipe_id, equipment_id) values (97, 60);
insert into equipment_of_recipe (recipe_id, equipment_id) values (98, 67);
insert into equipment_of_recipe (recipe_id, equipment_id) values (99, 97);
insert into equipment_of_recipe (recipe_id, equipment_id) values (100, 21);
insert into equipment_of_recipe (recipe_id, equipment_id) values (14, 58);
insert into equipment_of_recipe (recipe_id, equipment_id) values (4, 75);


insert into meal_types (meal_type_id, name_of_meal_type, image, image_caption) values (1, 'breakfast', 'https://source.unsplash.com//200x200/?food', 'Scrambled eggs and toast');
insert into meal_types (meal_type_id, name_of_meal_type, image, image_caption) values (2, 'late breakfast', 'https://source.unsplash.com//200x200/?dessert', 'Fresh fruit salad');
insert into meal_types (meal_type_id, name_of_meal_type, image, image_caption) values (3, 'meal', 'https://source.unsplash.com//200x200/?dessert', 'Delicious pancakes with syrup');
insert into meal_types (meal_type_id, name_of_meal_type, image, image_caption) values (4, 'high tie', 'https://source.unsplash.com//200x200/?dessert', 'Avocado toast with poached eggs');
insert into meal_types (meal_type_id, name_of_meal_type, image, image_caption) values (5, 'dinner', 'https://source.unsplash.com//200x200/?beverage', 'Eggs Benedict with hollandaise sauce');
#insert into meal_types (meal_type_id, name_of_meal_type, image, image_caption) values (6, 'banquet', 'https://source.unsplash.com//200x200/?lunch', 'Scrambled eggs and toast');
#insert into meal_types (meal_type_id, name_of_meal_type, image, image_caption) values (7, 'picnic', 'https://source.unsplash.com//200x200/?lunch', 'Delicious pancakes with syrup');
#insert into meal_types (meal_type_id, name_of_meal_type, image, image_caption) values (8, 'grazing', 'https://source.unsplash.com//200x200/?beverage', 'Fresh fruit salad');
#insert into meal_types (meal_type_id, name_of_meal_type, image, image_caption) values (9, 'midnight snack', 'https://source.unsplash.com//200x200/?beverage', 'Crispy bacon and hash browns');
#insert into meal_types (meal_type_id, name_of_meal_type, image, image_caption) values (10, 'happy hour', 'https://source.unsplash.com//200x200/?main_course', 'Scrambled eggs and toast');


insert into meal_type_of_recipe (recipe_id, meal_id) values (1, 4);
insert into meal_type_of_recipe (recipe_id, meal_id) values (2, 1);
insert into meal_type_of_recipe (recipe_id, meal_id) values (3, 5);
insert into meal_type_of_recipe (recipe_id, meal_id) values (4, 4);
insert into meal_type_of_recipe (recipe_id, meal_id) values (5, 1);
insert into meal_type_of_recipe (recipe_id, meal_id) values (6, 4);
insert into meal_type_of_recipe (recipe_id, meal_id) values (7, 1);
insert into meal_type_of_recipe (recipe_id, meal_id) values (8, 1);
insert into meal_type_of_recipe (recipe_id, meal_id) values (9, 3);
insert into meal_type_of_recipe (recipe_id, meal_id) values (10, 4);
insert into meal_type_of_recipe (recipe_id, meal_id) values (11, 2);
insert into meal_type_of_recipe (recipe_id, meal_id) values (12, 5);
insert into meal_type_of_recipe (recipe_id, meal_id) values (13, 1);
insert into meal_type_of_recipe (recipe_id, meal_id) values (14, 3);
insert into meal_type_of_recipe (recipe_id, meal_id) values (15, 2);
insert into meal_type_of_recipe (recipe_id, meal_id) values (16, 1);
insert into meal_type_of_recipe (recipe_id, meal_id) values (17, 4);
insert into meal_type_of_recipe (recipe_id, meal_id) values (18, 3);
insert into meal_type_of_recipe (recipe_id, meal_id) values (19, 3);
insert into meal_type_of_recipe (recipe_id, meal_id) values (20, 5);
insert into meal_type_of_recipe (recipe_id, meal_id) values (21, 2);
insert into meal_type_of_recipe (recipe_id, meal_id) values (22, 2);
insert into meal_type_of_recipe (recipe_id, meal_id) values (23, 2);
insert into meal_type_of_recipe (recipe_id, meal_id) values (24, 1);
insert into meal_type_of_recipe (recipe_id, meal_id) values (25, 1);
insert into meal_type_of_recipe (recipe_id, meal_id) values (26, 2);
insert into meal_type_of_recipe (recipe_id, meal_id) values (27, 2);
insert into meal_type_of_recipe (recipe_id, meal_id) values (28, 2);
insert into meal_type_of_recipe (recipe_id, meal_id) values (29, 4);
insert into meal_type_of_recipe (recipe_id, meal_id) values (30, 3);
insert into meal_type_of_recipe (recipe_id, meal_id) values (31, 1);
insert into meal_type_of_recipe (recipe_id, meal_id) values (32, 5);
insert into meal_type_of_recipe (recipe_id, meal_id) values (33, 1);
insert into meal_type_of_recipe (recipe_id, meal_id) values (34, 2);
insert into meal_type_of_recipe (recipe_id, meal_id) values (35, 4);
insert into meal_type_of_recipe (recipe_id, meal_id) values (36, 2);
insert into meal_type_of_recipe (recipe_id, meal_id) values (37, 1);
insert into meal_type_of_recipe (recipe_id, meal_id) values (38, 1);
insert into meal_type_of_recipe (recipe_id, meal_id) values (39, 4);
insert into meal_type_of_recipe (recipe_id, meal_id) values (40, 2);
insert into meal_type_of_recipe (recipe_id, meal_id) values (41, 3);
insert into meal_type_of_recipe (recipe_id, meal_id) values (42, 2);
insert into meal_type_of_recipe (recipe_id, meal_id) values (43, 2);
insert into meal_type_of_recipe (recipe_id, meal_id) values (44, 5);
insert into meal_type_of_recipe (recipe_id, meal_id) values (45, 3);
insert into meal_type_of_recipe (recipe_id, meal_id) values (46, 2);
insert into meal_type_of_recipe (recipe_id, meal_id) values (47, 1);
insert into meal_type_of_recipe (recipe_id, meal_id) values (48, 5);
insert into meal_type_of_recipe (recipe_id, meal_id) values (49, 2);
insert into meal_type_of_recipe (recipe_id, meal_id) values (50, 3);
insert into meal_type_of_recipe (recipe_id, meal_id) values (51, 5);
insert into meal_type_of_recipe (recipe_id, meal_id) values (52, 5);
insert into meal_type_of_recipe (recipe_id, meal_id) values (53, 5);
insert into meal_type_of_recipe (recipe_id, meal_id) values (54, 3);
insert into meal_type_of_recipe (recipe_id, meal_id) values (55, 3);
insert into meal_type_of_recipe (recipe_id, meal_id) values (56, 2);
insert into meal_type_of_recipe (recipe_id, meal_id) values (57, 3);
insert into meal_type_of_recipe (recipe_id, meal_id) values (58, 3);
insert into meal_type_of_recipe (recipe_id, meal_id) values (59, 5);
insert into meal_type_of_recipe (recipe_id, meal_id) values (60, 3);
insert into meal_type_of_recipe (recipe_id, meal_id) values (61, 1);
insert into meal_type_of_recipe (recipe_id, meal_id) values (62, 2);
insert into meal_type_of_recipe (recipe_id, meal_id) values (63, 1);
insert into meal_type_of_recipe (recipe_id, meal_id) values (64, 1);
insert into meal_type_of_recipe (recipe_id, meal_id) values (65, 1);
insert into meal_type_of_recipe (recipe_id, meal_id) values (66, 1);
insert into meal_type_of_recipe (recipe_id, meal_id) values (67, 5);
insert into meal_type_of_recipe (recipe_id, meal_id) values (68, 1);
insert into meal_type_of_recipe (recipe_id, meal_id) values (69, 5);
insert into meal_type_of_recipe (recipe_id, meal_id) values (70, 2);
insert into meal_type_of_recipe (recipe_id, meal_id) values (71, 4);
insert into meal_type_of_recipe (recipe_id, meal_id) values (72, 1);
insert into meal_type_of_recipe (recipe_id, meal_id) values (73, 2);
insert into meal_type_of_recipe (recipe_id, meal_id) values (74, 1);
insert into meal_type_of_recipe (recipe_id, meal_id) values (75, 2);
insert into meal_type_of_recipe (recipe_id, meal_id) values (76, 3);
insert into meal_type_of_recipe (recipe_id, meal_id) values (77, 2);
insert into meal_type_of_recipe (recipe_id, meal_id) values (78, 1);
insert into meal_type_of_recipe (recipe_id, meal_id) values (79, 1);
insert into meal_type_of_recipe (recipe_id, meal_id) values (80, 4);
insert into meal_type_of_recipe (recipe_id, meal_id) values (81, 4);
insert into meal_type_of_recipe (recipe_id, meal_id) values (82, 1);
insert into meal_type_of_recipe (recipe_id, meal_id) values (83, 4);
insert into meal_type_of_recipe (recipe_id, meal_id) values (84, 2);
insert into meal_type_of_recipe (recipe_id, meal_id) values (85, 3);
insert into meal_type_of_recipe (recipe_id, meal_id) values (86, 2);
insert into meal_type_of_recipe (recipe_id, meal_id) values (87, 3);
insert into meal_type_of_recipe (recipe_id, meal_id) values (88, 5);
insert into meal_type_of_recipe (recipe_id, meal_id) values (89, 2);
insert into meal_type_of_recipe (recipe_id, meal_id) values (90, 3);
insert into meal_type_of_recipe (recipe_id, meal_id) values (91, 2);
insert into meal_type_of_recipe (recipe_id, meal_id) values (92, 4);
insert into meal_type_of_recipe (recipe_id, meal_id) values (93, 3);
insert into meal_type_of_recipe (recipe_id, meal_id) values (94, 5);
insert into meal_type_of_recipe (recipe_id, meal_id) values (95, 1);
insert into meal_type_of_recipe (recipe_id, meal_id) values (96, 4);
insert into meal_type_of_recipe (recipe_id, meal_id) values (97, 2);
insert into meal_type_of_recipe (recipe_id, meal_id) values (98, 3);
insert into meal_type_of_recipe (recipe_id, meal_id) values (99, 4);
insert into meal_type_of_recipe (recipe_id, meal_id) values (100, 4);
insert into meal_type_of_recipe (recipe_id, meal_id) values (1, 5);
insert into meal_type_of_recipe (recipe_id, meal_id) values (2, 4);
insert into meal_type_of_recipe (recipe_id, meal_id) values (3, 1);
insert into meal_type_of_recipe (recipe_id, meal_id) values (4, 2);
insert into meal_type_of_recipe (recipe_id, meal_id) values (5, 4);
insert into meal_type_of_recipe (recipe_id, meal_id) values (6, 2);
insert into meal_type_of_recipe (recipe_id, meal_id) values (7, 5);
insert into meal_type_of_recipe (recipe_id, meal_id) values (8, 4);
insert into meal_type_of_recipe (recipe_id, meal_id) values (9, 1);
insert into meal_type_of_recipe (recipe_id, meal_id) values (10, 1);
insert into meal_type_of_recipe (recipe_id, meal_id) values (11, 4);
insert into meal_type_of_recipe (recipe_id, meal_id) values (12, 1);
insert into meal_type_of_recipe (recipe_id, meal_id) values (13, 2);
insert into meal_type_of_recipe (recipe_id, meal_id) values (14, 4);
insert into meal_type_of_recipe (recipe_id, meal_id) values (15, 1);
insert into meal_type_of_recipe (recipe_id, meal_id) values (16, 3);
insert into meal_type_of_recipe (recipe_id, meal_id) values (17, 3);
insert into meal_type_of_recipe (recipe_id, meal_id) values (18, 2);
insert into meal_type_of_recipe (recipe_id, meal_id) values (19, 1);
insert into meal_type_of_recipe (recipe_id, meal_id) values (20, 3);
insert into meal_type_of_recipe (recipe_id, meal_id) values (21, 5);
insert into meal_type_of_recipe (recipe_id, meal_id) values (22, 3);
insert into meal_type_of_recipe (recipe_id, meal_id) values (23, 3);
insert into meal_type_of_recipe (recipe_id, meal_id) values (24, 4);
insert into meal_type_of_recipe (recipe_id, meal_id) values (25, 3);
insert into meal_type_of_recipe (recipe_id, meal_id) values (26, 3);
insert into meal_type_of_recipe (recipe_id, meal_id) values (27, 1);
insert into meal_type_of_recipe (recipe_id, meal_id) values (28, 4);
insert into meal_type_of_recipe (recipe_id, meal_id) values (29, 1);
insert into meal_type_of_recipe (recipe_id, meal_id) values (30, 2);
insert into meal_type_of_recipe (recipe_id, meal_id) values (31, 3);
insert into meal_type_of_recipe (recipe_id, meal_id) values (32, 3);
insert into meal_type_of_recipe (recipe_id, meal_id) values (33, 3);
insert into meal_type_of_recipe (recipe_id, meal_id) values (34, 4);
insert into meal_type_of_recipe (recipe_id, meal_id) values (35, 2);
insert into meal_type_of_recipe (recipe_id, meal_id) values (36, 1);
insert into meal_type_of_recipe (recipe_id, meal_id) values (37, 4);
insert into meal_type_of_recipe (recipe_id, meal_id) values (38, 4);
insert into meal_type_of_recipe (recipe_id, meal_id) values (39, 2);
insert into meal_type_of_recipe (recipe_id, meal_id) values (40, 5);
insert into meal_type_of_recipe (recipe_id, meal_id) values (41, 4);
insert into meal_type_of_recipe (recipe_id, meal_id) values (42, 5);
insert into meal_type_of_recipe (recipe_id, meal_id) values (43, 1);
insert into meal_type_of_recipe (recipe_id, meal_id) values (44, 4);
insert into meal_type_of_recipe (recipe_id, meal_id) values (45, 4);
insert into meal_type_of_recipe (recipe_id, meal_id) values (46, 1);
insert into meal_type_of_recipe (recipe_id, meal_id) values (47, 5);
insert into meal_type_of_recipe (recipe_id, meal_id) values (48, 2);
insert into meal_type_of_recipe (recipe_id, meal_id) values (49, 3);
insert into meal_type_of_recipe (recipe_id, meal_id) values (50, 4);




insert into chefs (chefs_id, first_name, last_name, phone_number, date_of_birth, years_of_experience, image, image_caption, chef_level) values (1, 'Mill', 'Kroon', 6999158069, '2003-03-12', 15, 'http://dummyimage.com/106x100.png/5fa2dd/ffffff', 'Passionate chef who believes that food should be made with love', 'B CHEF');
insert into chefs (chefs_id, first_name, last_name, phone_number, date_of_birth, years_of_experience, image, image_caption, chef_level) values (2, 'Edsel', 'Pywell', 6959334900, '1993-11-24', 14, 'http://dummyimage.com/130x100.png/dddddd/000000', 'Charming chef who delights guests with their personality as well as their food', 'B CHEF');
insert into chefs (chefs_id, first_name, last_name, phone_number, date_of_birth, years_of_experience, image, image_caption, chef_level) values (3, 'Gerty', 'Creboe', 6932817153, '1960-06-03', 7, 'http://dummyimage.com/200x100.png/5fa2dd/ffffff', 'Inventive chef who is always coming up with new and exciting recipes', 'A CHEF');
insert into chefs (chefs_id, first_name, last_name, phone_number, date_of_birth, years_of_experience, image, image_caption, chef_level) values (4, 'Saidee', 'Antonietti', 6905762311, '1960-06-21', 12, 'http://dummyimage.com/152x100.png/dddddd/000000', 'Experienced chef with a diverse culinary background', 'ASSISTANT CHEF');
insert into chefs (chefs_id, first_name, last_name, phone_number, date_of_birth, years_of_experience, image, image_caption, chef_level) values (5, 'Theresina', 'Favey', 6965653846, '1996-06-01', 9, 'http://dummyimage.com/105x100.png/cc0000/ffffff', 'Skillful chef capable of turning simple ingredients into gourmet meals', 'MASTER CHEF');
insert into chefs (chefs_id, first_name, last_name, phone_number, date_of_birth, years_of_experience, image, image_caption, chef_level) values (6, 'Lorene', 'Beevens', 6945333818, '1955-12-11', 4, 'http://dummyimage.com/147x100.png/cc0000/ffffff', 'Artistic chef who treats plating as an art form', 'MASTER CHEF');
insert into chefs (chefs_id, first_name, last_name, phone_number, date_of_birth, years_of_experience, image, image_caption, chef_level) values (7, 'Frederique', 'Hopkyns', 6919805047, '2000-07-17', 4, 'http://dummyimage.com/171x100.png/cc0000/ffffff', 'Collaborative chef who enjoys working with others to create culinary masterpieces', 'MASTER CHEF');
insert into chefs (chefs_id, first_name, last_name, phone_number, date_of_birth, years_of_experience, image, image_caption, chef_level) values (8, 'Corena', 'Siemon', 6981554788, '1958-11-27', 10, 'http://dummyimage.com/246x100.png/ff4444/ffffff', 'Artistic chef who treats cooking as a form of self-expression', 'A CHEF');
insert into chefs (chefs_id, first_name, last_name, phone_number, date_of_birth, years_of_experience, image, image_caption, chef_level) values (9, 'Stoddard', 'Walne', 6997094555, '1995-10-15', 12, 'http://dummyimage.com/207x100.png/cc0000/ffffff', 'Versatile chef who can cook a wide range of cuisines with ease', 'B CHEF');
insert into chefs (chefs_id, first_name, last_name, phone_number, date_of_birth, years_of_experience, image, image_caption, chef_level) values (10, 'Jolene', 'Deathridge', 6998630053, '1963-11-10', 17, 'http://dummyimage.com/225x100.png/ff4444/ffffff', 'Detail-oriented chef with a commitment to quality', 'G CHEF');
insert into chefs (chefs_id, first_name, last_name, phone_number, date_of_birth, years_of_experience, image, image_caption, chef_level) values (11, 'Olivero', 'Richard', 6923347226, '1963-11-06', 13, 'http://dummyimage.com/221x100.png/ff4444/ffffff', 'Collaborative chef who enjoys working with others to create culinary masterpieces', 'ASSISTANT CHEF');
insert into chefs (chefs_id, first_name, last_name, phone_number, date_of_birth, years_of_experience, image, image_caption, chef_level) values (12, 'Bennett', 'Skrzynski', 6978648629, '1985-11-15', 5, 'http://dummyimage.com/227x100.png/ff4444/ffffff', 'Skillful chef who can handle the demands of a busy kitchen with ease', 'ASSISTANT CHEF');
insert into chefs (chefs_id, first_name, last_name, phone_number, date_of_birth, years_of_experience, image, image_caption, chef_level) values (13, 'Uta', 'Brain', 6929322745, '1956-04-05', 11, 'http://dummyimage.com/237x100.png/cc0000/ffffff', 'Skillful chef who can handle the heat of a busy kitchen with ease', 'G CHEF');
insert into chefs (chefs_id, first_name, last_name, phone_number, date_of_birth, years_of_experience, image, image_caption, chef_level) values (14, 'Gabi', 'Mangeon', 6915108242, '1996-06-24', 12, 'http://dummyimage.com/164x100.png/dddddd/000000', 'Inventive chef who is always coming up with new and exciting recipes', 'MASTER CHEF');
insert into chefs (chefs_id, first_name, last_name, phone_number, date_of_birth, years_of_experience, image, image_caption, chef_level) values (15, 'Ignazio', 'Shemilt', 6946038937, '1998-08-01', 3, 'http://dummyimage.com/176x100.png/cc0000/ffffff', 'Passionate chef who believes that food should be made with love', 'ASSISTANT CHEF');
insert into chefs (chefs_id, first_name, last_name, phone_number, date_of_birth, years_of_experience, image, image_caption, chef_level) values (16, 'Cinnamon', 'Cheer', 6932581172, '1972-07-18', 2, 'http://dummyimage.com/128x100.png/cc0000/ffffff', 'Dedicated chef who is committed to creating memorable dining experiences', 'MASTER CHEF');
insert into chefs (chefs_id, first_name, last_name, phone_number, date_of_birth, years_of_experience, image, image_caption, chef_level) values (17, 'Moreen', 'Philipart', 6929674980, '1965-12-25', 3, 'http://dummyimage.com/156x100.png/ff4444/ffffff', 'Inventive chef constantly coming up with new and exciting dishes', 'A CHEF');
insert into chefs (chefs_id, first_name, last_name, phone_number, date_of_birth, years_of_experience, image, image_caption, chef_level) values (18, 'Sheila', 'Constantine', 6955849790, '1957-04-10', 15, 'http://dummyimage.com/140x100.png/ff4444/ffffff', 'Skillful chef who can handle the demands of a busy kitchen with ease', 'G CHEF');
insert into chefs (chefs_id, first_name, last_name, phone_number, date_of_birth, years_of_experience, image, image_caption, chef_level) values (19, 'Clayborne', 'Apfel', 6935937021, '1957-02-01', 10, 'http://dummyimage.com/215x100.png/ff4444/ffffff', 'Adventurous chef who loves to experiment with new ingredients and techniques', 'G CHEF');
insert into chefs (chefs_id, first_name, last_name, phone_number, date_of_birth, years_of_experience, image, image_caption, chef_level) values (20, 'Heath', 'Newark', 6995643909, '1952-12-24', 6, 'http://dummyimage.com/219x100.png/ff4444/ffffff', 'Collaborative chef who enjoys working with a team to create culinary masterpieces', 'ASSISTANT CHEF');
insert into chefs (chefs_id, first_name, last_name, phone_number, date_of_birth, years_of_experience, image, image_caption, chef_level) values (21, 'Waylon', 'Braund', 6964980970, '1990-04-26', 16, 'http://dummyimage.com/248x100.png/dddddd/000000', 'Artistic chef who treats cooking as a form of self-expression', 'A CHEF');
insert into chefs (chefs_id, first_name, last_name, phone_number, date_of_birth, years_of_experience, image, image_caption, chef_level) values (22, 'Lynett', 'Ortells', 6971343384, '1980-07-09', 17, 'http://dummyimage.com/225x100.png/5fa2dd/ffffff', 'Talented chef who can turn ordinary ingredients into extraordinary dishes', 'G CHEF');
insert into chefs (chefs_id, first_name, last_name, phone_number, date_of_birth, years_of_experience, image, image_caption, chef_level) values (23, 'Del', 'Maria', 6993814888, '1958-11-13', 13, 'http://dummyimage.com/151x100.png/dddddd/000000', 'Talented chef with a knack for presentation', 'A CHEF');
insert into chefs (chefs_id, first_name, last_name, phone_number, date_of_birth, years_of_experience, image, image_caption, chef_level) values (24, 'Dael', 'Zanotti', 6967724440, '2000-08-05', 6, 'http://dummyimage.com/182x100.png/dddddd/000000', 'Detail-oriented chef who pays attention to every aspect of a dish', 'A CHEF');
insert into chefs (chefs_id, first_name, last_name, phone_number, date_of_birth, years_of_experience, image, image_caption, chef_level) values (25, 'Adriane', 'Catteroll', 6914223969, '1957-10-20', 8, 'http://dummyimage.com/132x100.png/cc0000/ffffff', 'Dedicated chef who is committed to creating memorable dining experiences', 'MASTER CHEF');
insert into chefs (chefs_id, first_name, last_name, phone_number, date_of_birth, years_of_experience, image, image_caption, chef_level) values (26, 'Ivan', 'Matuszyk', 6981042864, '1963-04-26', 10, 'http://dummyimage.com/159x100.png/cc0000/ffffff', 'Seasoned chef who has perfected their craft over years of practice', 'MASTER CHEF');
insert into chefs (chefs_id, first_name, last_name, phone_number, date_of_birth, years_of_experience, image, image_caption, chef_level) values (27, 'Maurise', 'Goard', 6993863991, '1958-04-06', 4, 'http://dummyimage.com/138x100.png/5fa2dd/ffffff', 'Experienced chef with a deep understanding of culinary traditions', 'MASTER CHEF');
insert into chefs (chefs_id, first_name, last_name, phone_number, date_of_birth, years_of_experience, image, image_caption, chef_level) values (28, 'Marney', 'Dolohunty', 6966256918, '1978-12-09', 4, 'http://dummyimage.com/211x100.png/cc0000/ffffff', 'Skillful chef who can handle the pressure of a busy kitchen with grace', 'B CHEF');
insert into chefs (chefs_id, first_name, last_name, phone_number, date_of_birth, years_of_experience, image, image_caption, chef_level) values (29, 'Guillermo', 'Castro', 6968897725, '1978-03-14', 8, 'http://dummyimage.com/159x100.png/ff4444/ffffff', 'Detail-oriented chef with a commitment to quality', 'A CHEF');
insert into chefs (chefs_id, first_name, last_name, phone_number, date_of_birth, years_of_experience, image, image_caption, chef_level) values (30, 'Artemis', 'Guilleton', 6952571085, '1957-01-13', 4, 'http://dummyimage.com/151x100.png/ff4444/ffffff', 'Artistic chef who treats cooking as a form of self-expression', 'B CHEF');
insert into chefs (chefs_id, first_name, last_name, phone_number, date_of_birth, years_of_experience, image, image_caption, chef_level) values (31, 'Tedmund', 'Kibbe', 6982378148, '1985-06-14', 5, 'http://dummyimage.com/166x100.png/5fa2dd/ffffff', 'Resourceful chef who can create a gourmet meal out of whatever is in the pantry', 'B CHEF');
insert into chefs (chefs_id, first_name, last_name, phone_number, date_of_birth, years_of_experience, image, image_caption, chef_level) values (32, 'Celesta', 'Waterhous', 6957473105, '1957-06-16', 17, 'http://dummyimage.com/127x100.png/5fa2dd/ffffff', 'Detail-oriented chef with a commitment to quality', 'MASTER CHEF');
insert into chefs (chefs_id, first_name, last_name, phone_number, date_of_birth, years_of_experience, image, image_caption, chef_level) values (33, 'Luke', 'Gallie', 6992180507, '1997-10-29', 13, 'http://dummyimage.com/127x100.png/ff4444/ffffff', 'Dedicated chef who puts their heart and soul into every dish they create', 'ASSISTANT CHEF');
insert into chefs (chefs_id, first_name, last_name, phone_number, date_of_birth, years_of_experience, image, image_caption, chef_level) values (34, 'Izak', 'Totton', 6980861447, '1953-10-14', 17, 'http://dummyimage.com/154x100.png/5fa2dd/ffffff', 'Knowledgeable chef who understands the intricacies of flavor combinations', 'G CHEF');
insert into chefs (chefs_id, first_name, last_name, phone_number, date_of_birth, years_of_experience, image, image_caption, chef_level) values (35, 'Amitie', 'Robley', 6988559328, '1974-01-21', 10, 'http://dummyimage.com/204x100.png/5fa2dd/ffffff', 'Collaborative chef who enjoys working with local farmers and producers', 'G CHEF');
insert into chefs (chefs_id, first_name, last_name, phone_number, date_of_birth, years_of_experience, image, image_caption, chef_level) values (36, 'Mariann', 'Sakins', 6965859794, '1990-12-03', 10, 'http://dummyimage.com/124x100.png/cc0000/ffffff', 'Adventurous chef always looking for new ingredients to experiment with', 'G CHEF');
insert into chefs (chefs_id, first_name, last_name, phone_number, date_of_birth, years_of_experience, image, image_caption, chef_level) values (37, 'Issi', 'Filippo', 6929453944, '1962-05-07', 10, 'http://dummyimage.com/182x100.png/cc0000/ffffff', 'Collaborative chef who enjoys working with local farmers and producers', 'ASSISTANT CHEF');
insert into chefs (chefs_id, first_name, last_name, phone_number, date_of_birth, years_of_experience, image, image_caption, chef_level) values (38, 'Torrence', 'Broggelli', 6979419581, '1984-11-14', 7, 'http://dummyimage.com/129x100.png/dddddd/000000', 'Passionate chef who believes that food should be made with love', 'G CHEF');
insert into chefs (chefs_id, first_name, last_name, phone_number, date_of_birth, years_of_experience, image, image_caption, chef_level) values (39, 'Gianna', 'McNickle', 6958880703, '1992-09-23', 10, 'http://dummyimage.com/150x100.png/ff4444/ffffff', 'Energetic chef who brings a sense of excitement to the kitchen', 'A CHEF');
insert into chefs (chefs_id, first_name, last_name, phone_number, date_of_birth, years_of_experience, image, image_caption, chef_level) values (40, 'Gilberto', 'Currm', 6904869078, '2002-08-23', 3, 'http://dummyimage.com/160x100.png/dddddd/000000', 'Resourceful chef who can create a gourmet meal out of whatever is in the pantry', 'A CHEF');
insert into chefs (chefs_id, first_name, last_name, phone_number, date_of_birth, years_of_experience, image, image_caption, chef_level) values (41, 'Janis', 'Staddon', 6921659380, '1987-01-19', 13, 'http://dummyimage.com/242x100.png/dddddd/000000', 'Award-winning chef known for their culinary excellence and creativity', 'B CHEF');
insert into chefs (chefs_id, first_name, last_name, phone_number, date_of_birth, years_of_experience, image, image_caption, chef_level) values (42, 'Constancy', 'Pirdy', 6968660967, '1980-05-09', 2, 'http://dummyimage.com/171x100.png/cc0000/ffffff', 'Versatile chef who can cook a wide variety of cuisines with skill', 'ASSISTANT CHEF');
insert into chefs (chefs_id, first_name, last_name, phone_number, date_of_birth, years_of_experience, image, image_caption, chef_level) values (43, 'Viki', 'Ricards', 6957691318, '1986-03-03', 6, 'http://dummyimage.com/207x100.png/cc0000/ffffff', 'Dedicated chef who puts their heart and soul into every dish they create', 'G CHEF');
insert into chefs (chefs_id, first_name, last_name, phone_number, date_of_birth, years_of_experience, image, image_caption, chef_level) values (44, 'Gilbertina', 'Sapshed', 6900903013, '1989-04-03', 2, 'http://dummyimage.com/142x100.png/ff4444/ffffff', 'Charming chef who charms diners with their personality as well as their food', 'B CHEF');
insert into chefs (chefs_id, first_name, last_name, phone_number, date_of_birth, years_of_experience, image, image_caption, chef_level) values (45, 'Tani', 'de Almeida', 6958245506, '2001-08-01', 9, 'http://dummyimage.com/206x100.png/cc0000/ffffff', 'Adventurous chef always looking for new ingredients to experiment with', 'MASTER CHEF');
insert into chefs (chefs_id, first_name, last_name, phone_number, date_of_birth, years_of_experience, image, image_caption, chef_level) values (46, 'Joeann', 'Agdahl', 6940204844, '2002-08-08', 14, 'http://dummyimage.com/212x100.png/ff4444/ffffff', 'Adventurous chef who loves to explore new cuisines and ingredients', 'B CHEF');
insert into chefs (chefs_id, first_name, last_name, phone_number, date_of_birth, years_of_experience, image, image_caption, chef_level) values (47, 'Opaline', 'Cuberley', 6949132677, '1953-10-05', 10, 'http://dummyimage.com/178x100.png/5fa2dd/ffffff', 'Resourceful chef who can create a gourmet meal out of limited ingredients', 'B CHEF');
insert into chefs (chefs_id, first_name, last_name, phone_number, date_of_birth, years_of_experience, image, image_caption, chef_level) values (48, 'Maurita', 'Antill', 6939125221, '2005-10-13', 14, 'http://dummyimage.com/194x100.png/5fa2dd/ffffff', 'Award-winning chef recognized for their culinary excellence', 'A CHEF');
insert into chefs (chefs_id, first_name, last_name, phone_number, date_of_birth, years_of_experience, image, image_caption, chef_level) values (49, 'Clarabelle', 'Milverton', 6990738902, '1977-01-03', 2, 'http://dummyimage.com/109x100.png/dddddd/000000', 'Adventurous chef always seeking new culinary experiences', 'G CHEF');
insert into chefs (chefs_id, first_name, last_name, phone_number, date_of_birth, years_of_experience, image, image_caption, chef_level) values (50, 'Nady', 'Doudney', 6920352386, '1951-03-01', 7, 'http://dummyimage.com/103x100.png/cc0000/ffffff', 'Detail-oriented chef who pays attention to every detail of a dish', 'MASTER CHEF');
insert into chefs (chefs_id, first_name, last_name, phone_number, date_of_birth, years_of_experience, image, image_caption, chef_level) values (51, 'Rodolphe', 'Filippozzi', 6999605041, '1995-02-01', 12, 'http://dummyimage.com/178x100.png/cc0000/ffffff', 'Artistic chef who treats cooking as a form of expression', 'G CHEF');
insert into chefs (chefs_id, first_name, last_name, phone_number, date_of_birth, years_of_experience, image, image_caption, chef_level) values (52, 'Lynnette', 'Cluse', 6957071934, '1988-06-07', 4, 'http://dummyimage.com/166x100.png/ff4444/ffffff', 'Artistic chef who treats cooking as a form of self-expression', 'G CHEF');
insert into chefs (chefs_id, first_name, last_name, phone_number, date_of_birth, years_of_experience, image, image_caption, chef_level) values (53, 'Stanford', 'Reynoldson', 6920582464, '1957-09-10', 9, 'http://dummyimage.com/244x100.png/ff4444/ffffff', 'Inspiring chef who motivates others to explore their own culinary talents', 'MASTER CHEF');
insert into chefs (chefs_id, first_name, last_name, phone_number, date_of_birth, years_of_experience, image, image_caption, chef_level) values (54, 'Luce', 'Challicombe', 6906162810, '1960-06-12', 9, 'http://dummyimage.com/143x100.png/ff4444/ffffff', 'Resourceful chef who can create a gourmet meal out of whatever is on hand', 'G CHEF');
insert into chefs (chefs_id, first_name, last_name, phone_number, date_of_birth, years_of_experience, image, image_caption, chef_level) values (55, 'Cassandry', 'Meuse', 6986851624, '1985-07-28', 8, 'http://dummyimage.com/192x100.png/ff4444/ffffff', 'Seasoned chef who has perfected their craft over years of practice', 'G CHEF');
insert into chefs (chefs_id, first_name, last_name, phone_number, date_of_birth, years_of_experience, image, image_caption, chef_level) values (56, 'Whitney', 'Hainsworth', 6963529319, '1965-07-30', 4, 'http://dummyimage.com/220x100.png/ff4444/ffffff', 'Versatile chef skilled in both savory and pastry', 'B CHEF');
insert into chefs (chefs_id, first_name, last_name, phone_number, date_of_birth, years_of_experience, image, image_caption, chef_level) values (57, 'Gunar', 'Bitten', 6964368548, '1952-03-07', 6, 'http://dummyimage.com/226x100.png/cc0000/ffffff', 'Charming chef who captivates diners with their stories and creations', 'B CHEF');
insert into chefs (chefs_id, first_name, last_name, phone_number, date_of_birth, years_of_experience, image, image_caption, chef_level) values (58, 'Stevana', 'Ekless', 6982957846, '1952-12-12', 3, 'http://dummyimage.com/200x100.png/5fa2dd/ffffff', 'Adventurous chef who loves to experiment with new ingredients and techniques', 'MASTER CHEF');
insert into chefs (chefs_id, first_name, last_name, phone_number, date_of_birth, years_of_experience, image, image_caption, chef_level) values (59, 'Olenka', 'Bayldon', 6932997996, '1952-03-27', 6, 'http://dummyimage.com/151x100.png/dddddd/000000', 'Adventurous chef who loves to explore new ingredients and cooking styles', 'MASTER CHEF');
insert into chefs (chefs_id, first_name, last_name, phone_number, date_of_birth, years_of_experience, image, image_caption, chef_level) values (60, 'Sharleen', 'Vickery', 6951446657, '1959-03-30', 4, 'http://dummyimage.com/216x100.png/cc0000/ffffff', 'Creative chef who is always pushing the boundaries of traditional cuisine', 'B CHEF');
insert into chefs (chefs_id, first_name, last_name, phone_number, date_of_birth, years_of_experience, image, image_caption, chef_level) values (61, 'Palmer', 'Beardsdale', 6923447410, '1953-06-09', 12, 'http://dummyimage.com/157x100.png/ff4444/ffffff', 'Artistic chef who treats cooking as a form of self-expression', 'G CHEF');
insert into chefs (chefs_id, first_name, last_name, phone_number, date_of_birth, years_of_experience, image, image_caption, chef_level) values (62, 'Robbie', 'Corradini', 6960048907, '1969-02-25', 1, 'http://dummyimage.com/105x100.png/5fa2dd/ffffff', 'Energetic chef who brings a sense of passion and enthusiasm to the kitchen', 'B CHEF');
insert into chefs (chefs_id, first_name, last_name, phone_number, date_of_birth, years_of_experience, image, image_caption, chef_level) values (63, 'Jorgan', 'Sarch', 6983875480, '2002-07-14', 1, 'http://dummyimage.com/244x100.png/5fa2dd/ffffff', 'Collaborative chef who enjoys working with local farmers and producers', 'A CHEF');
insert into chefs (chefs_id, first_name, last_name, phone_number, date_of_birth, years_of_experience, image, image_caption, chef_level) values (64, 'Harmon', 'Brahan', 6932737899, '1994-02-16', 17, 'http://dummyimage.com/249x100.png/dddddd/000000', 'Dedicated chef who puts their heart and soul into every dish they create', 'A CHEF');
insert into chefs (chefs_id, first_name, last_name, phone_number, date_of_birth, years_of_experience, image, image_caption, chef_level) values (65, 'Curtice', 'Coiley', 6926678717, '1995-07-10', 7, 'http://dummyimage.com/178x100.png/cc0000/ffffff', 'Talented chef who can turn simple ingredients into gourmet delights', 'ASSISTANT CHEF');
insert into chefs (chefs_id, first_name, last_name, phone_number, date_of_birth, years_of_experience, image, image_caption, chef_level) values (66, 'Durand', 'Gascoine', 6981535588, '1962-12-25', 7, 'http://dummyimage.com/109x100.png/ff4444/ffffff', 'Creative chef who is always experimenting with new flavors and techniques', 'B CHEF');
insert into chefs (chefs_id, first_name, last_name, phone_number, date_of_birth, years_of_experience, image, image_caption, chef_level) values (67, 'Kania', 'Petworth', 6939178898, '1980-03-17', 6, 'http://dummyimage.com/230x100.png/dddddd/000000', 'Inventive chef constantly coming up with new and exciting dishes', 'MASTER CHEF');
insert into chefs (chefs_id, first_name, last_name, phone_number, date_of_birth, years_of_experience, image, image_caption, chef_level) values (68, 'Gideon', 'Shivell', 6977006472, '2000-02-08', 10, 'http://dummyimage.com/119x100.png/5fa2dd/ffffff', 'Award-winning chef recognized for their culinary excellence', 'A CHEF');
insert into chefs (chefs_id, first_name, last_name, phone_number, date_of_birth, years_of_experience, image, image_caption, chef_level) values (69, 'Bessie', 'Boler', 6995713323, '1998-08-13', 10, 'http://dummyimage.com/249x100.png/5fa2dd/ffffff', 'Energetic chef with a passion for teaching culinary skills', 'ASSISTANT CHEF');
insert into chefs (chefs_id, first_name, last_name, phone_number, date_of_birth, years_of_experience, image, image_caption, chef_level) values (70, 'Margeaux', 'Allcorn', 6900229648, '1963-03-05', 10, 'http://dummyimage.com/164x100.png/ff4444/ffffff', 'Energetic chef who brings a sense of passion and enthusiasm to the kitchen', 'MASTER CHEF');
insert into chefs (chefs_id, first_name, last_name, phone_number, date_of_birth, years_of_experience, image, image_caption, chef_level) values (71, 'Loise', 'Antonelli', 6919006605, '2005-10-20', 9, 'http://dummyimage.com/241x100.png/ff4444/ffffff', 'Adventurous chef who loves to explore new ingredients and cooking styles', 'B CHEF');
insert into chefs (chefs_id, first_name, last_name, phone_number, date_of_birth, years_of_experience, image, image_caption, chef_level) values (72, 'Royall', 'Horrell', 6908916610, '1973-07-04', 10, 'http://dummyimage.com/203x100.png/cc0000/ffffff', 'Detail-oriented chef who pays attention to every detail of a dish', 'MASTER CHEF');
insert into chefs (chefs_id, first_name, last_name, phone_number, date_of_birth, years_of_experience, image, image_caption, chef_level) values (73, 'Jessy', 'Josefovic', 6922786063, '2005-04-03', 10, 'http://dummyimage.com/172x100.png/cc0000/ffffff', 'Energetic chef who brings a sense of excitement to the kitchen', 'A CHEF');
insert into chefs (chefs_id, first_name, last_name, phone_number, date_of_birth, years_of_experience, image, image_caption, chef_level) values (74, 'Morry', 'Hyam', 6930299664, '2005-05-01', 9, 'http://dummyimage.com/161x100.png/dddddd/000000', 'Versatile chef skilled in both savory and pastry', 'A CHEF');
insert into chefs (chefs_id, first_name, last_name, phone_number, date_of_birth, years_of_experience, image, image_caption, chef_level) values (75, 'Axel', 'Teek', 6996861272, '1992-01-21', 1, 'http://dummyimage.com/140x100.png/ff4444/ffffff', 'Award-winning chef recognized for their culinary excellence', 'ASSISTANT CHEF');
insert into chefs (chefs_id, first_name, last_name, phone_number, date_of_birth, years_of_experience, image, image_caption, chef_level) values (76, 'Anson', 'Castaneda', 6973709180, '1999-02-11', 10, 'http://dummyimage.com/200x100.png/5fa2dd/ffffff', 'Charming chef who charms diners with their personality as well as their food', 'B CHEF');
insert into chefs (chefs_id, first_name, last_name, phone_number, date_of_birth, years_of_experience, image, image_caption, chef_level) values (77, 'Jesselyn', 'Spriggs', 6986602718, '1989-09-10', 1, 'http://dummyimage.com/205x100.png/5fa2dd/ffffff', 'Innovative chef pushing the boundaries of traditional cuisine', 'B CHEF');
insert into chefs (chefs_id, first_name, last_name, phone_number, date_of_birth, years_of_experience, image, image_caption, chef_level) values (78, 'Tymothy', 'MacCosty', 6965662423, '1965-07-07', 10, 'http://dummyimage.com/168x100.png/cc0000/ffffff', 'Dedicated chef who puts their heart and soul into every dish', 'MASTER CHEF');
insert into chefs (chefs_id, first_name, last_name, phone_number, date_of_birth, years_of_experience, image, image_caption, chef_level) values (79, 'Carri', 'Daye', 6950690070, '1953-12-04', 11, 'http://dummyimage.com/137x100.png/cc0000/ffffff', 'Creative chef who is always experimenting with new flavors and techniques', 'B CHEF');
insert into chefs (chefs_id, first_name, last_name, phone_number, date_of_birth, years_of_experience, image, image_caption, chef_level) values (80, 'Fax', 'Brownsey', 6959110962, '1951-12-23', 5, 'http://dummyimage.com/154x100.png/5fa2dd/ffffff', 'Collaborative chef who enjoys working with a team to create culinary masterpieces', 'A CHEF');
insert into chefs (chefs_id, first_name, last_name, phone_number, date_of_birth, years_of_experience, image, image_caption, chef_level) values (81, 'Cecile', 'Mackness', 6950971272, '1974-12-19', 4, 'http://dummyimage.com/179x100.png/dddddd/000000', 'Inventive chef constantly coming up with new and exciting dishes', 'ASSISTANT CHEF');
insert into chefs (chefs_id, first_name, last_name, phone_number, date_of_birth, years_of_experience, image, image_caption, chef_level) values (82, 'Horst', 'Jaycock', 6928734877, '1963-06-28', 8, 'http://dummyimage.com/163x100.png/5fa2dd/ffffff', 'Collaborative chef who enjoys working with others to create delicious dishes', 'A CHEF');
insert into chefs (chefs_id, first_name, last_name, phone_number, date_of_birth, years_of_experience, image, image_caption, chef_level) values (83, 'Marsha', 'Custed', 6950706200, '1970-05-19', 3, 'http://dummyimage.com/196x100.png/ff4444/ffffff', 'Knowledgeable chef with a deep understanding of culinary traditions', 'MASTER CHEF');
insert into chefs (chefs_id, first_name, last_name, phone_number, date_of_birth, years_of_experience, image, image_caption, chef_level) values (84, 'Regan', 'Custard', 6932834925, '2004-06-24', 3, 'http://dummyimage.com/164x100.png/5fa2dd/ffffff', 'Energetic chef who brings a sense of passion and enthusiasm to the kitchen', 'B CHEF');
insert into chefs (chefs_id, first_name, last_name, phone_number, date_of_birth, years_of_experience, image, image_caption, chef_level) values (85, 'Kain', 'Farrah', 6936399684, '1958-01-12', 6, 'http://dummyimage.com/197x100.png/cc0000/ffffff', 'Versatile chef who can cook a wide variety of cuisines with skill', 'MASTER CHEF');
insert into chefs (chefs_id, first_name, last_name, phone_number, date_of_birth, years_of_experience, image, image_caption, chef_level) values (86, 'Collete', 'Patillo', 6937197126, '1993-09-20', 15, 'http://dummyimage.com/187x100.png/ff4444/ffffff', 'Detail-oriented chef with a commitment to quality', 'A CHEF');
insert into chefs (chefs_id, first_name, last_name, phone_number, date_of_birth, years_of_experience, image, image_caption, chef_level) values (87, 'Tiffie', 'Necrews', 6991621920, '2002-11-04', 1, 'http://dummyimage.com/145x100.png/dddddd/000000', 'Resourceful chef who can create a gourmet meal out of limited ingredients', 'ASSISTANT CHEF');
insert into chefs (chefs_id, first_name, last_name, phone_number, date_of_birth, years_of_experience, image, image_caption, chef_level) values (88, 'Dyane', 'Spillane', 6993569152, '1980-09-16', 17, 'http://dummyimage.com/224x100.png/dddddd/000000', 'Talented chef who can turn simple ingredients into gourmet delights', 'G CHEF');
insert into chefs (chefs_id, first_name, last_name, phone_number, date_of_birth, years_of_experience, image, image_caption, chef_level) values (89, 'Cammy', 'Foort', 6912579485, '1977-07-30', 14, 'http://dummyimage.com/160x100.png/ff4444/ffffff', 'Artistic chef who treats plating as an art form', 'G CHEF');
insert into chefs (chefs_id, first_name, last_name, phone_number, date_of_birth, years_of_experience, image, image_caption, chef_level) values (90, 'Sauncho', 'Monnery', 6985387575, '1999-03-18', 10, 'http://dummyimage.com/105x100.png/cc0000/ffffff', 'Award-winning chef recognized for their culinary excellence', 'B CHEF');
insert into chefs (chefs_id, first_name, last_name, phone_number, date_of_birth, years_of_experience, image, image_caption, chef_level) values (91, 'Che', 'Garthshore', 6972809467, '1964-02-28', 3, 'http://dummyimage.com/199x100.png/dddddd/000000', 'Knowledgeable chef who understands the science behind cooking', 'A CHEF');
insert into chefs (chefs_id, first_name, last_name, phone_number, date_of_birth, years_of_experience, image, image_caption, chef_level) values (92, 'Francene', 'Larne', 6913450946, '1952-06-29', 14, 'http://dummyimage.com/126x100.png/cc0000/ffffff', 'Inventive chef who is always coming up with new and exciting recipes', 'ASSISTANT CHEF');
insert into chefs (chefs_id, first_name, last_name, phone_number, date_of_birth, years_of_experience, image, image_caption, chef_level) values (93, 'Heidi', 'Feasey', 6936477104, '1990-06-20', 8, 'http://dummyimage.com/176x100.png/cc0000/ffffff', 'Inspiring chef who brings joy to every dish', 'G CHEF');
insert into chefs (chefs_id, first_name, last_name, phone_number, date_of_birth, years_of_experience, image, image_caption, chef_level) values (94, 'Lenka', 'Coots', 6918544127, '1982-02-11', 1, 'http://dummyimage.com/147x100.png/dddddd/000000', 'Innovative chef who is constantly pushing the boundaries of traditional cuisine', 'G CHEF');
insert into chefs (chefs_id, first_name, last_name, phone_number, date_of_birth, years_of_experience, image, image_caption, chef_level) values (95, 'Georgie', 'Rankine', 6957500009, '2001-11-14', 17, 'http://dummyimage.com/123x100.png/5fa2dd/ffffff', 'Knowledgeable chef who understands the science behind cooking', 'ASSISTANT CHEF');
insert into chefs (chefs_id, first_name, last_name, phone_number, date_of_birth, years_of_experience, image, image_caption, chef_level) values (96, 'Burg', 'Edwick', 6924409371, '1959-07-08', 3, 'http://dummyimage.com/101x100.png/ff4444/ffffff', 'Versatile chef skilled in a wide range of cooking styles', 'G CHEF');
insert into chefs (chefs_id, first_name, last_name, phone_number, date_of_birth, years_of_experience, image, image_caption, chef_level) values (97, 'Appolonia', 'Batcock', 6980625612, '2006-04-09', 6, 'http://dummyimage.com/184x100.png/dddddd/000000', 'Skillful chef who can handle the pressure of a busy kitchen with grace', 'G CHEF');
insert into chefs (chefs_id, first_name, last_name, phone_number, date_of_birth, years_of_experience, image, image_caption, chef_level) values (98, 'Garreth', 'Gerb', 6987651245, '2002-04-04', 12, 'http://dummyimage.com/195x100.png/5fa2dd/ffffff', 'Seasoned chef who has honed their skills through years of practice', 'G CHEF');
insert into chefs (chefs_id, first_name, last_name, phone_number, date_of_birth, years_of_experience, image, image_caption, chef_level) values (99, 'Finlay', 'Carmen', 6932415869, '1965-07-07', 10, 'http://dummyimage.com/135x100.png/ff4444/ffffff', 'Inventive chef who is always coming up with new and exciting recipes', 'B CHEF');
insert into chefs (chefs_id, first_name, last_name, phone_number, date_of_birth, years_of_experience, image, image_caption, chef_level) values (100, 'Katlin', 'Brand', 6996231916, '1987-05-16', 15, 'http://dummyimage.com/197x100.png/ff4444/ffffff', 'Skillful chef who can handle the pressure of a busy kitchen with grace', 'MASTER CHEF');

insert into chefs_of_recipe (recipe_id, chef_id) values (1, 14);
insert into chefs_of_recipe (recipe_id, chef_id) values (2, 3);
insert into chefs_of_recipe (recipe_id, chef_id) values (3, 9);
insert into chefs_of_recipe (recipe_id, chef_id) values (4, 82);
insert into chefs_of_recipe (recipe_id, chef_id) values (5, 16);
insert into chefs_of_recipe (recipe_id, chef_id) values (6, 8);
insert into chefs_of_recipe (recipe_id, chef_id) values (7, 24);
insert into chefs_of_recipe (recipe_id, chef_id) values (8, 10);
insert into chefs_of_recipe (recipe_id, chef_id) values (9, 92);
insert into chefs_of_recipe (recipe_id, chef_id) values (10, 42);
insert into chefs_of_recipe (recipe_id, chef_id) values (11, 31);
insert into chefs_of_recipe (recipe_id, chef_id) values (12, 65);
insert into chefs_of_recipe (recipe_id, chef_id) values (13, 88);
insert into chefs_of_recipe (recipe_id, chef_id) values (14, 51);
insert into chefs_of_recipe (recipe_id, chef_id) values (15, 87);
insert into chefs_of_recipe (recipe_id, chef_id) values (16, 23);
insert into chefs_of_recipe (recipe_id, chef_id) values (17, 65);
insert into chefs_of_recipe (recipe_id, chef_id) values (18, 78);
insert into chefs_of_recipe (recipe_id, chef_id) values (19, 51);
insert into chefs_of_recipe (recipe_id, chef_id) values (20, 65);
insert into chefs_of_recipe (recipe_id, chef_id) values (21, 81);
insert into chefs_of_recipe (recipe_id, chef_id) values (22, 24);
insert into chefs_of_recipe (recipe_id, chef_id) values (23, 53);
insert into chefs_of_recipe (recipe_id, chef_id) values (24, 83);
insert into chefs_of_recipe (recipe_id, chef_id) values (25, 34);
insert into chefs_of_recipe (recipe_id, chef_id) values (26, 100);
insert into chefs_of_recipe (recipe_id, chef_id) values (27, 7);
insert into chefs_of_recipe (recipe_id, chef_id) values (28, 39);
insert into chefs_of_recipe (recipe_id, chef_id) values (29, 26);
insert into chefs_of_recipe (recipe_id, chef_id) values (30, 2);
insert into chefs_of_recipe (recipe_id, chef_id) values (31, 17);
insert into chefs_of_recipe (recipe_id, chef_id) values (32, 30);
insert into chefs_of_recipe (recipe_id, chef_id) values (33, 83);
insert into chefs_of_recipe (recipe_id, chef_id) values (34, 93);
insert into chefs_of_recipe (recipe_id, chef_id) values (35, 66);
insert into chefs_of_recipe (recipe_id, chef_id) values (36, 64);
insert into chefs_of_recipe (recipe_id, chef_id) values (37, 23);
insert into chefs_of_recipe (recipe_id, chef_id) values (38, 13);
insert into chefs_of_recipe (recipe_id, chef_id) values (39, 84);
insert into chefs_of_recipe (recipe_id, chef_id) values (40, 59);
insert into chefs_of_recipe (recipe_id, chef_id) values (41, 40);
insert into chefs_of_recipe (recipe_id, chef_id) values (42, 83);
insert into chefs_of_recipe (recipe_id, chef_id) values (43, 24);
insert into chefs_of_recipe (recipe_id, chef_id) values (44, 19);
insert into chefs_of_recipe (recipe_id, chef_id) values (45, 50);
insert into chefs_of_recipe (recipe_id, chef_id) values (46, 93);
insert into chefs_of_recipe (recipe_id, chef_id) values (47, 63);
insert into chefs_of_recipe (recipe_id, chef_id) values (48, 83);
insert into chefs_of_recipe (recipe_id, chef_id) values (49, 29);
insert into chefs_of_recipe (recipe_id, chef_id) values (50, 41);
insert into chefs_of_recipe (recipe_id, chef_id) values (51, 10);
insert into chefs_of_recipe (recipe_id, chef_id) values (52, 74);
insert into chefs_of_recipe (recipe_id, chef_id) values (53, 100);
insert into chefs_of_recipe (recipe_id, chef_id) values (54, 3);
insert into chefs_of_recipe (recipe_id, chef_id) values (55, 2);
insert into chefs_of_recipe (recipe_id, chef_id) values (56, 1);
insert into chefs_of_recipe (recipe_id, chef_id) values (57, 88);
insert into chefs_of_recipe (recipe_id, chef_id) values (58, 65);
insert into chefs_of_recipe (recipe_id, chef_id) values (59, 59);
insert into chefs_of_recipe (recipe_id, chef_id) values (60, 34);
insert into chefs_of_recipe (recipe_id, chef_id) values (61, 39);
insert into chefs_of_recipe (recipe_id, chef_id) values (62, 58);
insert into chefs_of_recipe (recipe_id, chef_id) values (63, 85);
insert into chefs_of_recipe (recipe_id, chef_id) values (64, 31);
insert into chefs_of_recipe (recipe_id, chef_id) values (65, 21);
insert into chefs_of_recipe (recipe_id, chef_id) values (66, 30);
insert into chefs_of_recipe (recipe_id, chef_id) values (67, 39);
insert into chefs_of_recipe (recipe_id, chef_id) values (68, 100);
insert into chefs_of_recipe (recipe_id, chef_id) values (69, 35);
insert into chefs_of_recipe (recipe_id, chef_id) values (70, 99);
insert into chefs_of_recipe (recipe_id, chef_id) values (71, 70);
insert into chefs_of_recipe (recipe_id, chef_id) values (72, 30);
insert into chefs_of_recipe (recipe_id, chef_id) values (73, 67);
insert into chefs_of_recipe (recipe_id, chef_id) values (74, 61);
insert into chefs_of_recipe (recipe_id, chef_id) values (75, 50);
insert into chefs_of_recipe (recipe_id, chef_id) values (76, 8);
insert into chefs_of_recipe (recipe_id, chef_id) values (77, 54);
insert into chefs_of_recipe (recipe_id, chef_id) values (78, 26);
insert into chefs_of_recipe (recipe_id, chef_id) values (79, 61);
insert into chefs_of_recipe (recipe_id, chef_id) values (80, 44);
insert into chefs_of_recipe (recipe_id, chef_id) values (81, 85);
insert into chefs_of_recipe (recipe_id, chef_id) values (82, 35);
insert into chefs_of_recipe (recipe_id, chef_id) values (83, 52);
insert into chefs_of_recipe (recipe_id, chef_id) values (84, 85);
insert into chefs_of_recipe (recipe_id, chef_id) values (85, 25);
insert into chefs_of_recipe (recipe_id, chef_id) values (86, 11);
insert into chefs_of_recipe (recipe_id, chef_id) values (87, 12);
insert into chefs_of_recipe (recipe_id, chef_id) values (88, 50);
insert into chefs_of_recipe (recipe_id, chef_id) values (89, 67);
insert into chefs_of_recipe (recipe_id, chef_id) values (90, 58);
insert into chefs_of_recipe (recipe_id, chef_id) values (91, 12);
insert into chefs_of_recipe (recipe_id, chef_id) values (92, 63);
insert into chefs_of_recipe (recipe_id, chef_id) values (93, 31);
insert into chefs_of_recipe (recipe_id, chef_id) values (94, 95);
insert into chefs_of_recipe (recipe_id, chef_id) values (95, 21);
insert into chefs_of_recipe (recipe_id, chef_id) values (96, 84);
insert into chefs_of_recipe (recipe_id, chef_id) values (97, 56);
insert into chefs_of_recipe (recipe_id, chef_id) values (98, 83);
insert into chefs_of_recipe (recipe_id, chef_id) values (99, 5);
insert into chefs_of_recipe (recipe_id, chef_id) values (100, 28);

insert into chefs_of_recipe (recipe_id, chef_id) values (1, 12);
insert into chefs_of_recipe (recipe_id, chef_id) values (2, 69);
insert into chefs_of_recipe (recipe_id, chef_id) values (3, 10);
insert into chefs_of_recipe (recipe_id, chef_id) values (4, 4);
insert into chefs_of_recipe (recipe_id, chef_id) values (5, 50);
insert into chefs_of_recipe (recipe_id, chef_id) values (6, 57);
insert into chefs_of_recipe (recipe_id, chef_id) values (7, 1);
insert into chefs_of_recipe (recipe_id, chef_id) values (8, 39);
insert into chefs_of_recipe (recipe_id, chef_id) values (9, 18);
insert into chefs_of_recipe (recipe_id, chef_id) values (10, 21);
insert into chefs_of_recipe (recipe_id, chef_id) values (11, 53);
insert into chefs_of_recipe (recipe_id, chef_id) values (12, 2);
insert into chefs_of_recipe (recipe_id, chef_id) values (13, 37);
insert into chefs_of_recipe (recipe_id, chef_id) values (14, 3);
insert into chefs_of_recipe (recipe_id, chef_id) values (15, 34);
insert into chefs_of_recipe (recipe_id, chef_id) values (16, 68);
insert into chefs_of_recipe (recipe_id, chef_id) values (17, 94);
insert into chefs_of_recipe (recipe_id, chef_id) values (18, 7);
insert into chefs_of_recipe (recipe_id, chef_id) values (19, 74);
insert into chefs_of_recipe (recipe_id, chef_id) values (20, 80);
insert into chefs_of_recipe (recipe_id, chef_id) values (21, 2);
insert into chefs_of_recipe (recipe_id, chef_id) values (22, 16);
insert into chefs_of_recipe (recipe_id, chef_id) values (23, 9);
insert into chefs_of_recipe (recipe_id, chef_id) values (24, 14);
insert into chefs_of_recipe (recipe_id, chef_id) values (25, 75);
insert into chefs_of_recipe (recipe_id, chef_id) values (26, 49);
insert into chefs_of_recipe (recipe_id, chef_id) values (27, 54);
insert into chefs_of_recipe (recipe_id, chef_id) values (28, 42);
insert into chefs_of_recipe (recipe_id, chef_id) values (29, 64);
insert into chefs_of_recipe (recipe_id, chef_id) values (30, 37);
insert into chefs_of_recipe (recipe_id, chef_id) values (31, 82);
insert into chefs_of_recipe (recipe_id, chef_id) values (32, 34);
insert into chefs_of_recipe (recipe_id, chef_id) values (33, 10);
insert into chefs_of_recipe (recipe_id, chef_id) values (34, 36);
insert into chefs_of_recipe (recipe_id, chef_id) values (35, 87);
insert into chefs_of_recipe (recipe_id, chef_id) values (36, 71);
insert into chefs_of_recipe (recipe_id, chef_id) values (37, 43);
insert into chefs_of_recipe (recipe_id, chef_id) values (38, 85);
insert into chefs_of_recipe (recipe_id, chef_id) values (39, 32);
insert into chefs_of_recipe (recipe_id, chef_id) values (40, 40);
insert into chefs_of_recipe (recipe_id, chef_id) values (41, 37);
insert into chefs_of_recipe (recipe_id, chef_id) values (42, 88);
insert into chefs_of_recipe (recipe_id, chef_id) values (43, 27);
insert into chefs_of_recipe (recipe_id, chef_id) values (44, 26);
insert into chefs_of_recipe (recipe_id, chef_id) values (45, 63);
insert into chefs_of_recipe (recipe_id, chef_id) values (46, 25);
insert into chefs_of_recipe (recipe_id, chef_id) values (47, 53);
insert into chefs_of_recipe (recipe_id, chef_id) values (48, 95);
insert into chefs_of_recipe (recipe_id, chef_id) values (49, 11);
insert into chefs_of_recipe (recipe_id, chef_id) values (50, 11);
insert into chefs_of_recipe (recipe_id, chef_id) values (51, 25);
insert into chefs_of_recipe (recipe_id, chef_id) values (52, 64);
insert into chefs_of_recipe (recipe_id, chef_id) values (53, 99);
insert into chefs_of_recipe (recipe_id, chef_id) values (54, 80);
insert into chefs_of_recipe (recipe_id, chef_id) values (55, 77);
insert into chefs_of_recipe (recipe_id, chef_id) values (56, 76);
insert into chefs_of_recipe (recipe_id, chef_id) values (57, 22);
insert into chefs_of_recipe (recipe_id, chef_id) values (58, 66);
insert into chefs_of_recipe (recipe_id, chef_id) values (59, 73);
insert into chefs_of_recipe (recipe_id, chef_id) values (60, 83);
insert into chefs_of_recipe (recipe_id, chef_id) values (61, 97);
insert into chefs_of_recipe (recipe_id, chef_id) values (62, 53);
insert into chefs_of_recipe (recipe_id, chef_id) values (63, 10);
insert into chefs_of_recipe (recipe_id, chef_id) values (64, 29);
insert into chefs_of_recipe (recipe_id, chef_id) values (65, 43);
insert into chefs_of_recipe (recipe_id, chef_id) values (66, 100);
insert into chefs_of_recipe (recipe_id, chef_id) values (67, 59);
insert into chefs_of_recipe (recipe_id, chef_id) values (68, 99);
insert into chefs_of_recipe (recipe_id, chef_id) values (69, 2);
insert into chefs_of_recipe (recipe_id, chef_id) values (70, 38);
insert into chefs_of_recipe (recipe_id, chef_id) values (71, 5);
insert into chefs_of_recipe (recipe_id, chef_id) values (72, 89);
insert into chefs_of_recipe (recipe_id, chef_id) values (73, 47);
insert into chefs_of_recipe (recipe_id, chef_id) values (74, 18);
insert into chefs_of_recipe (recipe_id, chef_id) values (75, 24);
insert into chefs_of_recipe (recipe_id, chef_id) values (76, 90);
insert into chefs_of_recipe (recipe_id, chef_id) values (77, 97);
insert into chefs_of_recipe (recipe_id, chef_id) values (78, 27);
insert into chefs_of_recipe (recipe_id, chef_id) values (79, 52);
insert into chefs_of_recipe (recipe_id, chef_id) values (80, 82);
insert into chefs_of_recipe (recipe_id, chef_id) values (81, 97);
insert into chefs_of_recipe (recipe_id, chef_id) values (82, 19);
insert into chefs_of_recipe (recipe_id, chef_id) values (83, 79);
insert into chefs_of_recipe (recipe_id, chef_id) values (84, 59);
insert into chefs_of_recipe (recipe_id, chef_id) values (85, 66);
insert into chefs_of_recipe (recipe_id, chef_id) values (86, 87);
insert into chefs_of_recipe (recipe_id, chef_id) values (87, 86);
insert into chefs_of_recipe (recipe_id, chef_id) values (88, 28);
insert into chefs_of_recipe (recipe_id, chef_id) values (89, 70);
insert into chefs_of_recipe (recipe_id, chef_id) values (90, 6);
insert into chefs_of_recipe (recipe_id, chef_id) values (91, 82);
insert into chefs_of_recipe (recipe_id, chef_id) values (92, 14);
insert into chefs_of_recipe (recipe_id, chef_id) values (93, 65);
insert into chefs_of_recipe (recipe_id, chef_id) values (94, 88);
insert into chefs_of_recipe (recipe_id, chef_id) values (95, 63);
insert into chefs_of_recipe (recipe_id, chef_id) values (96, 60);
insert into chefs_of_recipe (recipe_id, chef_id) values (97, 64);
insert into chefs_of_recipe (recipe_id, chef_id) values (98, 3);
insert into chefs_of_recipe (recipe_id, chef_id) values (99, 73);
insert into chefs_of_recipe (recipe_id, chef_id) values (100, 82);
insert into chefs_of_recipe (recipe_id, chef_id) values (4, 94);






insert into ethnic_of_chef (chef_id, ethnic_id) values (2, 8);
insert into ethnic_of_chef (chef_id, ethnic_id) values (3, 20);
insert into ethnic_of_chef (chef_id, ethnic_id) values (4, 4);
insert into ethnic_of_chef (chef_id, ethnic_id) values (5, 6);
insert into ethnic_of_chef (chef_id, ethnic_id) values (6, 17);
insert into ethnic_of_chef (chef_id, ethnic_id) values (7, 16);
insert into ethnic_of_chef (chef_id, ethnic_id) values (8, 7);
insert into ethnic_of_chef (chef_id, ethnic_id) values (9, 20);
insert into ethnic_of_chef (chef_id, ethnic_id) values (10, 7);
insert into ethnic_of_chef (chef_id, ethnic_id) values (11, 10);
insert into ethnic_of_chef (chef_id, ethnic_id) values (12, 18);
insert into ethnic_of_chef (chef_id, ethnic_id) values (13, 19);
insert into ethnic_of_chef (chef_id, ethnic_id) values (14, 19);
insert into ethnic_of_chef (chef_id, ethnic_id) values (15, 5);
insert into ethnic_of_chef (chef_id, ethnic_id) values (16, 16);
insert into ethnic_of_chef (chef_id, ethnic_id) values (17, 7);
insert into ethnic_of_chef (chef_id, ethnic_id) values (18, 1);
insert into ethnic_of_chef (chef_id, ethnic_id) values (19, 2);
insert into ethnic_of_chef (chef_id, ethnic_id) values (20, 3);
insert into ethnic_of_chef (chef_id, ethnic_id) values (22, 17);
insert into ethnic_of_chef (chef_id, ethnic_id) values (23, 4);
insert into ethnic_of_chef (chef_id, ethnic_id) values (24, 4);
insert into ethnic_of_chef (chef_id, ethnic_id) values (25, 16);
insert into ethnic_of_chef (chef_id, ethnic_id) values (26, 10);
insert into ethnic_of_chef (chef_id, ethnic_id) values (27, 20);
insert into ethnic_of_chef (chef_id, ethnic_id) values (28, 18);
insert into ethnic_of_chef (chef_id, ethnic_id) values (29, 7);
insert into ethnic_of_chef (chef_id, ethnic_id) values (30, 6);
insert into ethnic_of_chef (chef_id, ethnic_id) values (31, 13);
insert into ethnic_of_chef (chef_id, ethnic_id) values (32, 15);
insert into ethnic_of_chef (chef_id, ethnic_id) values (33, 17);
insert into ethnic_of_chef (chef_id, ethnic_id) values (34, 12);
insert into ethnic_of_chef (chef_id, ethnic_id) values (35, 20);
insert into ethnic_of_chef (chef_id, ethnic_id) values (36, 7);
insert into ethnic_of_chef (chef_id, ethnic_id) values (37, 7);
insert into ethnic_of_chef (chef_id, ethnic_id) values (38, 19);
insert into ethnic_of_chef (chef_id, ethnic_id) values (39, 13);
insert into ethnic_of_chef (chef_id, ethnic_id) values (40, 6);
insert into ethnic_of_chef (chef_id, ethnic_id) values (41, 2);
insert into ethnic_of_chef (chef_id, ethnic_id) values (42, 5);
insert into ethnic_of_chef (chef_id, ethnic_id) values (43, 16);
insert into ethnic_of_chef (chef_id, ethnic_id) values (44, 1);
insert into ethnic_of_chef (chef_id, ethnic_id) values (45, 5);
insert into ethnic_of_chef (chef_id, ethnic_id) values (46, 3);
insert into ethnic_of_chef (chef_id, ethnic_id) values (47, 12);
insert into ethnic_of_chef (chef_id, ethnic_id) values (48, 20);
insert into ethnic_of_chef (chef_id, ethnic_id) values (49, 11);
insert into ethnic_of_chef (chef_id, ethnic_id) values (50, 18);
insert into ethnic_of_chef (chef_id, ethnic_id) values (51, 19);
insert into ethnic_of_chef (chef_id, ethnic_id) values (52, 3);
insert into ethnic_of_chef (chef_id, ethnic_id) values (53, 10);
insert into ethnic_of_chef (chef_id, ethnic_id) values (54, 2);
insert into ethnic_of_chef (chef_id, ethnic_id) values (55, 9);
insert into ethnic_of_chef (chef_id, ethnic_id) values (56, 16);
insert into ethnic_of_chef (chef_id, ethnic_id) values (57, 8);
insert into ethnic_of_chef (chef_id, ethnic_id) values (58, 15);
insert into ethnic_of_chef (chef_id, ethnic_id) values (59, 13);
insert into ethnic_of_chef (chef_id, ethnic_id) values (60, 6);
insert into ethnic_of_chef (chef_id, ethnic_id) values (61, 7);
insert into ethnic_of_chef (chef_id, ethnic_id) values (62, 14);
insert into ethnic_of_chef (chef_id, ethnic_id) values (63, 3);
insert into ethnic_of_chef (chef_id, ethnic_id) values (64, 4);
insert into ethnic_of_chef (chef_id, ethnic_id) values (65, 10);
insert into ethnic_of_chef (chef_id, ethnic_id) values (66, 2);
insert into ethnic_of_chef (chef_id, ethnic_id) values (67, 10);
insert into ethnic_of_chef (chef_id, ethnic_id) values (68, 4);
insert into ethnic_of_chef (chef_id, ethnic_id) values (69, 18);
insert into ethnic_of_chef (chef_id, ethnic_id) values (70, 10);
insert into ethnic_of_chef (chef_id, ethnic_id) values (71, 17);
insert into ethnic_of_chef (chef_id, ethnic_id) values (72, 1);
insert into ethnic_of_chef (chef_id, ethnic_id) values (73, 6);
insert into ethnic_of_chef (chef_id, ethnic_id) values (74, 11);
insert into ethnic_of_chef (chef_id, ethnic_id) values (75, 11);
insert into ethnic_of_chef (chef_id, ethnic_id) values (76, 2);
insert into ethnic_of_chef (chef_id, ethnic_id) values (77, 9);
insert into ethnic_of_chef (chef_id, ethnic_id) values (78, 1);
insert into ethnic_of_chef (chef_id, ethnic_id) values (79, 8);
insert into ethnic_of_chef (chef_id, ethnic_id) values (80, 8);
insert into ethnic_of_chef (chef_id, ethnic_id) values (80, 10);
insert into ethnic_of_chef (chef_id, ethnic_id) values (81, 1);
insert into ethnic_of_chef (chef_id, ethnic_id) values (82, 16);
insert into ethnic_of_chef (chef_id, ethnic_id) values (83, 18);
insert into ethnic_of_chef (chef_id, ethnic_id) values (84, 7);
insert into ethnic_of_chef (chef_id, ethnic_id) values (85, 7);
insert into ethnic_of_chef (chef_id, ethnic_id) values (86, 6);
insert into ethnic_of_chef (chef_id, ethnic_id) values (87, 10);
insert into ethnic_of_chef (chef_id, ethnic_id) values (88, 20);
insert into ethnic_of_chef (chef_id, ethnic_id) values (89, 12);
insert into ethnic_of_chef (chef_id, ethnic_id) values (90, 10);
insert into ethnic_of_chef (chef_id, ethnic_id) values (91, 8);
insert into ethnic_of_chef (chef_id, ethnic_id) values (92, 1);
insert into ethnic_of_chef (chef_id, ethnic_id) values (93, 15);
insert into ethnic_of_chef (chef_id, ethnic_id) values (94, 4);
insert into ethnic_of_chef (chef_id, ethnic_id) values (95, 20);
insert into ethnic_of_chef (chef_id, ethnic_id) values (96, 2);
insert into ethnic_of_chef (chef_id, ethnic_id) values (97, 13);
insert into ethnic_of_chef (chef_id, ethnic_id) values (98, 14);
insert into ethnic_of_chef (chef_id, ethnic_id) values (99, 19);
insert into ethnic_of_chef (chef_id, ethnic_id) values (100, 6);
insert into ethnic_of_chef (chef_id, ethnic_id) values (1, 9);
insert into ethnic_of_chef (chef_id, ethnic_id) values (2, 9);
insert into ethnic_of_chef (chef_id, ethnic_id) values (3, 9);
insert into ethnic_of_chef (chef_id, ethnic_id) values (4, 12);
insert into ethnic_of_chef (chef_id, ethnic_id) values (5, 3);
insert into ethnic_of_chef (chef_id, ethnic_id) values (6, 1);
insert into ethnic_of_chef (chef_id, ethnic_id) values (7, 12);
insert into ethnic_of_chef (chef_id, ethnic_id) values (8, 9);
insert into ethnic_of_chef (chef_id, ethnic_id) values (9, 17);
insert into ethnic_of_chef (chef_id, ethnic_id) values (10, 20);
insert into ethnic_of_chef (chef_id, ethnic_id) values (11, 2);
insert into ethnic_of_chef (chef_id, ethnic_id) values (12, 9);
insert into ethnic_of_chef (chef_id, ethnic_id) values (13, 3);
insert into ethnic_of_chef (chef_id, ethnic_id) values (14, 18);
insert into ethnic_of_chef (chef_id, ethnic_id) values (15, 8);
insert into ethnic_of_chef (chef_id, ethnic_id) values (16, 5);
insert into ethnic_of_chef (chef_id, ethnic_id) values (17, 1);
insert into ethnic_of_chef (chef_id, ethnic_id) values (18, 8);
insert into ethnic_of_chef (chef_id, ethnic_id) values (19, 1);
insert into ethnic_of_chef (chef_id, ethnic_id) values (20, 13);
insert into ethnic_of_chef (chef_id, ethnic_id) values (21, 1);
insert into ethnic_of_chef (chef_id, ethnic_id) values (22, 8);
insert into ethnic_of_chef (chef_id, ethnic_id) values (23, 7);
insert into ethnic_of_chef (chef_id, ethnic_id) values (24, 5);
insert into ethnic_of_chef (chef_id, ethnic_id) values (25, 15);
insert into ethnic_of_chef (chef_id, ethnic_id) values (26, 1);
insert into ethnic_of_chef (chef_id, ethnic_id) values (27, 5);
insert into ethnic_of_chef (chef_id, ethnic_id) values (28, 16);
insert into ethnic_of_chef (chef_id, ethnic_id) values (29, 17);
insert into ethnic_of_chef (chef_id, ethnic_id) values (30, 19);
insert into ethnic_of_chef (chef_id, ethnic_id) values (31, 19);
insert into ethnic_of_chef (chef_id, ethnic_id) values (32, 7);
insert into ethnic_of_chef (chef_id, ethnic_id) values (33, 14);
insert into ethnic_of_chef (chef_id, ethnic_id) values (34, 17);
insert into ethnic_of_chef (chef_id, ethnic_id) values (35, 1);
insert into ethnic_of_chef (chef_id, ethnic_id) values (36, 20);
insert into ethnic_of_chef (chef_id, ethnic_id) values (37, 6);
insert into ethnic_of_chef (chef_id, ethnic_id) values (38, 8);
insert into ethnic_of_chef (chef_id, ethnic_id) values (39, 20);
insert into ethnic_of_chef (chef_id, ethnic_id) values (40, 3);
insert into ethnic_of_chef (chef_id, ethnic_id) values (41, 20);
insert into ethnic_of_chef (chef_id, ethnic_id) values (42, 13);
insert into ethnic_of_chef (chef_id, ethnic_id) values (43, 5);
insert into ethnic_of_chef (chef_id, ethnic_id) values (44, 4);
insert into ethnic_of_chef (chef_id, ethnic_id) values (45, 16);
insert into ethnic_of_chef (chef_id, ethnic_id) values (46, 20);
insert into ethnic_of_chef (chef_id, ethnic_id) values (47, 11);
insert into ethnic_of_chef (chef_id, ethnic_id) values (48, 2);
insert into ethnic_of_chef (chef_id, ethnic_id) values (49, 17);
insert into ethnic_of_chef (chef_id, ethnic_id) values (50, 5);
insert into ethnic_of_chef (chef_id, ethnic_id) values (51, 14);
insert into ethnic_of_chef (chef_id, ethnic_id) values (52, 19);
insert into ethnic_of_chef (chef_id, ethnic_id) values (53, 15);
insert into ethnic_of_chef (chef_id, ethnic_id) values (54, 14);
insert into ethnic_of_chef (chef_id, ethnic_id) values (55, 4);
insert into ethnic_of_chef (chef_id, ethnic_id) values (56, 12);
insert into ethnic_of_chef (chef_id, ethnic_id) values (57, 3);
insert into ethnic_of_chef (chef_id, ethnic_id) values (58, 19);
insert into ethnic_of_chef (chef_id, ethnic_id) values (59, 19);
insert into ethnic_of_chef (chef_id, ethnic_id) values (60, 7);
insert into ethnic_of_chef (chef_id, ethnic_id) values (61, 6);
insert into ethnic_of_chef (chef_id, ethnic_id) values (62, 17);
insert into ethnic_of_chef (chef_id, ethnic_id) values (63, 18);
insert into ethnic_of_chef (chef_id, ethnic_id) values (64, 1);
insert into ethnic_of_chef (chef_id, ethnic_id) values (65, 15);
insert into ethnic_of_chef (chef_id, ethnic_id) values (66, 15);
insert into ethnic_of_chef (chef_id, ethnic_id) values (67, 7);
insert into ethnic_of_chef (chef_id, ethnic_id) values (68, 12);
insert into ethnic_of_chef (chef_id, ethnic_id) values (69, 20);
insert into ethnic_of_chef (chef_id, ethnic_id) values (70, 3);
insert into ethnic_of_chef (chef_id, ethnic_id) values (71, 1);
insert into ethnic_of_chef (chef_id, ethnic_id) values (72, 12);
insert into ethnic_of_chef (chef_id, ethnic_id) values (73, 13);
insert into ethnic_of_chef (chef_id, ethnic_id) values (74, 4);
insert into ethnic_of_chef (chef_id, ethnic_id) values (75, 12);
insert into ethnic_of_chef (chef_id, ethnic_id) values (76, 9);
insert into ethnic_of_chef (chef_id, ethnic_id) values (77, 14);
insert into ethnic_of_chef (chef_id, ethnic_id) values (78, 10);
insert into ethnic_of_chef (chef_id, ethnic_id) values (79, 3);
insert into ethnic_of_chef (chef_id, ethnic_id) values (80, 9);
insert into ethnic_of_chef (chef_id, ethnic_id) values (81, 6);
insert into ethnic_of_chef (chef_id, ethnic_id) values (82, 4);
insert into ethnic_of_chef (chef_id, ethnic_id) values (83, 20);
insert into ethnic_of_chef (chef_id, ethnic_id) values (84, 3);
insert into ethnic_of_chef (chef_id, ethnic_id) values (85, 13);
insert into ethnic_of_chef (chef_id, ethnic_id) values (86, 18);
insert into ethnic_of_chef (chef_id, ethnic_id) values (87, 17);
insert into ethnic_of_chef (chef_id, ethnic_id) values (88, 3);
insert into ethnic_of_chef (chef_id, ethnic_id) values (89, 1);
insert into ethnic_of_chef (chef_id, ethnic_id) values (90, 16);
insert into ethnic_of_chef (chef_id, ethnic_id) values (91, 11);
insert into ethnic_of_chef (chef_id, ethnic_id) values (92, 9);
insert into ethnic_of_chef (chef_id, ethnic_id) values (93, 8);
insert into ethnic_of_chef (chef_id, ethnic_id) values (94, 8);
insert into ethnic_of_chef (chef_id, ethnic_id) values (95, 2);
insert into ethnic_of_chef (chef_id, ethnic_id) values (96, 17);
insert into ethnic_of_chef (chef_id, ethnic_id) values (97, 20);
insert into ethnic_of_chef (chef_id, ethnic_id) values (98, 9);
insert into ethnic_of_chef (chef_id, ethnic_id) values (99, 9);
insert into ethnic_of_chef (chef_id, ethnic_id) values (100, 5);
insert into ethnic_of_chef (chef_id, ethnic_id) values (1, 11);
insert into ethnic_of_chef (chef_id, ethnic_id) values (2, 17);
insert into ethnic_of_chef (chef_id, ethnic_id) values (3, 2);
insert into ethnic_of_chef (chef_id, ethnic_id) values (4, 9);
insert into ethnic_of_chef (chef_id, ethnic_id) values (5, 19);
insert into ethnic_of_chef (chef_id, ethnic_id) values (6, 2);
insert into ethnic_of_chef (chef_id, ethnic_id) values (7, 6);
insert into ethnic_of_chef (chef_id, ethnic_id) values (8, 6);
insert into ethnic_of_chef (chef_id, ethnic_id) values (9, 15);
insert into ethnic_of_chef (chef_id, ethnic_id) values (10, 15);
insert into ethnic_of_chef (chef_id, ethnic_id) values (11, 17);
insert into ethnic_of_chef (chef_id, ethnic_id) values (12, 19);
insert into ethnic_of_chef (chef_id, ethnic_id) values (13, 14);
insert into ethnic_of_chef (chef_id, ethnic_id) values (14, 8);
insert into ethnic_of_chef (chef_id, ethnic_id) values (15, 13);
insert into ethnic_of_chef (chef_id, ethnic_id) values (16, 14);
insert into ethnic_of_chef (chef_id, ethnic_id) values (17, 4);
insert into ethnic_of_chef (chef_id, ethnic_id) values (18, 6);
insert into ethnic_of_chef (chef_id, ethnic_id) values (19, 19);
insert into ethnic_of_chef (chef_id, ethnic_id) values (20, 15);
insert into ethnic_of_chef (chef_id, ethnic_id) values (21, 5);
insert into ethnic_of_chef (chef_id, ethnic_id) values (22, 20);
insert into ethnic_of_chef (chef_id, ethnic_id) values (23, 9);
insert into ethnic_of_chef (chef_id, ethnic_id) values (24, 11);
insert into ethnic_of_chef (chef_id, ethnic_id) values (25, 8);
insert into ethnic_of_chef (chef_id, ethnic_id) values (26, 5);
insert into ethnic_of_chef (chef_id, ethnic_id) values (27, 12);
insert into ethnic_of_chef (chef_id, ethnic_id) values (28, 3);
insert into ethnic_of_chef (chef_id, ethnic_id) values (29, 10);
insert into ethnic_of_chef (chef_id, ethnic_id) values (30, 12);
insert into ethnic_of_chef (chef_id, ethnic_id) values (31, 10);
insert into ethnic_of_chef (chef_id, ethnic_id) values (32, 3);
insert into ethnic_of_chef (chef_id, ethnic_id) values (33, 12);
insert into ethnic_of_chef (chef_id, ethnic_id) values (34, 16);
insert into ethnic_of_chef (chef_id, ethnic_id) values (35, 8);
insert into ethnic_of_chef (chef_id, ethnic_id) values (36, 8);
insert into ethnic_of_chef (chef_id, ethnic_id) values (37, 16);
insert into ethnic_of_chef (chef_id, ethnic_id) values (38, 3);
insert into ethnic_of_chef (chef_id, ethnic_id) values (39, 14);
insert into ethnic_of_chef (chef_id, ethnic_id) values (40, 19);
insert into ethnic_of_chef (chef_id, ethnic_id) values (41, 17);
insert into ethnic_of_chef (chef_id, ethnic_id) values (42, 18);
insert into ethnic_of_chef (chef_id, ethnic_id) values (43, 9);
insert into ethnic_of_chef (chef_id, ethnic_id) values (44, 7);
insert into ethnic_of_chef (chef_id, ethnic_id) values (45, 13);
insert into ethnic_of_chef (chef_id, ethnic_id) values (46, 2);
insert into ethnic_of_chef (chef_id, ethnic_id) values (47, 20);
insert into ethnic_of_chef (chef_id, ethnic_id) values (49, 19);
insert into ethnic_of_chef (chef_id, ethnic_id) values (50, 16);
insert into ethnic_of_chef (chef_id, ethnic_id) values (51, 2);
insert into ethnic_of_chef (chef_id, ethnic_id) values (52, 10);
insert into ethnic_of_chef (chef_id, ethnic_id) values (53, 18);
insert into ethnic_of_chef (chef_id, ethnic_id) values (54, 12);
insert into ethnic_of_chef (chef_id, ethnic_id) values (55, 11);
insert into ethnic_of_chef (chef_id, ethnic_id) values (56, 7);
insert into ethnic_of_chef (chef_id, ethnic_id) values (57, 19);
insert into ethnic_of_chef (chef_id, ethnic_id) values (58, 17);
insert into ethnic_of_chef (chef_id, ethnic_id) values (59, 4);
insert into ethnic_of_chef (chef_id, ethnic_id) values (60, 1);
insert into ethnic_of_chef (chef_id, ethnic_id) values (61, 10);
insert into ethnic_of_chef (chef_id, ethnic_id) values (62, 16);
insert into ethnic_of_chef (chef_id, ethnic_id) values (63, 5);
insert into ethnic_of_chef (chef_id, ethnic_id) values (64, 16);
insert into ethnic_of_chef (chef_id, ethnic_id) values (65, 8);
insert into ethnic_of_chef (chef_id, ethnic_id) values (66, 10);
insert into ethnic_of_chef (chef_id, ethnic_id) values (67, 11);
insert into ethnic_of_chef (chef_id, ethnic_id) values (68, 16);
insert into ethnic_of_chef (chef_id, ethnic_id) values (69, 2);
insert into ethnic_of_chef (chef_id, ethnic_id) values (70, 7);
insert into ethnic_of_chef (chef_id, ethnic_id) values (71, 7);
insert into ethnic_of_chef (chef_id, ethnic_id) values (72, 18);
insert into ethnic_of_chef (chef_id, ethnic_id) values (73, 12);
insert into ethnic_of_chef (chef_id, ethnic_id) values (74, 2);
insert into ethnic_of_chef (chef_id, ethnic_id) values (75, 16);
insert into ethnic_of_chef (chef_id, ethnic_id) values (76, 8);
insert into ethnic_of_chef (chef_id, ethnic_id) values (77, 2);
insert into ethnic_of_chef (chef_id, ethnic_id) values (78, 14);
insert into ethnic_of_chef (chef_id, ethnic_id) values (79, 11);
insert into ethnic_of_chef (chef_id, ethnic_id) values (80, 11);
insert into ethnic_of_chef (chef_id, ethnic_id) values (81, 17);
insert into ethnic_of_chef (chef_id, ethnic_id) values (82, 19);
insert into ethnic_of_chef (chef_id, ethnic_id) values (83, 12);
insert into ethnic_of_chef (chef_id, ethnic_id) values (84, 8);
insert into ethnic_of_chef (chef_id, ethnic_id) values (85, 14);
insert into ethnic_of_chef (chef_id, ethnic_id) values (86, 2);
insert into ethnic_of_chef (chef_id, ethnic_id) values (87, 2);
insert into ethnic_of_chef (chef_id, ethnic_id) values (88, 6);
insert into ethnic_of_chef (chef_id, ethnic_id) values (89, 14);
insert into ethnic_of_chef (chef_id, ethnic_id) values (90, 7);
insert into ethnic_of_chef (chef_id, ethnic_id) values (91, 3);
insert into ethnic_of_chef (chef_id, ethnic_id) values (92, 6);
insert into ethnic_of_chef (chef_id, ethnic_id) values (93, 18);
insert into ethnic_of_chef (chef_id, ethnic_id) values (94, 1);
insert into ethnic_of_chef (chef_id, ethnic_id) values (96, 8);
insert into ethnic_of_chef (chef_id, ethnic_id) values (97, 12);
insert into ethnic_of_chef (chef_id, ethnic_id) values (98, 12);
insert into ethnic_of_chef (chef_id, ethnic_id) values (99, 8);
insert into ethnic_of_chef (chef_id, ethnic_id) values (100, 19);
insert into ethnic_of_chef (chef_id, ethnic_id) values (78, 16);
insert into ethnic_of_chef (chef_id, ethnic_id) values (63, 15);



insert into labels_of_recipe (labels_of_recipe_id, recipe_id, name_of_label) values (1, 70, 'snack');
insert into labels_of_recipe (labels_of_recipe_id, recipe_id, name_of_label) values (2, 73, 'hot-meal');
insert into labels_of_recipe (labels_of_recipe_id, recipe_id, name_of_label) values (3, 51, 'brunch');
insert into labels_of_recipe (labels_of_recipe_id, recipe_id, name_of_label) values (4, 48, 'cold-meal');
insert into labels_of_recipe (labels_of_recipe_id, recipe_id, name_of_label) values (5,100, 'quick-lunch');
insert into labels_of_recipe (labels_of_recipe_id, recipe_id, name_of_label) values (6, 39, 'cold-meal');
insert into labels_of_recipe (labels_of_recipe_id, recipe_id, name_of_label) values (7, 54, 'brunch');
insert into labels_of_recipe (labels_of_recipe_id, recipe_id, name_of_label) values (8, 74, 'quick-lunch');
insert into labels_of_recipe (labels_of_recipe_id, recipe_id, name_of_label) values (9, 22, 'quick-lunch');
insert into labels_of_recipe (labels_of_recipe_id, recipe_id, name_of_label) values (10, 95, 'cold-meal');
insert into labels_of_recipe (labels_of_recipe_id, recipe_id, name_of_label) values (11, 41, 'hot-meal');
insert into labels_of_recipe (labels_of_recipe_id, recipe_id, name_of_label) values (12, 17, 'hot-meal');
insert into labels_of_recipe (labels_of_recipe_id, recipe_id, name_of_label) values (13, 81, 'hot-meal');
insert into labels_of_recipe (labels_of_recipe_id, recipe_id, name_of_label) values (14, 25, 'quick-lunch');
insert into labels_of_recipe (labels_of_recipe_id, recipe_id, name_of_label) values (15, 20, 'brunch');
insert into labels_of_recipe (labels_of_recipe_id, recipe_id, name_of_label) values (16, 11, 'brunch');
insert into labels_of_recipe (labels_of_recipe_id, recipe_id, name_of_label) values (17, 50, 'quick-lunch');
insert into labels_of_recipe (labels_of_recipe_id, recipe_id, name_of_label) values (18, 31, 'hot-meal');
insert into labels_of_recipe (labels_of_recipe_id, recipe_id, name_of_label) values (19, 97, 'hot-meal');
insert into labels_of_recipe (labels_of_recipe_id, recipe_id, name_of_label) values (20, 35, 'brunch');
insert into labels_of_recipe (labels_of_recipe_id, recipe_id, name_of_label) values (21, 62, 'cold-meal');
insert into labels_of_recipe (labels_of_recipe_id, recipe_id, name_of_label) values (22, 32, 'snack');
insert into labels_of_recipe (labels_of_recipe_id, recipe_id, name_of_label) values (23, 31, 'brunch');
insert into labels_of_recipe (labels_of_recipe_id, recipe_id, name_of_label) values (24, 65, 'quick-lunch');
insert into labels_of_recipe (labels_of_recipe_id, recipe_id, name_of_label) values (25, 18, 'hot-meal');
insert into labels_of_recipe (labels_of_recipe_id, recipe_id, name_of_label) values (26, 79, 'cold-meal');
insert into labels_of_recipe (labels_of_recipe_id, recipe_id, name_of_label) values (27, 5, 'brunch');
insert into labels_of_recipe (labels_of_recipe_id, recipe_id, name_of_label) values (28, 83, 'hot-meal');
insert into labels_of_recipe (labels_of_recipe_id, recipe_id, name_of_label) values (29, 37, 'brunch');
insert into labels_of_recipe (labels_of_recipe_id, recipe_id, name_of_label) values (30, 87, 'brunch');
insert into labels_of_recipe (labels_of_recipe_id, recipe_id, name_of_label) values (31, 29, 'hot-meal');
insert into labels_of_recipe (labels_of_recipe_id, recipe_id, name_of_label) values (32, 88, 'cold-meal');
insert into labels_of_recipe (labels_of_recipe_id, recipe_id, name_of_label) values (33, 50, 'snack');
insert into labels_of_recipe (labels_of_recipe_id, recipe_id, name_of_label) values (34, 48, 'brunch');
insert into labels_of_recipe (labels_of_recipe_id, recipe_id, name_of_label) values (35, 74, 'hot-meal');
insert into labels_of_recipe (labels_of_recipe_id, recipe_id, name_of_label) values (36, 31, 'cold-meal');
insert into labels_of_recipe (labels_of_recipe_id, recipe_id, name_of_label) values (37, 23, 'snack');
insert into labels_of_recipe (labels_of_recipe_id, recipe_id, name_of_label) values (38, 40, 'brunch');
insert into labels_of_recipe (labels_of_recipe_id, recipe_id, name_of_label) values (39, 78, 'quick-lunch');
insert into labels_of_recipe (labels_of_recipe_id, recipe_id, name_of_label) values (40, 13, 'brunch');
insert into labels_of_recipe (labels_of_recipe_id, recipe_id, name_of_label) values (41, 89, 'hot-meal');
insert into labels_of_recipe (labels_of_recipe_id, recipe_id, name_of_label) values (42, 71, 'cold-meal');
insert into labels_of_recipe (labels_of_recipe_id, recipe_id, name_of_label) values (43, 48, 'quick-lunch');
insert into labels_of_recipe (labels_of_recipe_id, recipe_id, name_of_label) values (44, 62, 'brunch');
insert into labels_of_recipe (labels_of_recipe_id, recipe_id, name_of_label) values (45, 8, 'quick-lunch');
insert into labels_of_recipe (labels_of_recipe_id, recipe_id, name_of_label) values (46, 87, 'hot-meal');
insert into labels_of_recipe (labels_of_recipe_id, recipe_id, name_of_label) values (47, 44, 'snack');
insert into labels_of_recipe (labels_of_recipe_id, recipe_id, name_of_label) values (48, 36, 'cold-meal');
insert into labels_of_recipe (labels_of_recipe_id, recipe_id, name_of_label) values (49, 46, 'cold-meal');
insert into labels_of_recipe (labels_of_recipe_id, recipe_id, name_of_label) values (50, 80, 'snack');
insert into labels_of_recipe (labels_of_recipe_id, recipe_id, name_of_label) values (51, 42, 'brunch');
insert into labels_of_recipe (labels_of_recipe_id, recipe_id, name_of_label) values (52, 66, 'hot-meal');
insert into labels_of_recipe (labels_of_recipe_id, recipe_id, name_of_label) values (53, 91, 'snack');
insert into labels_of_recipe (labels_of_recipe_id, recipe_id, name_of_label) values (54, 14, 'hot-meal');
insert into labels_of_recipe (labels_of_recipe_id, recipe_id, name_of_label) values (55, 64, 'hot-meal');
insert into labels_of_recipe (labels_of_recipe_id, recipe_id, name_of_label) values (56, 51, 'snack');
insert into labels_of_recipe (labels_of_recipe_id, recipe_id, name_of_label) values (57, 11, 'quick-lunch');
insert into labels_of_recipe (labels_of_recipe_id, recipe_id, name_of_label) values (58, 38, 'hot-meal');
insert into labels_of_recipe (labels_of_recipe_id, recipe_id, name_of_label) values (59, 86, 'brunch');
insert into labels_of_recipe (labels_of_recipe_id, recipe_id, name_of_label) values (60, 13, 'quick-lunch');
insert into labels_of_recipe (labels_of_recipe_id, recipe_id, name_of_label) values (61, 25, 'cold-meal');
insert into labels_of_recipe (labels_of_recipe_id, recipe_id, name_of_label) values (62, 26, 'cold-meal');
insert into labels_of_recipe (labels_of_recipe_id, recipe_id, name_of_label) values (63, 45, 'snack');
insert into labels_of_recipe (labels_of_recipe_id, recipe_id, name_of_label) values (64, 50, 'brunch');
insert into labels_of_recipe (labels_of_recipe_id, recipe_id, name_of_label) values (65, 59, 'brunch');
insert into labels_of_recipe (labels_of_recipe_id, recipe_id, name_of_label) values (66, 29, 'quick-lunch');
insert into labels_of_recipe (labels_of_recipe_id, recipe_id, name_of_label) values (67, 51, 'quick-lunch');
insert into labels_of_recipe (labels_of_recipe_id, recipe_id, name_of_label) values (68, 27, 'hot-meal');
insert into labels_of_recipe (labels_of_recipe_id, recipe_id, name_of_label) values (69, 71, 'quick-lunch');
insert into labels_of_recipe (labels_of_recipe_id, recipe_id, name_of_label) values (70, 34, 'hot-meal');
insert into labels_of_recipe (labels_of_recipe_id, recipe_id, name_of_label) values (71, 54, 'quick-lunch');
insert into labels_of_recipe (labels_of_recipe_id, recipe_id, name_of_label) values (72, 98, 'snack');
insert into labels_of_recipe (labels_of_recipe_id, recipe_id, name_of_label) values (73, 19, 'snack');
insert into labels_of_recipe (labels_of_recipe_id, recipe_id, name_of_label) values (74, 84, 'cold-meal');
insert into labels_of_recipe (labels_of_recipe_id, recipe_id, name_of_label) values (75, 87, 'cold-meal');
insert into labels_of_recipe (labels_of_recipe_id, recipe_id, name_of_label) values (76, 44, 'hot-meal');
insert into labels_of_recipe (labels_of_recipe_id, recipe_id, name_of_label) values (77, 37, 'hot-meal');
insert into labels_of_recipe (labels_of_recipe_id, recipe_id, name_of_label) values (78, 84, 'snack');
insert into labels_of_recipe (labels_of_recipe_id, recipe_id, name_of_label) values (79, 16, 'hot-meal');
insert into labels_of_recipe (labels_of_recipe_id, recipe_id, name_of_label) values (80, 88, 'hot-meal');
insert into labels_of_recipe (labels_of_recipe_id, recipe_id, name_of_label) values (81, 94, 'hot-meal');
insert into labels_of_recipe (labels_of_recipe_id, recipe_id, name_of_label) values (82, 36, 'snack');
insert into labels_of_recipe (labels_of_recipe_id, recipe_id, name_of_label) values (83, 31, 'snack');
insert into labels_of_recipe (labels_of_recipe_id, recipe_id, name_of_label) values (84, 20, 'snack');
insert into labels_of_recipe (labels_of_recipe_id, recipe_id, name_of_label) values (85, 9, 'cold-meal');
insert into labels_of_recipe (labels_of_recipe_id, recipe_id, name_of_label) values (86, 14, 'cold-meal');
insert into labels_of_recipe (labels_of_recipe_id, recipe_id, name_of_label) values (87, 18, 'snack');
insert into labels_of_recipe (labels_of_recipe_id, recipe_id, name_of_label) values (88, 57, 'hot-meal');
insert into labels_of_recipe (labels_of_recipe_id, recipe_id, name_of_label) values (89, 43, 'brunch');
insert into labels_of_recipe (labels_of_recipe_id, recipe_id, name_of_label) values (90, 66, 'snack');
insert into labels_of_recipe (labels_of_recipe_id, recipe_id, name_of_label) values (91, 87, 'snack');
insert into labels_of_recipe (labels_of_recipe_id, recipe_id, name_of_label) values (92, 95, 'hot-meal');
insert into labels_of_recipe (labels_of_recipe_id, recipe_id, name_of_label) values (93, 8, 'snack');
insert into labels_of_recipe (labels_of_recipe_id, recipe_id, name_of_label) values (94, 35, 'cold-meal');
insert into labels_of_recipe (labels_of_recipe_id, recipe_id, name_of_label) values (95, 1, 'snack');
insert into labels_of_recipe (labels_of_recipe_id, recipe_id, name_of_label) values (96, 45, 'hot-meal');
insert into labels_of_recipe (labels_of_recipe_id, recipe_id, name_of_label) values (97, 94, 'quick-lunch');
insert into labels_of_recipe (labels_of_recipe_id, recipe_id, name_of_label) values (98, 75, 'quick-lunch');
insert into labels_of_recipe (labels_of_recipe_id, recipe_id, name_of_label) values (99, 88, 'quick-lunch');
insert into labels_of_recipe (labels_of_recipe_id, recipe_id, name_of_label) values (100, 49, 'hot-meal');
insert into labels_of_recipe (labels_of_recipe_id, recipe_id, name_of_label) values (101, 56, 'brunch');
insert into labels_of_recipe (labels_of_recipe_id, recipe_id, name_of_label) values (102, 38, 'brunch');
insert into labels_of_recipe (labels_of_recipe_id, recipe_id, name_of_label) values (103, 28, 'cold-meal');
insert into labels_of_recipe (labels_of_recipe_id, recipe_id, name_of_label) values (104, 53, 'cold-meal');
insert into labels_of_recipe (labels_of_recipe_id, recipe_id, name_of_label) values (105, 10, 'quick-lunch');
insert into labels_of_recipe (labels_of_recipe_id, recipe_id, name_of_label) values (106, 3, 'hot-meal');
insert into labels_of_recipe (labels_of_recipe_id, recipe_id, name_of_label) values (107, 90, 'snack');
insert into labels_of_recipe (labels_of_recipe_id, recipe_id, name_of_label) values (108, 39, 'quick-lunch');
insert into labels_of_recipe (labels_of_recipe_id, recipe_id, name_of_label) values (109, 62, 'snack');
insert into labels_of_recipe (labels_of_recipe_id, recipe_id, name_of_label) values (110, 94, 'brunch');
insert into labels_of_recipe (labels_of_recipe_id, recipe_id, name_of_label) values (111, 21, 'brunch');
insert into labels_of_recipe (labels_of_recipe_id, recipe_id, name_of_label) values (112, 38, 'snack');
insert into labels_of_recipe (labels_of_recipe_id, recipe_id, name_of_label) values (113, 7, 'hot-meal');
insert into labels_of_recipe (labels_of_recipe_id, recipe_id, name_of_label) values (114, 92, 'brunch');
insert into labels_of_recipe (labels_of_recipe_id, recipe_id, name_of_label) values (115, 33, 'snack');
insert into labels_of_recipe (labels_of_recipe_id, recipe_id, name_of_label) values (116, 8, 'brunch');
insert into labels_of_recipe (labels_of_recipe_id, recipe_id, name_of_label) values (117, 45, 'quick-lunch');
insert into labels_of_recipe (labels_of_recipe_id, recipe_id, name_of_label) values (118, 8, 'hot-meal');
insert into labels_of_recipe (labels_of_recipe_id, recipe_id, name_of_label) values (119, 57, 'snack');
insert into labels_of_recipe (labels_of_recipe_id, recipe_id, name_of_label) values (120, 85, 'snack');
insert into labels_of_recipe (labels_of_recipe_id, recipe_id, name_of_label) values (121, 32, 'hot-meal');
insert into labels_of_recipe (labels_of_recipe_id, recipe_id, name_of_label) values (122, 58, 'hot-meal');
insert into labels_of_recipe (labels_of_recipe_id, recipe_id, name_of_label) values (123, 76, 'brunch');
insert into labels_of_recipe (labels_of_recipe_id, recipe_id, name_of_label) values (124, 25, 'brunch');
insert into labels_of_recipe (labels_of_recipe_id, recipe_id, name_of_label) values (125, 29, 'brunch');
insert into labels_of_recipe (labels_of_recipe_id, recipe_id, name_of_label) values (126, 14, 'snack');
insert into labels_of_recipe (labels_of_recipe_id, recipe_id, name_of_label) values (127, 30, 'snack');
insert into labels_of_recipe (labels_of_recipe_id, recipe_id, name_of_label) values (128, 83, 'snack');
insert into labels_of_recipe (labels_of_recipe_id, recipe_id, name_of_label) values (129, 74, 'snack');
insert into labels_of_recipe (labels_of_recipe_id, recipe_id, name_of_label) values (130, 63, 'hot-meal');
insert into labels_of_recipe (labels_of_recipe_id, recipe_id, name_of_label) values (131, 41, 'brunch');
insert into labels_of_recipe (labels_of_recipe_id, recipe_id, name_of_label) values (132, 14, 'quick-lunch');
insert into labels_of_recipe (labels_of_recipe_id, recipe_id, name_of_label) values (133, 46, 'snack');
insert into labels_of_recipe (labels_of_recipe_id, recipe_id, name_of_label) values (134, 2, 'quick-lunch');
insert into labels_of_recipe (labels_of_recipe_id, recipe_id, name_of_label) values (135, 54, 'hot-meal');
insert into labels_of_recipe (labels_of_recipe_id, recipe_id, name_of_label) values (136, 17, 'quick-lunch');
insert into labels_of_recipe (labels_of_recipe_id, recipe_id, name_of_label) values (137, 27, 'snack');
insert into labels_of_recipe (labels_of_recipe_id, recipe_id, name_of_label) values (138, 64, 'cold-meal');
insert into labels_of_recipe (labels_of_recipe_id, recipe_id, name_of_label) values (139, 60, 'cold-meal');
insert into labels_of_recipe (labels_of_recipe_id, recipe_id, name_of_label) values (140, 3, 'quick-lunch');
insert into labels_of_recipe (labels_of_recipe_id, recipe_id, name_of_label) values (141, 81, 'brunch');
insert into labels_of_recipe (labels_of_recipe_id, recipe_id, name_of_label) values (142, 12, 'snack');
insert into labels_of_recipe (labels_of_recipe_id, recipe_id, name_of_label) values (143, 90, 'quick-lunch');
insert into labels_of_recipe (labels_of_recipe_id, recipe_id, name_of_label) values (144, 60, 'brunch');
insert into labels_of_recipe (labels_of_recipe_id, recipe_id, name_of_label) values (145, 50, 'cold-meal');
insert into labels_of_recipe (labels_of_recipe_id, recipe_id, name_of_label) values (146, 18, 'quick-lunch');
insert into labels_of_recipe (labels_of_recipe_id, recipe_id, name_of_label) values (147, 78, 'cold-meal');
insert into labels_of_recipe (labels_of_recipe_id, recipe_id, name_of_label) values (148, 68, 'quick-lunch');
insert into labels_of_recipe (labels_of_recipe_id, recipe_id, name_of_label) values (149, 77, 'quick-lunch');
insert into labels_of_recipe (labels_of_recipe_id, recipe_id, name_of_label) values (150, 24, 'brunch');
insert into labels_of_recipe (labels_of_recipe_id, recipe_id, name_of_label) values (151, 32, 'quick-lunch');
insert into labels_of_recipe (labels_of_recipe_id, recipe_id, name_of_label) values (152, 91, 'hot-meal');
insert into labels_of_recipe (labels_of_recipe_id, recipe_id, name_of_label) values (153, 6, 'hot-meal');
insert into labels_of_recipe (labels_of_recipe_id, recipe_id, name_of_label) values (154, 93, 'quick-lunch');
insert into labels_of_recipe (labels_of_recipe_id, recipe_id, name_of_label) values (155, 12, 'brunch');
insert into labels_of_recipe (labels_of_recipe_id, recipe_id, name_of_label) values (156, 98, 'brunch');
insert into labels_of_recipe (labels_of_recipe_id, recipe_id, name_of_label) values (157, 4, 'hot-meal');
insert into labels_of_recipe (labels_of_recipe_id, recipe_id, name_of_label) values (158, 9, 'snack');
insert into labels_of_recipe (labels_of_recipe_id, recipe_id, name_of_label) values (159, 65, 'cold-meal');
insert into labels_of_recipe (labels_of_recipe_id, recipe_id, name_of_label) values (160, 99, 'quick-lunch');
insert into labels_of_recipe (labels_of_recipe_id, recipe_id, name_of_label) values (161, 44, 'quick-lunch');
insert into labels_of_recipe (labels_of_recipe_id, recipe_id, name_of_label) values (162, 55, 'cold-meal');
insert into labels_of_recipe (labels_of_recipe_id, recipe_id, name_of_label) values (163, 29, 'snack');
insert into labels_of_recipe (labels_of_recipe_id, recipe_id, name_of_label) values (164, 35, 'snack');
insert into labels_of_recipe (labels_of_recipe_id, recipe_id, name_of_label) values (165, 86, 'quick-lunch');
insert into labels_of_recipe (labels_of_recipe_id, recipe_id, name_of_label) values (166, 67, 'hot-meal');
insert into labels_of_recipe (labels_of_recipe_id, recipe_id, name_of_label) values (167, 39, 'hot-meal');
insert into labels_of_recipe (labels_of_recipe_id, recipe_id, name_of_label) values (168, 86, 'snack');
insert into labels_of_recipe (labels_of_recipe_id, recipe_id, name_of_label) values (169, 56, 'cold-meal');
insert into labels_of_recipe (labels_of_recipe_id, recipe_id, name_of_label) values (170, 5, 'quick-lunch');
insert into labels_of_recipe (labels_of_recipe_id, recipe_id, name_of_label) values (171, 46, 'brunch');
insert into labels_of_recipe (labels_of_recipe_id, recipe_id, name_of_label) values (172, 22, 'hot-meal');
insert into labels_of_recipe (labels_of_recipe_id, recipe_id, name_of_label) values (173, 89, 'snack');
insert into labels_of_recipe (labels_of_recipe_id, recipe_id, name_of_label) values (174, 1, 'hot-meal');
insert into labels_of_recipe (labels_of_recipe_id, recipe_id, name_of_label) values (175, 6, 'cold-meal');
insert into labels_of_recipe (labels_of_recipe_id, recipe_id, name_of_label) values (176, 53, 'snack');
insert into labels_of_recipe (labels_of_recipe_id, recipe_id, name_of_label) values (177, 73, 'quick-lunch');
insert into labels_of_recipe (labels_of_recipe_id, recipe_id, name_of_label) values (178, 2, 'hot-meal');
insert into labels_of_recipe (labels_of_recipe_id, recipe_id, name_of_label) values (179, 69, 'brunch');
insert into labels_of_recipe (labels_of_recipe_id, recipe_id, name_of_label) values (180, 92, 'hot-meal');
insert into labels_of_recipe (labels_of_recipe_id, recipe_id, name_of_label) values (181, 22, 'snack');
insert into labels_of_recipe (labels_of_recipe_id, recipe_id, name_of_label) values (182, 65, 'hot-meal');
insert into labels_of_recipe (labels_of_recipe_id, recipe_id, name_of_label) values (183, 30, 'hot-meal');
insert into labels_of_recipe (labels_of_recipe_id, recipe_id, name_of_label) values (184, 66, 'quick-lunch');
insert into labels_of_recipe (labels_of_recipe_id, recipe_id, name_of_label) values (185, 20, 'hot-meal');
insert into labels_of_recipe (labels_of_recipe_id, recipe_id, name_of_label) values (186, 13, 'hot-meal');
insert into labels_of_recipe (labels_of_recipe_id, recipe_id, name_of_label) values (187, 91, 'cold-meal');
insert into labels_of_recipe (labels_of_recipe_id, recipe_id, name_of_label) values (188, 98, 'quick-lunch');
insert into labels_of_recipe (labels_of_recipe_id, recipe_id, name_of_label) values (189, 19, 'hot-meal');
insert into labels_of_recipe (labels_of_recipe_id, recipe_id, name_of_label) values (190, 90, 'cold-meal');
insert into labels_of_recipe (labels_of_recipe_id, recipe_id, name_of_label) values (191, 26, 'quick-lunch');
insert into labels_of_recipe (labels_of_recipe_id, recipe_id, name_of_label) values (192, 28, 'brunch');
insert into labels_of_recipe (labels_of_recipe_id, recipe_id, name_of_label) values (193, 74, 'brunch');
insert into labels_of_recipe (labels_of_recipe_id, recipe_id, name_of_label) values (194, 32, 'brunch');
insert into labels_of_recipe (labels_of_recipe_id, recipe_id, name_of_label) values (195, 57, 'quick-lunch');
insert into labels_of_recipe (labels_of_recipe_id, recipe_id, name_of_label) values (196, 42, 'quick-lunch');
insert into labels_of_recipe (labels_of_recipe_id, recipe_id, name_of_label) values (197, 56, 'hot-meal');
insert into labels_of_recipe (labels_of_recipe_id, recipe_id, name_of_label) values (198, 95, 'brunch');
insert into labels_of_recipe (labels_of_recipe_id, recipe_id, name_of_label) values (199, 84, 'hot-meal');
insert into labels_of_recipe (labels_of_recipe_id, recipe_id, name_of_label) values (200, 82, 'brunch');







insert into episodes (episodes_id, season) values (1, 1);
insert into episodes (episodes_id, season) values (2, 1);
insert into episodes (episodes_id, season) values (3, 1);
insert into episodes (episodes_id, season) values (4, 1);
insert into episodes (episodes_id, season) values (5, 1);
insert into episodes (episodes_id, season) values (6, 1);
insert into episodes (episodes_id, season) values (7, 1);
insert into episodes (episodes_id, season) values (8, 1);
insert into episodes (episodes_id, season) values (9, 1);
insert into episodes (episodes_id, season) values (10, 1);
insert into episodes (episodes_id, season) values (1, 2);
insert into episodes (episodes_id, season) values (2, 2);
insert into episodes (episodes_id, season) values (3, 2);
insert into episodes (episodes_id, season) values (4, 2);
insert into episodes (episodes_id, season) values (5, 2);
insert into episodes (episodes_id, season) values (6, 2);
insert into episodes (episodes_id, season) values (7, 2);
insert into episodes (episodes_id, season) values (8, 2);
insert into episodes (episodes_id, season) values (9, 2);
insert into episodes (episodes_id, season) values (10, 2);
insert into episodes (episodes_id, season) values (1, 3);
insert into episodes (episodes_id, season) values (2, 3);
insert into episodes (episodes_id, season) values (3, 3);
insert into episodes (episodes_id, season) values (4, 3);
insert into episodes (episodes_id, season) values (5, 3);
insert into episodes (episodes_id, season) values (6, 3);
insert into episodes (episodes_id, season) values (7, 3);
insert into episodes (episodes_id, season) values (8, 3);
insert into episodes (episodes_id, season) values (9, 3);
insert into episodes (episodes_id, season) values (10, 3);
insert into episodes (episodes_id, season) values (1, 4);
insert into episodes (episodes_id, season) values (2, 4);
insert into episodes (episodes_id, season) values (3, 4);
insert into episodes (episodes_id, season) values (4, 4);
insert into episodes (episodes_id, season) values (5, 4);
insert into episodes (episodes_id, season) values (6, 4);
insert into episodes (episodes_id, season) values (7, 4);
insert into episodes (episodes_id, season) values (8, 4);
insert into episodes (episodes_id, season) values (9, 4);
insert into episodes (episodes_id, season) values (10, 4);
insert into episodes (episodes_id, season) values (1, 5);
insert into episodes (episodes_id, season) values (2, 5);
insert into episodes (episodes_id, season) values (3, 5);
insert into episodes (episodes_id, season) values (4, 5);
insert into episodes (episodes_id, season) values (5, 5);
insert into episodes (episodes_id, season) values (6, 5);
insert into episodes (episodes_id, season) values (7, 5);
insert into episodes (episodes_id, season) values (8, 5);
insert into episodes (episodes_id, season) values (9, 5);
insert into episodes (episodes_id, season) values (10, 5);



insert into steps (steps_id, step_description) values (1, 'Cum sociis natoque penatibus et magnis dis parturient montes, nascetur ridiculus mus. Vivamus vestibulum sagittis sapien. Cum sociis natoque penatibus et magnis dis parturient montes, nascetur ridiculus mus.');
insert into steps (steps_id, step_description) values (2, 'In congue. Etiam justo. Etiam pretium iaculis justo.');
insert into steps (steps_id, step_description) values (3, 'In hac habitasse platea dictumst. Morbi vestibulum, velit id pretium iaculis, diam erat fermentum justo, nec condimentum neque sapien placerat ante. Nulla justo.');
insert into steps (steps_id, step_description) values (4, 'In hac habitasse platea dictumst. Morbi vestibulum, velit id pretium iaculis, diam erat fermentum justo, nec condimentum neque sapien placerat ante. Nulla justo.');
insert into steps (steps_id, step_description) values (5, 'In sagittis dui vel nisl. Duis ac nibh. Fusce lacus purus, aliquet at, feugiat non, pretium quis, lectus.');
insert into steps (steps_id, step_description) values (6, 'Aenean lectus. Pellentesque eget nunc. Donec quis orci eget orci vehicula condimentum.');
insert into steps (steps_id, step_description) values (7, 'In hac habitasse platea dictumst. Etiam faucibus cursus urna. Ut tellus.');
insert into steps (steps_id, step_description) values (8, 'In sagittis dui vel nisl. Duis ac nibh. Fusce lacus purus, aliquet at, feugiat non, pretium quis, lectus.');
insert into steps (steps_id, step_description) values (9, 'Morbi porttitor lorem id ligula. Suspendisse ornare consequat lectus. In est risus, auctor sed, tristique in, tempus sit amet, sem.');
insert into steps (steps_id, step_description) values (10, 'Proin interdum mauris non ligula pellentesque ultrices. Phasellus id sapien in sapien iaculis congue. Vivamus metus arcu, adipiscing molestie, hendrerit at, vulputate vitae, nisl.');
insert into steps (steps_id, step_description) values (11, 'Nulla ut erat id mauris vulputate elementum. Nullam varius. Nulla facilisi.');
insert into steps (steps_id, step_description) values (12, 'Donec diam neque, vestibulum eget, vulputate ut, ultrices vel, augue. Vestibulum ante ipsum primis in faucibus orci luctus et ultrices posuere cubilia Curae; Donec pharetra, magna vestibulum aliquet ultrices, erat tortor sollicitudin mi, sit amet lobortis sapien sapien non mi. Integer ac neque.');
insert into steps (steps_id, step_description) values (13, 'Duis aliquam convallis nunc. Proin at turpis a pede posuere nonummy. Integer non velit.');
insert into steps (steps_id, step_description) values (14, 'Proin eu mi. Nulla ac enim. In tempor, turpis nec euismod scelerisque, quam turpis adipiscing lorem, vitae mattis nibh ligula nec sem.');
insert into steps (steps_id, step_description) values (15, 'In hac habitasse platea dictumst. Etiam faucibus cursus urna. Ut tellus.');
insert into steps (steps_id, step_description) values (16, 'Aenean lectus. Pellentesque eget nunc. Donec quis orci eget orci vehicula condimentum.');
insert into steps (steps_id, step_description) values (17, 'Duis consequat dui nec nisi volutpat eleifend. Donec ut dolor. Morbi vel lectus in quam fringilla rhoncus.');
insert into steps (steps_id, step_description) values (18, 'In hac habitasse platea dictumst. Morbi vestibulum, velit id pretium iaculis, diam erat fermentum justo, nec condimentum neque sapien placerat ante. Nulla justo.');
insert into steps (steps_id, step_description) values (19, 'Morbi porttitor lorem id ligula. Suspendisse ornare consequat lectus. In est risus, auctor sed, tristique in, tempus sit amet, sem.');
insert into steps (steps_id, step_description) values (20, 'Nulla ut erat id mauris vulputate elementum. Nullam varius. Nulla facilisi.');
insert into steps (steps_id, step_description) values (21, 'Maecenas ut massa quis augue luctus tincidunt. Nulla mollis molestie lorem. Quisque ut erat.');
insert into steps (steps_id, step_description) values (22, 'Suspendisse potenti. In eleifend quam a odio. In hac habitasse platea dictumst.');
insert into steps (steps_id, step_description) values (23, 'Phasellus sit amet erat. Nulla tempus. Vivamus in felis eu sapien cursus vestibulum.');
insert into steps (steps_id, step_description) values (24, 'Donec diam neque, vestibulum eget, vulputate ut, ultrices vel, augue. Vestibulum ante ipsum primis in faucibus orci luctus et ultrices posuere cubilia Curae; Donec pharetra, magna vestibulum aliquet ultrices, erat tortor sollicitudin mi, sit amet lobortis sapien sapien non mi. Integer ac neque.');
insert into steps (steps_id, step_description) values (25, 'Suspendisse potenti. In eleifend quam a odio. In hac habitasse platea dictumst.');
insert into steps (steps_id, step_description) values (26, 'Duis bibendum, felis sed interdum venenatis, turpis enim blandit mi, in porttitor pede justo eu massa. Donec dapibus. Duis at velit eu est congue elementum.');
insert into steps (steps_id, step_description) values (27, 'Vestibulum ac est lacinia nisi venenatis tristique. Fusce congue, diam id ornare imperdiet, sapien urna pretium nisl, ut volutpat sapien arcu sed augue. Aliquam erat volutpat.');
insert into steps (steps_id, step_description) values (28, 'Quisque id justo sit amet sapien dignissim vestibulum. Vestibulum ante ipsum primis in faucibus orci luctus et ultrices posuere cubilia Curae; Nulla dapibus dolor vel est. Donec odio justo, sollicitudin ut, suscipit a, feugiat et, eros.');
insert into steps (steps_id, step_description) values (29, 'Quisque id justo sit amet sapien dignissim vestibulum. Vestibulum ante ipsum primis in faucibus orci luctus et ultrices posuere cubilia Curae; Nulla dapibus dolor vel est. Donec odio justo, sollicitudin ut, suscipit a, feugiat et, eros.');
insert into steps (steps_id, step_description) values (30, 'Duis bibendum. Morbi non quam nec dui luctus rutrum. Nulla tellus.');
insert into steps (steps_id, step_description) values (31, 'In congue. Etiam justo. Etiam pretium iaculis justo.');
insert into steps (steps_id, step_description) values (32, 'Curabitur gravida nisi at nibh. In hac habitasse platea dictumst. Aliquam augue quam, sollicitudin vitae, consectetuer eget, rutrum at, lorem.');
insert into steps (steps_id, step_description) values (33, 'Nulla ut erat id mauris vulputate elementum. Nullam varius. Nulla facilisi.');
insert into steps (steps_id, step_description) values (34, 'Curabitur in libero ut massa volutpat convallis. Morbi odio odio, elementum eu, interdum eu, tincidunt in, leo. Maecenas pulvinar lobortis est.');
insert into steps (steps_id, step_description) values (35, 'Etiam vel augue. Vestibulum rutrum rutrum neque. Aenean auctor gravida sem.');
insert into steps (steps_id, step_description) values (36, 'In sagittis dui vel nisl. Duis ac nibh. Fusce lacus purus, aliquet at, feugiat non, pretium quis, lectus.');
insert into steps (steps_id, step_description) values (37, 'Fusce consequat. Nulla nisl. Nunc nisl.');
insert into steps (steps_id, step_description) values (38, 'Phasellus in felis. Donec semper sapien a libero. Nam dui.');
insert into steps (steps_id, step_description) values (39, 'Fusce posuere felis sed lacus. Morbi sem mauris, laoreet ut, rhoncus aliquet, pulvinar sed, nisl. Nunc rhoncus dui vel sem.');
insert into steps (steps_id, step_description) values (40, 'Curabitur gravida nisi at nibh. In hac habitasse platea dictumst. Aliquam augue quam, sollicitudin vitae, consectetuer eget, rutrum at, lorem.');
insert into steps (steps_id, step_description) values (41, 'Duis aliquam convallis nunc. Proin at turpis a pede posuere nonummy. Integer non velit.');
insert into steps (steps_id, step_description) values (42, 'Cras non velit nec nisi vulputate nonummy. Maecenas tincidunt lacus at velit. Vivamus vel nulla eget eros elementum pellentesque.');
insert into steps (steps_id, step_description) values (43, 'Suspendisse potenti. In eleifend quam a odio. In hac habitasse platea dictumst.');
insert into steps (steps_id, step_description) values (44, 'Curabitur at ipsum ac tellus semper interdum. Mauris ullamcorper purus sit amet nulla. Quisque arcu libero, rutrum ac, lobortis vel, dapibus at, diam.');
insert into steps (steps_id, step_description) values (45, 'Maecenas ut massa quis augue luctus tincidunt. Nulla mollis molestie lorem. Quisque ut erat.');
insert into steps (steps_id, step_description) values (46, 'Proin interdum mauris non ligula pellentesque ultrices. Phasellus id sapien in sapien iaculis congue. Vivamus metus arcu, adipiscing molestie, hendrerit at, vulputate vitae, nisl.');
insert into steps (steps_id, step_description) values (47, 'Sed sagittis. Nam congue, risus semper porta volutpat, quam pede lobortis ligula, sit amet eleifend pede libero quis orci. Nullam molestie nibh in lectus.');
insert into steps (steps_id, step_description) values (48, 'Lorem ipsum dolor sit amet, consectetuer adipiscing elit. Proin risus. Praesent lectus.');
insert into steps (steps_id, step_description) values (49, 'Suspendisse potenti. In eleifend quam a odio. In hac habitasse platea dictumst.');
insert into steps (steps_id, step_description) values (50, 'Maecenas ut massa quis augue luctus tincidunt. Nulla mollis molestie lorem. Quisque ut erat.');
insert into steps (steps_id, step_description) values (51, 'Nullam sit amet turpis elementum ligula vehicula consequat. Morbi a ipsum. Integer a nibh.');
insert into steps (steps_id, step_description) values (52, 'In hac habitasse platea dictumst. Morbi vestibulum, velit id pretium iaculis, diam erat fermentum justo, nec condimentum neque sapien placerat ante. Nulla justo.');
insert into steps (steps_id, step_description) values (53, 'Vestibulum quam sapien, varius ut, blandit non, interdum in, ante. Vestibulum ante ipsum primis in faucibus orci luctus et ultrices posuere cubilia Curae; Duis faucibus accumsan odio. Curabitur convallis.');
insert into steps (steps_id, step_description) values (54, 'Nullam sit amet turpis elementum ligula vehicula consequat. Morbi a ipsum. Integer a nibh.');
insert into steps (steps_id, step_description) values (55, 'Cras mi pede, malesuada in, imperdiet et, commodo vulputate, justo. In blandit ultrices enim. Lorem ipsum dolor sit amet, consectetuer adipiscing elit.');
insert into steps (steps_id, step_description) values (56, 'Quisque porta volutpat erat. Quisque erat eros, viverra eget, congue eget, semper rutrum, nulla. Nunc purus.');
insert into steps (steps_id, step_description) values (57, 'Curabitur gravida nisi at nibh. In hac habitasse platea dictumst. Aliquam augue quam, sollicitudin vitae, consectetuer eget, rutrum at, lorem.');
insert into steps (steps_id, step_description) values (58, 'Nulla ut erat id mauris vulputate elementum. Nullam varius. Nulla facilisi.');
insert into steps (steps_id, step_description) values (59, 'Cras mi pede, malesuada in, imperdiet et, commodo vulputate, justo. In blandit ultrices enim. Lorem ipsum dolor sit amet, consectetuer adipiscing elit.');
insert into steps (steps_id, step_description) values (60, 'Morbi porttitor lorem id ligula. Suspendisse ornare consequat lectus. In est risus, auctor sed, tristique in, tempus sit amet, sem.');
insert into steps (steps_id, step_description) values (61, 'Nulla ut erat id mauris vulputate elementum. Nullam varius. Nulla facilisi.');
insert into steps (steps_id, step_description) values (62, 'Etiam vel augue. Vestibulum rutrum rutrum neque. Aenean auctor gravida sem.');
insert into steps (steps_id, step_description) values (63, 'Morbi porttitor lorem id ligula. Suspendisse ornare consequat lectus. In est risus, auctor sed, tristique in, tempus sit amet, sem.');
insert into steps (steps_id, step_description) values (64, 'Proin interdum mauris non ligula pellentesque ultrices. Phasellus id sapien in sapien iaculis congue. Vivamus metus arcu, adipiscing molestie, hendrerit at, vulputate vitae, nisl.');
insert into steps (steps_id, step_description) values (65, 'Praesent blandit. Nam nulla. Integer pede justo, lacinia eget, tincidunt eget, tempus vel, pede.');
insert into steps (steps_id, step_description) values (66, 'Sed sagittis. Nam congue, risus semper porta volutpat, quam pede lobortis ligula, sit amet eleifend pede libero quis orci. Nullam molestie nibh in lectus.');
insert into steps (steps_id, step_description) values (67, 'Praesent id massa id nisl venenatis lacinia. Aenean sit amet justo. Morbi ut odio.');
insert into steps (steps_id, step_description) values (68, 'Proin interdum mauris non ligula pellentesque ultrices. Phasellus id sapien in sapien iaculis congue. Vivamus metus arcu, adipiscing molestie, hendrerit at, vulputate vitae, nisl.');
insert into steps (steps_id, step_description) values (69, 'Mauris enim leo, rhoncus sed, vestibulum sit amet, cursus id, turpis. Integer aliquet, massa id lobortis convallis, tortor risus dapibus augue, vel accumsan tellus nisi eu orci. Mauris lacinia sapien quis libero.');
insert into steps (steps_id, step_description) values (70, 'Vestibulum quam sapien, varius ut, blandit non, interdum in, ante. Vestibulum ante ipsum primis in faucibus orci luctus et ultrices posuere cubilia Curae; Duis faucibus accumsan odio. Curabitur convallis.');
insert into steps (steps_id, step_description) values (71, 'Mauris enim leo, rhoncus sed, vestibulum sit amet, cursus id, turpis. Integer aliquet, massa id lobortis convallis, tortor risus dapibus augue, vel accumsan tellus nisi eu orci. Mauris lacinia sapien quis libero.');
insert into steps (steps_id, step_description) values (72, 'In hac habitasse platea dictumst. Morbi vestibulum, velit id pretium iaculis, diam erat fermentum justo, nec condimentum neque sapien placerat ante. Nulla justo.');
insert into steps (steps_id, step_description) values (73, 'Aliquam quis turpis eget elit sodales scelerisque. Mauris sit amet eros. Suspendisse accumsan tortor quis turpis.');
insert into steps (steps_id, step_description) values (74, 'Mauris enim leo, rhoncus sed, vestibulum sit amet, cursus id, turpis. Integer aliquet, massa id lobortis convallis, tortor risus dapibus augue, vel accumsan tellus nisi eu orci. Mauris lacinia sapien quis libero.');
insert into steps (steps_id, step_description) values (75, 'In quis justo. Maecenas rhoncus aliquam lacus. Morbi quis tortor id nulla ultrices aliquet.');
insert into steps (steps_id, step_description) values (76, 'Duis bibendum, felis sed interdum venenatis, turpis enim blandit mi, in porttitor pede justo eu massa. Donec dapibus. Duis at velit eu est congue elementum.');
insert into steps (steps_id, step_description) values (77, 'Curabitur in libero ut massa volutpat convallis. Morbi odio odio, elementum eu, interdum eu, tincidunt in, leo. Maecenas pulvinar lobortis est.');
insert into steps (steps_id, step_description) values (78, 'Aenean lectus. Pellentesque eget nunc. Donec quis orci eget orci vehicula condimentum.');
insert into steps (steps_id, step_description) values (79, 'Nulla ut erat id mauris vulputate elementum. Nullam varius. Nulla facilisi.');
insert into steps (steps_id, step_description) values (80, 'Nam ultrices, libero non mattis pulvinar, nulla pede ullamcorper augue, a suscipit nulla elit ac nulla. Sed vel enim sit amet nunc viverra dapibus. Nulla suscipit ligula in lacus.');
insert into steps (steps_id, step_description) values (81, 'Morbi porttitor lorem id ligula. Suspendisse ornare consequat lectus. In est risus, auctor sed, tristique in, tempus sit amet, sem.');
insert into steps (steps_id, step_description) values (82, 'Maecenas leo odio, condimentum id, luctus nec, molestie sed, justo. Pellentesque viverra pede ac diam. Cras pellentesque volutpat dui.');
insert into steps (steps_id, step_description) values (83, 'Phasellus sit amet erat. Nulla tempus. Vivamus in felis eu sapien cursus vestibulum.');
insert into steps (steps_id, step_description) values (84, 'Duis bibendum, felis sed interdum venenatis, turpis enim blandit mi, in porttitor pede justo eu massa. Donec dapibus. Duis at velit eu est congue elementum.');
insert into steps (steps_id, step_description) values (85, 'Quisque id justo sit amet sapien dignissim vestibulum. Vestibulum ante ipsum primis in faucibus orci luctus et ultrices posuere cubilia Curae; Nulla dapibus dolor vel est. Donec odio justo, sollicitudin ut, suscipit a, feugiat et, eros.');
insert into steps (steps_id, step_description) values (86, 'Donec diam neque, vestibulum eget, vulputate ut, ultrices vel, augue. Vestibulum ante ipsum primis in faucibus orci luctus et ultrices posuere cubilia Curae; Donec pharetra, magna vestibulum aliquet ultrices, erat tortor sollicitudin mi, sit amet lobortis sapien sapien non mi. Integer ac neque.');
insert into steps (steps_id, step_description) values (87, 'Nullam sit amet turpis elementum ligula vehicula consequat. Morbi a ipsum. Integer a nibh.');
insert into steps (steps_id, step_description) values (88, 'Aenean lectus. Pellentesque eget nunc. Donec quis orci eget orci vehicula condimentum.');
insert into steps (steps_id, step_description) values (89, 'Curabitur at ipsum ac tellus semper interdum. Mauris ullamcorper purus sit amet nulla. Quisque arcu libero, rutrum ac, lobortis vel, dapibus at, diam.');
insert into steps (steps_id, step_description) values (90, 'Proin eu mi. Nulla ac enim. In tempor, turpis nec euismod scelerisque, quam turpis adipiscing lorem, vitae mattis nibh ligula nec sem.');
insert into steps (steps_id, step_description) values (91, 'Sed sagittis. Nam congue, risus semper porta volutpat, quam pede lobortis ligula, sit amet eleifend pede libero quis orci. Nullam molestie nibh in lectus.');
insert into steps (steps_id, step_description) values (92, 'In sagittis dui vel nisl. Duis ac nibh. Fusce lacus purus, aliquet at, feugiat non, pretium quis, lectus.');
insert into steps (steps_id, step_description) values (93, 'Duis bibendum, felis sed interdum venenatis, turpis enim blandit mi, in porttitor pede justo eu massa. Donec dapibus. Duis at velit eu est congue elementum.');
insert into steps (steps_id, step_description) values (94, 'Proin interdum mauris non ligula pellentesque ultrices. Phasellus id sapien in sapien iaculis congue. Vivamus metus arcu, adipiscing molestie, hendrerit at, vulputate vitae, nisl.');
insert into steps (steps_id, step_description) values (95, 'In quis justo. Maecenas rhoncus aliquam lacus. Morbi quis tortor id nulla ultrices aliquet.');
insert into steps (steps_id, step_description) values (96, 'Pellentesque at nulla. Suspendisse potenti. Cras in purus eu magna vulputate luctus.');
insert into steps (steps_id, step_description) values (97, 'Maecenas ut massa quis augue luctus tincidunt. Nulla mollis molestie lorem. Quisque ut erat.');
insert into steps (steps_id, step_description) values (98, 'Quisque id justo sit amet sapien dignissim vestibulum. Vestibulum ante ipsum primis in faucibus orci luctus et ultrices posuere cubilia Curae; Nulla dapibus dolor vel est. Donec odio justo, sollicitudin ut, suscipit a, feugiat et, eros.');
insert into steps (steps_id, step_description) values (99, 'Nulla ut erat id mauris vulputate elementum. Nullam varius. Nulla facilisi.');
insert into steps (steps_id, step_description) values (100, 'Praesent blandit. Nam nulla. Integer pede justo, lacinia eget, tincidunt eget, tempus vel, pede.');
insert into steps (steps_id, step_description) values (101, 'In quis justo. Maecenas rhoncus aliquam lacus. Morbi quis tortor id nulla ultrices aliquet.');
insert into steps (steps_id, step_description) values (102, 'Nulla ut erat id mauris vulputate elementum. Nullam varius. Nulla facilisi.');
insert into steps (steps_id, step_description) values (103, 'Vestibulum ac est lacinia nisi venenatis tristique. Fusce congue, diam id ornare imperdiet, sapien urna pretium nisl, ut volutpat sapien arcu sed augue. Aliquam erat volutpat.');
insert into steps (steps_id, step_description) values (104, 'In sagittis dui vel nisl. Duis ac nibh. Fusce lacus purus, aliquet at, feugiat non, pretium quis, lectus.');
insert into steps (steps_id, step_description) values (105, 'Curabitur at ipsum ac tellus semper interdum. Mauris ullamcorper purus sit amet nulla. Quisque arcu libero, rutrum ac, lobortis vel, dapibus at, diam.');
insert into steps (steps_id, step_description) values (106, 'Cum sociis natoque penatibus et magnis dis parturient montes, nascetur ridiculus mus. Vivamus vestibulum sagittis sapien. Cum sociis natoque penatibus et magnis dis parturient montes, nascetur ridiculus mus.');
insert into steps (steps_id, step_description) values (107, 'Nulla ut erat id mauris vulputate elementum. Nullam varius. Nulla facilisi.');
insert into steps (steps_id, step_description) values (108, 'Curabitur gravida nisi at nibh. In hac habitasse platea dictumst. Aliquam augue quam, sollicitudin vitae, consectetuer eget, rutrum at, lorem.');
insert into steps (steps_id, step_description) values (109, 'In congue. Etiam justo. Etiam pretium iaculis justo.');
insert into steps (steps_id, step_description) values (110, 'Cum sociis natoque penatibus et magnis dis parturient montes, nascetur ridiculus mus. Vivamus vestibulum sagittis sapien. Cum sociis natoque penatibus et magnis dis parturient montes, nascetur ridiculus mus.');
insert into steps (steps_id, step_description) values (111, 'Morbi porttitor lorem id ligula. Suspendisse ornare consequat lectus. In est risus, auctor sed, tristique in, tempus sit amet, sem.');
insert into steps (steps_id, step_description) values (112, 'Lorem ipsum dolor sit amet, consectetuer adipiscing elit. Proin risus. Praesent lectus.');
insert into steps (steps_id, step_description) values (113, 'Fusce posuere felis sed lacus. Morbi sem mauris, laoreet ut, rhoncus aliquet, pulvinar sed, nisl. Nunc rhoncus dui vel sem.');
insert into steps (steps_id, step_description) values (114, 'Proin leo odio, porttitor id, consequat in, consequat ut, nulla. Sed accumsan felis. Ut at dolor quis odio consequat varius.');
insert into steps (steps_id, step_description) values (115, 'Morbi non lectus. Aliquam sit amet diam in magna bibendum imperdiet. Nullam orci pede, venenatis non, sodales sed, tincidunt eu, felis.');
insert into steps (steps_id, step_description) values (116, 'Cum sociis natoque penatibus et magnis dis parturient montes, nascetur ridiculus mus. Vivamus vestibulum sagittis sapien. Cum sociis natoque penatibus et magnis dis parturient montes, nascetur ridiculus mus.');
insert into steps (steps_id, step_description) values (117, 'Proin interdum mauris non ligula pellentesque ultrices. Phasellus id sapien in sapien iaculis congue. Vivamus metus arcu, adipiscing molestie, hendrerit at, vulputate vitae, nisl.');
insert into steps (steps_id, step_description) values (118, 'Praesent blandit. Nam nulla. Integer pede justo, lacinia eget, tincidunt eget, tempus vel, pede.');
insert into steps (steps_id, step_description) values (119, 'Duis bibendum. Morbi non quam nec dui luctus rutrum. Nulla tellus.');
insert into steps (steps_id, step_description) values (120, 'In quis justo. Maecenas rhoncus aliquam lacus. Morbi quis tortor id nulla ultrices aliquet.');
insert into steps (steps_id, step_description) values (121, 'Nam ultrices, libero non mattis pulvinar, nulla pede ullamcorper augue, a suscipit nulla elit ac nulla. Sed vel enim sit amet nunc viverra dapibus. Nulla suscipit ligula in lacus.');
insert into steps (steps_id, step_description) values (122, 'Sed sagittis. Nam congue, risus semper porta volutpat, quam pede lobortis ligula, sit amet eleifend pede libero quis orci. Nullam molestie nibh in lectus.');
insert into steps (steps_id, step_description) values (123, 'Sed sagittis. Nam congue, risus semper porta volutpat, quam pede lobortis ligula, sit amet eleifend pede libero quis orci. Nullam molestie nibh in lectus.');
insert into steps (steps_id, step_description) values (124, 'Curabitur gravida nisi at nibh. In hac habitasse platea dictumst. Aliquam augue quam, sollicitudin vitae, consectetuer eget, rutrum at, lorem.');
insert into steps (steps_id, step_description) values (125, 'Duis aliquam convallis nunc. Proin at turpis a pede posuere nonummy. Integer non velit.');
insert into steps (steps_id, step_description) values (126, 'Fusce posuere felis sed lacus. Morbi sem mauris, laoreet ut, rhoncus aliquet, pulvinar sed, nisl. Nunc rhoncus dui vel sem.');
insert into steps (steps_id, step_description) values (127, 'Aliquam quis turpis eget elit sodales scelerisque. Mauris sit amet eros. Suspendisse accumsan tortor quis turpis.');
insert into steps (steps_id, step_description) values (128, 'In hac habitasse platea dictumst. Etiam faucibus cursus urna. Ut tellus.');
insert into steps (steps_id, step_description) values (129, 'Praesent blandit. Nam nulla. Integer pede justo, lacinia eget, tincidunt eget, tempus vel, pede.');
insert into steps (steps_id, step_description) values (130, 'Vestibulum quam sapien, varius ut, blandit non, interdum in, ante. Vestibulum ante ipsum primis in faucibus orci luctus et ultrices posuere cubilia Curae; Duis faucibus accumsan odio. Curabitur convallis.');
insert into steps (steps_id, step_description) values (131, 'In congue. Etiam justo. Etiam pretium iaculis justo.');
insert into steps (steps_id, step_description) values (132, 'Duis bibendum. Morbi non quam nec dui luctus rutrum. Nulla tellus.');
insert into steps (steps_id, step_description) values (133, 'Duis aliquam convallis nunc. Proin at turpis a pede posuere nonummy. Integer non velit.');
insert into steps (steps_id, step_description) values (134, 'Aliquam quis turpis eget elit sodales scelerisque. Mauris sit amet eros. Suspendisse accumsan tortor quis turpis.');
insert into steps (steps_id, step_description) values (135, 'Donec diam neque, vestibulum eget, vulputate ut, ultrices vel, augue. Vestibulum ante ipsum primis in faucibus orci luctus et ultrices posuere cubilia Curae; Donec pharetra, magna vestibulum aliquet ultrices, erat tortor sollicitudin mi, sit amet lobortis sapien sapien non mi. Integer ac neque.');
insert into steps (steps_id, step_description) values (136, 'Aenean lectus. Pellentesque eget nunc. Donec quis orci eget orci vehicula condimentum.');
insert into steps (steps_id, step_description) values (137, 'In hac habitasse platea dictumst. Morbi vestibulum, velit id pretium iaculis, diam erat fermentum justo, nec condimentum neque sapien placerat ante. Nulla justo.');
insert into steps (steps_id, step_description) values (138, 'Curabitur in libero ut massa volutpat convallis. Morbi odio odio, elementum eu, interdum eu, tincidunt in, leo. Maecenas pulvinar lobortis est.');
insert into steps (steps_id, step_description) values (139, 'Vestibulum ac est lacinia nisi venenatis tristique. Fusce congue, diam id ornare imperdiet, sapien urna pretium nisl, ut volutpat sapien arcu sed augue. Aliquam erat volutpat.');
insert into steps (steps_id, step_description) values (140, 'Nullam porttitor lacus at turpis. Donec posuere metus vitae ipsum. Aliquam non mauris.');
insert into steps (steps_id, step_description) values (141, 'Curabitur in libero ut massa volutpat convallis. Morbi odio odio, elementum eu, interdum eu, tincidunt in, leo. Maecenas pulvinar lobortis est.');
insert into steps (steps_id, step_description) values (142, 'Curabitur in libero ut massa volutpat convallis. Morbi odio odio, elementum eu, interdum eu, tincidunt in, leo. Maecenas pulvinar lobortis est.');
insert into steps (steps_id, step_description) values (143, 'Duis aliquam convallis nunc. Proin at turpis a pede posuere nonummy. Integer non velit.');
insert into steps (steps_id, step_description) values (144, 'Lorem ipsum dolor sit amet, consectetuer adipiscing elit. Proin risus. Praesent lectus.');
insert into steps (steps_id, step_description) values (145, 'Aenean lectus. Pellentesque eget nunc. Donec quis orci eget orci vehicula condimentum.');
insert into steps (steps_id, step_description) values (146, 'Quisque porta volutpat erat. Quisque erat eros, viverra eget, congue eget, semper rutrum, nulla. Nunc purus.');
insert into steps (steps_id, step_description) values (147, 'Maecenas ut massa quis augue luctus tincidunt. Nulla mollis molestie lorem. Quisque ut erat.');
insert into steps (steps_id, step_description) values (148, 'Quisque porta volutpat erat. Quisque erat eros, viverra eget, congue eget, semper rutrum, nulla. Nunc purus.');
insert into steps (steps_id, step_description) values (149, 'Cum sociis natoque penatibus et magnis dis parturient montes, nascetur ridiculus mus. Vivamus vestibulum sagittis sapien. Cum sociis natoque penatibus et magnis dis parturient montes, nascetur ridiculus mus.');
insert into steps (steps_id, step_description) values (150, 'Sed sagittis. Nam congue, risus semper porta volutpat, quam pede lobortis ligula, sit amet eleifend pede libero quis orci. Nullam molestie nibh in lectus.');
insert into steps (steps_id, step_description) values (151, 'Duis bibendum, felis sed interdum venenatis, turpis enim blandit mi, in porttitor pede justo eu massa. Donec dapibus. Duis at velit eu est congue elementum.');
insert into steps (steps_id, step_description) values (152, 'Morbi porttitor lorem id ligula. Suspendisse ornare consequat lectus. In est risus, auctor sed, tristique in, tempus sit amet, sem.');
insert into steps (steps_id, step_description) values (153, 'Nam ultrices, libero non mattis pulvinar, nulla pede ullamcorper augue, a suscipit nulla elit ac nulla. Sed vel enim sit amet nunc viverra dapibus. Nulla suscipit ligula in lacus.');
insert into steps (steps_id, step_description) values (154, 'In hac habitasse platea dictumst. Morbi vestibulum, velit id pretium iaculis, diam erat fermentum justo, nec condimentum neque sapien placerat ante. Nulla justo.');
insert into steps (steps_id, step_description) values (155, 'Maecenas leo odio, condimentum id, luctus nec, molestie sed, justo. Pellentesque viverra pede ac diam. Cras pellentesque volutpat dui.');
insert into steps (steps_id, step_description) values (156, 'Morbi non lectus. Aliquam sit amet diam in magna bibendum imperdiet. Nullam orci pede, venenatis non, sodales sed, tincidunt eu, felis.');
insert into steps (steps_id, step_description) values (157, 'Sed ante. Vivamus tortor. Duis mattis egestas metus.');
insert into steps (steps_id, step_description) values (158, 'Sed ante. Vivamus tortor. Duis mattis egestas metus.');
insert into steps (steps_id, step_description) values (159, 'Fusce posuere felis sed lacus. Morbi sem mauris, laoreet ut, rhoncus aliquet, pulvinar sed, nisl. Nunc rhoncus dui vel sem.');
insert into steps (steps_id, step_description) values (160, 'Nullam sit amet turpis elementum ligula vehicula consequat. Morbi a ipsum. Integer a nibh.');
insert into steps (steps_id, step_description) values (161, 'Nullam sit amet turpis elementum ligula vehicula consequat. Morbi a ipsum. Integer a nibh.');
insert into steps (steps_id, step_description) values (162, 'Morbi non lectus. Aliquam sit amet diam in magna bibendum imperdiet. Nullam orci pede, venenatis non, sodales sed, tincidunt eu, felis.');
insert into steps (steps_id, step_description) values (163, 'Curabitur gravida nisi at nibh. In hac habitasse platea dictumst. Aliquam augue quam, sollicitudin vitae, consectetuer eget, rutrum at, lorem.');
insert into steps (steps_id, step_description) values (164, 'Lorem ipsum dolor sit amet, consectetuer adipiscing elit. Proin risus. Praesent lectus.');
insert into steps (steps_id, step_description) values (165, 'Donec diam neque, vestibulum eget, vulputate ut, ultrices vel, augue. Vestibulum ante ipsum primis in faucibus orci luctus et ultrices posuere cubilia Curae; Donec pharetra, magna vestibulum aliquet ultrices, erat tortor sollicitudin mi, sit amet lobortis sapien sapien non mi. Integer ac neque.');
insert into steps (steps_id, step_description) values (166, 'Nam ultrices, libero non mattis pulvinar, nulla pede ullamcorper augue, a suscipit nulla elit ac nulla. Sed vel enim sit amet nunc viverra dapibus. Nulla suscipit ligula in lacus.');
insert into steps (steps_id, step_description) values (167, 'Curabitur gravida nisi at nibh. In hac habitasse platea dictumst. Aliquam augue quam, sollicitudin vitae, consectetuer eget, rutrum at, lorem.');
insert into steps (steps_id, step_description) values (168, 'Curabitur gravida nisi at nibh. In hac habitasse platea dictumst. Aliquam augue quam, sollicitudin vitae, consectetuer eget, rutrum at, lorem.');
insert into steps (steps_id, step_description) values (169, 'Fusce consequat. Nulla nisl. Nunc nisl.');
insert into steps (steps_id, step_description) values (170, 'Aliquam quis turpis eget elit sodales scelerisque. Mauris sit amet eros. Suspendisse accumsan tortor quis turpis.');
insert into steps (steps_id, step_description) values (171, 'Maecenas ut massa quis augue luctus tincidunt. Nulla mollis molestie lorem. Quisque ut erat.');
insert into steps (steps_id, step_description) values (172, 'In hac habitasse platea dictumst. Morbi vestibulum, velit id pretium iaculis, diam erat fermentum justo, nec condimentum neque sapien placerat ante. Nulla justo.');
insert into steps (steps_id, step_description) values (173, 'Maecenas tristique, est et tempus semper, est quam pharetra magna, ac consequat metus sapien ut nunc. Vestibulum ante ipsum primis in faucibus orci luctus et ultrices posuere cubilia Curae; Mauris viverra diam vitae quam. Suspendisse potenti.');
insert into steps (steps_id, step_description) values (174, 'Fusce consequat. Nulla nisl. Nunc nisl.');
insert into steps (steps_id, step_description) values (175, 'Curabitur in libero ut massa volutpat convallis. Morbi odio odio, elementum eu, interdum eu, tincidunt in, leo. Maecenas pulvinar lobortis est.');
insert into steps (steps_id, step_description) values (176, 'Vestibulum ac est lacinia nisi venenatis tristique. Fusce congue, diam id ornare imperdiet, sapien urna pretium nisl, ut volutpat sapien arcu sed augue. Aliquam erat volutpat.');
insert into steps (steps_id, step_description) values (177, 'Cras non velit nec nisi vulputate nonummy. Maecenas tincidunt lacus at velit. Vivamus vel nulla eget eros elementum pellentesque.');
insert into steps (steps_id, step_description) values (178, 'Fusce posuere felis sed lacus. Morbi sem mauris, laoreet ut, rhoncus aliquet, pulvinar sed, nisl. Nunc rhoncus dui vel sem.');
insert into steps (steps_id, step_description) values (179, 'Maecenas leo odio, condimentum id, luctus nec, molestie sed, justo. Pellentesque viverra pede ac diam. Cras pellentesque volutpat dui.');
insert into steps (steps_id, step_description) values (180, 'Fusce posuere felis sed lacus. Morbi sem mauris, laoreet ut, rhoncus aliquet, pulvinar sed, nisl. Nunc rhoncus dui vel sem.');
insert into steps (steps_id, step_description) values (181, 'Nam ultrices, libero non mattis pulvinar, nulla pede ullamcorper augue, a suscipit nulla elit ac nulla. Sed vel enim sit amet nunc viverra dapibus. Nulla suscipit ligula in lacus.');
insert into steps (steps_id, step_description) values (182, 'Duis consequat dui nec nisi volutpat eleifend. Donec ut dolor. Morbi vel lectus in quam fringilla rhoncus.');
insert into steps (steps_id, step_description) values (183, 'Fusce consequat. Nulla nisl. Nunc nisl.');
insert into steps (steps_id, step_description) values (184, 'Phasellus in felis. Donec semper sapien a libero. Nam dui.');
insert into steps (steps_id, step_description) values (185, 'Maecenas leo odio, condimentum id, luctus nec, molestie sed, justo. Pellentesque viverra pede ac diam. Cras pellentesque volutpat dui.');
insert into steps (steps_id, step_description) values (186, 'Aliquam quis turpis eget elit sodales scelerisque. Mauris sit amet eros. Suspendisse accumsan tortor quis turpis.');
insert into steps (steps_id, step_description) values (187, 'Donec diam neque, vestibulum eget, vulputate ut, ultrices vel, augue. Vestibulum ante ipsum primis in faucibus orci luctus et ultrices posuere cubilia Curae; Donec pharetra, magna vestibulum aliquet ultrices, erat tortor sollicitudin mi, sit amet lobortis sapien sapien non mi. Integer ac neque.');
insert into steps (steps_id, step_description) values (188, 'Proin interdum mauris non ligula pellentesque ultrices. Phasellus id sapien in sapien iaculis congue. Vivamus metus arcu, adipiscing molestie, hendrerit at, vulputate vitae, nisl.');
insert into steps (steps_id, step_description) values (189, 'Curabitur in libero ut massa volutpat convallis. Morbi odio odio, elementum eu, interdum eu, tincidunt in, leo. Maecenas pulvinar lobortis est.');
insert into steps (steps_id, step_description) values (190, 'Morbi porttitor lorem id ligula. Suspendisse ornare consequat lectus. In est risus, auctor sed, tristique in, tempus sit amet, sem.');
insert into steps (steps_id, step_description) values (191, 'Proin leo odio, porttitor id, consequat in, consequat ut, nulla. Sed accumsan felis. Ut at dolor quis odio consequat varius.');
insert into steps (steps_id, step_description) values (192, 'Nulla ut erat id mauris vulputate elementum. Nullam varius. Nulla facilisi.');
insert into steps (steps_id, step_description) values (193, 'Phasellus sit amet erat. Nulla tempus. Vivamus in felis eu sapien cursus vestibulum.');
insert into steps (steps_id, step_description) values (194, 'Integer ac leo. Pellentesque ultrices mattis odio. Donec vitae nisi.');
insert into steps (steps_id, step_description) values (195, 'Quisque id justo sit amet sapien dignissim vestibulum. Vestibulum ante ipsum primis in faucibus orci luctus et ultrices posuere cubilia Curae; Nulla dapibus dolor vel est. Donec odio justo, sollicitudin ut, suscipit a, feugiat et, eros.');
insert into steps (steps_id, step_description) values (196, 'In sagittis dui vel nisl. Duis ac nibh. Fusce lacus purus, aliquet at, feugiat non, pretium quis, lectus.');
insert into steps (steps_id, step_description) values (197, 'Praesent id massa id nisl venenatis lacinia. Aenean sit amet justo. Morbi ut odio.');
insert into steps (steps_id, step_description) values (198, 'Praesent blandit. Nam nulla. Integer pede justo, lacinia eget, tincidunt eget, tempus vel, pede.');
insert into steps (steps_id, step_description) values (199, 'Phasellus sit amet erat. Nulla tempus. Vivamus in felis eu sapien cursus vestibulum.');
insert into steps (steps_id, step_description) values (200, 'Aenean lectus. Pellentesque eget nunc. Donec quis orci eget orci vehicula condimentum.');
insert into steps (steps_id, step_description) values (201, 'Duis aliquam convallis nunc. Proin at turpis a pede posuere nonummy. Integer non velit.');
insert into steps (steps_id, step_description) values (202, 'Morbi porttitor lorem id ligula. Suspendisse ornare consequat lectus. In est risus, auctor sed, tristique in, tempus sit amet, sem.');
insert into steps (steps_id, step_description) values (203, 'Mauris enim leo, rhoncus sed, vestibulum sit amet, cursus id, turpis. Integer aliquet, massa id lobortis convallis, tortor risus dapibus augue, vel accumsan tellus nisi eu orci. Mauris lacinia sapien quis libero.');
insert into steps (steps_id, step_description) values (204, 'In sagittis dui vel nisl. Duis ac nibh. Fusce lacus purus, aliquet at, feugiat non, pretium quis, lectus.');
insert into steps (steps_id, step_description) values (205, 'Curabitur gravida nisi at nibh. In hac habitasse platea dictumst. Aliquam augue quam, sollicitudin vitae, consectetuer eget, rutrum at, lorem.');
insert into steps (steps_id, step_description) values (206, 'Pellentesque at nulla. Suspendisse potenti. Cras in purus eu magna vulputate luctus.');
insert into steps (steps_id, step_description) values (207, 'Lorem ipsum dolor sit amet, consectetuer adipiscing elit. Proin risus. Praesent lectus.');
insert into steps (steps_id, step_description) values (208, 'Morbi porttitor lorem id ligula. Suspendisse ornare consequat lectus. In est risus, auctor sed, tristique in, tempus sit amet, sem.');
insert into steps (steps_id, step_description) values (209, 'In hac habitasse platea dictumst. Morbi vestibulum, velit id pretium iaculis, diam erat fermentum justo, nec condimentum neque sapien placerat ante. Nulla justo.');
insert into steps (steps_id, step_description) values (210, 'Morbi non lectus. Aliquam sit amet diam in magna bibendum imperdiet. Nullam orci pede, venenatis non, sodales sed, tincidunt eu, felis.');
insert into steps (steps_id, step_description) values (211, 'Integer ac leo. Pellentesque ultrices mattis odio. Donec vitae nisi.');
insert into steps (steps_id, step_description) values (212, 'Maecenas tristique, est et tempus semper, est quam pharetra magna, ac consequat metus sapien ut nunc. Vestibulum ante ipsum primis in faucibus orci luctus et ultrices posuere cubilia Curae; Mauris viverra diam vitae quam. Suspendisse potenti.');
insert into steps (steps_id, step_description) values (213, 'Phasellus sit amet erat. Nulla tempus. Vivamus in felis eu sapien cursus vestibulum.');
insert into steps (steps_id, step_description) values (214, 'Aliquam quis turpis eget elit sodales scelerisque. Mauris sit amet eros. Suspendisse accumsan tortor quis turpis.');
insert into steps (steps_id, step_description) values (215, 'Aenean fermentum. Donec ut mauris eget massa tempor convallis. Nulla neque libero, convallis eget, eleifend luctus, ultricies eu, nibh.');
insert into steps (steps_id, step_description) values (216, 'Proin eu mi. Nulla ac enim. In tempor, turpis nec euismod scelerisque, quam turpis adipiscing lorem, vitae mattis nibh ligula nec sem.');
insert into steps (steps_id, step_description) values (217, 'Vestibulum quam sapien, varius ut, blandit non, interdum in, ante. Vestibulum ante ipsum primis in faucibus orci luctus et ultrices posuere cubilia Curae; Duis faucibus accumsan odio. Curabitur convallis.');
insert into steps (steps_id, step_description) values (218, 'Integer ac leo. Pellentesque ultrices mattis odio. Donec vitae nisi.');
insert into steps (steps_id, step_description) values (219, 'Curabitur gravida nisi at nibh. In hac habitasse platea dictumst. Aliquam augue quam, sollicitudin vitae, consectetuer eget, rutrum at, lorem.');
insert into steps (steps_id, step_description) values (220, 'Curabitur gravida nisi at nibh. In hac habitasse platea dictumst. Aliquam augue quam, sollicitudin vitae, consectetuer eget, rutrum at, lorem.');
insert into steps (steps_id, step_description) values (221, 'Nullam porttitor lacus at turpis. Donec posuere metus vitae ipsum. Aliquam non mauris.');
insert into steps (steps_id, step_description) values (222, 'In hac habitasse platea dictumst. Etiam faucibus cursus urna. Ut tellus.');
insert into steps (steps_id, step_description) values (223, 'Vestibulum ac est lacinia nisi venenatis tristique. Fusce congue, diam id ornare imperdiet, sapien urna pretium nisl, ut volutpat sapien arcu sed augue. Aliquam erat volutpat.');
insert into steps (steps_id, step_description) values (224, 'Maecenas leo odio, condimentum id, luctus nec, molestie sed, justo. Pellentesque viverra pede ac diam. Cras pellentesque volutpat dui.');
insert into steps (steps_id, step_description) values (225, 'In quis justo. Maecenas rhoncus aliquam lacus. Morbi quis tortor id nulla ultrices aliquet.');
insert into steps (steps_id, step_description) values (226, 'Morbi porttitor lorem id ligula. Suspendisse ornare consequat lectus. In est risus, auctor sed, tristique in, tempus sit amet, sem.');
insert into steps (steps_id, step_description) values (227, 'Mauris enim leo, rhoncus sed, vestibulum sit amet, cursus id, turpis. Integer aliquet, massa id lobortis convallis, tortor risus dapibus augue, vel accumsan tellus nisi eu orci. Mauris lacinia sapien quis libero.');
insert into steps (steps_id, step_description) values (228, 'Curabitur in libero ut massa volutpat convallis. Morbi odio odio, elementum eu, interdum eu, tincidunt in, leo. Maecenas pulvinar lobortis est.');
insert into steps (steps_id, step_description) values (229, 'Phasellus in felis. Donec semper sapien a libero. Nam dui.');
insert into steps (steps_id, step_description) values (230, 'Duis bibendum. Morbi non quam nec dui luctus rutrum. Nulla tellus.');
insert into steps (steps_id, step_description) values (231, 'Integer tincidunt ante vel ipsum. Praesent blandit lacinia erat. Vestibulum sed magna at nunc commodo placerat.');
insert into steps (steps_id, step_description) values (232, 'Mauris enim leo, rhoncus sed, vestibulum sit amet, cursus id, turpis. Integer aliquet, massa id lobortis convallis, tortor risus dapibus augue, vel accumsan tellus nisi eu orci. Mauris lacinia sapien quis libero.');
insert into steps (steps_id, step_description) values (233, 'Maecenas ut massa quis augue luctus tincidunt. Nulla mollis molestie lorem. Quisque ut erat.');
insert into steps (steps_id, step_description) values (234, 'Morbi porttitor lorem id ligula. Suspendisse ornare consequat lectus. In est risus, auctor sed, tristique in, tempus sit amet, sem.');
insert into steps (steps_id, step_description) values (235, 'In sagittis dui vel nisl. Duis ac nibh. Fusce lacus purus, aliquet at, feugiat non, pretium quis, lectus.');
insert into steps (steps_id, step_description) values (236, 'Fusce posuere felis sed lacus. Morbi sem mauris, laoreet ut, rhoncus aliquet, pulvinar sed, nisl. Nunc rhoncus dui vel sem.');
insert into steps (steps_id, step_description) values (237, 'Morbi porttitor lorem id ligula. Suspendisse ornare consequat lectus. In est risus, auctor sed, tristique in, tempus sit amet, sem.');
insert into steps (steps_id, step_description) values (238, 'In congue. Etiam justo. Etiam pretium iaculis justo.');
insert into steps (steps_id, step_description) values (239, 'Suspendisse potenti. In eleifend quam a odio. In hac habitasse platea dictumst.');
insert into steps (steps_id, step_description) values (240, 'In congue. Etiam justo. Etiam pretium iaculis justo.');
insert into steps (steps_id, step_description) values (241, 'Quisque porta volutpat erat. Quisque erat eros, viverra eget, congue eget, semper rutrum, nulla. Nunc purus.');
insert into steps (steps_id, step_description) values (242, 'Suspendisse potenti. In eleifend quam a odio. In hac habitasse platea dictumst.');
insert into steps (steps_id, step_description) values (243, 'Maecenas leo odio, condimentum id, luctus nec, molestie sed, justo. Pellentesque viverra pede ac diam. Cras pellentesque volutpat dui.');
insert into steps (steps_id, step_description) values (244, 'Vestibulum ac est lacinia nisi venenatis tristique. Fusce congue, diam id ornare imperdiet, sapien urna pretium nisl, ut volutpat sapien arcu sed augue. Aliquam erat volutpat.');
insert into steps (steps_id, step_description) values (245, 'Quisque id justo sit amet sapien dignissim vestibulum. Vestibulum ante ipsum primis in faucibus orci luctus et ultrices posuere cubilia Curae; Nulla dapibus dolor vel est. Donec odio justo, sollicitudin ut, suscipit a, feugiat et, eros.');
insert into steps (steps_id, step_description) values (246, 'Curabitur at ipsum ac tellus semper interdum. Mauris ullamcorper purus sit amet nulla. Quisque arcu libero, rutrum ac, lobortis vel, dapibus at, diam.');
insert into steps (steps_id, step_description) values (247, 'Cum sociis natoque penatibus et magnis dis parturient montes, nascetur ridiculus mus. Vivamus vestibulum sagittis sapien. Cum sociis natoque penatibus et magnis dis parturient montes, nascetur ridiculus mus.');
insert into steps (steps_id, step_description) values (248, 'Duis consequat dui nec nisi volutpat eleifend. Donec ut dolor. Morbi vel lectus in quam fringilla rhoncus.');
insert into steps (steps_id, step_description) values (249, 'Curabitur gravida nisi at nibh. In hac habitasse platea dictumst. Aliquam augue quam, sollicitudin vitae, consectetuer eget, rutrum at, lorem.');
insert into steps (steps_id, step_description) values (250, 'Curabitur gravida nisi at nibh. In hac habitasse platea dictumst. Aliquam augue quam, sollicitudin vitae, consectetuer eget, rutrum at, lorem.');
insert into steps (steps_id, step_description) values (251, 'Nullam sit amet turpis elementum ligula vehicula consequat. Morbi a ipsum. Integer a nibh.');
insert into steps (steps_id, step_description) values (252, 'Nullam sit amet turpis elementum ligula vehicula consequat. Morbi a ipsum. Integer a nibh.');
insert into steps (steps_id, step_description) values (253, 'Phasellus sit amet erat. Nulla tempus. Vivamus in felis eu sapien cursus vestibulum.');
insert into steps (steps_id, step_description) values (254, 'Duis aliquam convallis nunc. Proin at turpis a pede posuere nonummy. Integer non velit.');
insert into steps (steps_id, step_description) values (255, 'Lorem ipsum dolor sit amet, consectetuer adipiscing elit. Proin risus. Praesent lectus.');
insert into steps (steps_id, step_description) values (256, 'Proin interdum mauris non ligula pellentesque ultrices. Phasellus id sapien in sapien iaculis congue. Vivamus metus arcu, adipiscing molestie, hendrerit at, vulputate vitae, nisl.');
insert into steps (steps_id, step_description) values (257, 'Maecenas ut massa quis augue luctus tincidunt. Nulla mollis molestie lorem. Quisque ut erat.');
insert into steps (steps_id, step_description) values (258, 'Quisque id justo sit amet sapien dignissim vestibulum. Vestibulum ante ipsum primis in faucibus orci luctus et ultrices posuere cubilia Curae; Nulla dapibus dolor vel est. Donec odio justo, sollicitudin ut, suscipit a, feugiat et, eros.');
insert into steps (steps_id, step_description) values (259, 'Curabitur gravida nisi at nibh. In hac habitasse platea dictumst. Aliquam augue quam, sollicitudin vitae, consectetuer eget, rutrum at, lorem.');
insert into steps (steps_id, step_description) values (260, 'Nullam porttitor lacus at turpis. Donec posuere metus vitae ipsum. Aliquam non mauris.');
insert into steps (steps_id, step_description) values (261, 'Nulla ut erat id mauris vulputate elementum. Nullam varius. Nulla facilisi.');
insert into steps (steps_id, step_description) values (262, 'Proin interdum mauris non ligula pellentesque ultrices. Phasellus id sapien in sapien iaculis congue. Vivamus metus arcu, adipiscing molestie, hendrerit at, vulputate vitae, nisl.');
insert into steps (steps_id, step_description) values (263, 'In quis justo. Maecenas rhoncus aliquam lacus. Morbi quis tortor id nulla ultrices aliquet.');
insert into steps (steps_id, step_description) values (264, 'Vestibulum ac est lacinia nisi venenatis tristique. Fusce congue, diam id ornare imperdiet, sapien urna pretium nisl, ut volutpat sapien arcu sed augue. Aliquam erat volutpat.');
insert into steps (steps_id, step_description) values (265, 'Aenean fermentum. Donec ut mauris eget massa tempor convallis. Nulla neque libero, convallis eget, eleifend luctus, ultricies eu, nibh.');
insert into steps (steps_id, step_description) values (266, 'Curabitur gravida nisi at nibh. In hac habitasse platea dictumst. Aliquam augue quam, sollicitudin vitae, consectetuer eget, rutrum at, lorem.');
insert into steps (steps_id, step_description) values (267, 'Duis aliquam convallis nunc. Proin at turpis a pede posuere nonummy. Integer non velit.');
insert into steps (steps_id, step_description) values (268, 'In sagittis dui vel nisl. Duis ac nibh. Fusce lacus purus, aliquet at, feugiat non, pretium quis, lectus.');
insert into steps (steps_id, step_description) values (269, 'Duis bibendum, felis sed interdum venenatis, turpis enim blandit mi, in porttitor pede justo eu massa. Donec dapibus. Duis at velit eu est congue elementum.');
insert into steps (steps_id, step_description) values (270, 'Morbi porttitor lorem id ligula. Suspendisse ornare consequat lectus. In est risus, auctor sed, tristique in, tempus sit amet, sem.');
insert into steps (steps_id, step_description) values (271, 'Pellentesque at nulla. Suspendisse potenti. Cras in purus eu magna vulputate luctus.');
insert into steps (steps_id, step_description) values (272, 'Morbi porttitor lorem id ligula. Suspendisse ornare consequat lectus. In est risus, auctor sed, tristique in, tempus sit amet, sem.');
insert into steps (steps_id, step_description) values (273, 'In hac habitasse platea dictumst. Etiam faucibus cursus urna. Ut tellus.');
insert into steps (steps_id, step_description) values (274, 'Nam ultrices, libero non mattis pulvinar, nulla pede ullamcorper augue, a suscipit nulla elit ac nulla. Sed vel enim sit amet nunc viverra dapibus. Nulla suscipit ligula in lacus.');
insert into steps (steps_id, step_description) values (275, 'Cum sociis natoque penatibus et magnis dis parturient montes, nascetur ridiculus mus. Vivamus vestibulum sagittis sapien. Cum sociis natoque penatibus et magnis dis parturient montes, nascetur ridiculus mus.');
insert into steps (steps_id, step_description) values (276, 'Maecenas leo odio, condimentum id, luctus nec, molestie sed, justo. Pellentesque viverra pede ac diam. Cras pellentesque volutpat dui.');
insert into steps (steps_id, step_description) values (277, 'Sed sagittis. Nam congue, risus semper porta volutpat, quam pede lobortis ligula, sit amet eleifend pede libero quis orci. Nullam molestie nibh in lectus.');
insert into steps (steps_id, step_description) values (278, 'Aliquam quis turpis eget elit sodales scelerisque. Mauris sit amet eros. Suspendisse accumsan tortor quis turpis.');
insert into steps (steps_id, step_description) values (279, 'Proin leo odio, porttitor id, consequat in, consequat ut, nulla. Sed accumsan felis. Ut at dolor quis odio consequat varius.');
insert into steps (steps_id, step_description) values (280, 'In congue. Etiam justo. Etiam pretium iaculis justo.');
insert into steps (steps_id, step_description) values (281, 'Aenean fermentum. Donec ut mauris eget massa tempor convallis. Nulla neque libero, convallis eget, eleifend luctus, ultricies eu, nibh.');
insert into steps (steps_id, step_description) values (282, 'Integer tincidunt ante vel ipsum. Praesent blandit lacinia erat. Vestibulum sed magna at nunc commodo placerat.');
insert into steps (steps_id, step_description) values (283, 'Curabitur gravida nisi at nibh. In hac habitasse platea dictumst. Aliquam augue quam, sollicitudin vitae, consectetuer eget, rutrum at, lorem.');
insert into steps (steps_id, step_description) values (284, 'Maecenas tristique, est et tempus semper, est quam pharetra magna, ac consequat metus sapien ut nunc. Vestibulum ante ipsum primis in faucibus orci luctus et ultrices posuere cubilia Curae; Mauris viverra diam vitae quam. Suspendisse potenti.');
insert into steps (steps_id, step_description) values (285, 'Duis bibendum. Morbi non quam nec dui luctus rutrum. Nulla tellus.');
insert into steps (steps_id, step_description) values (286, 'Nullam porttitor lacus at turpis. Donec posuere metus vitae ipsum. Aliquam non mauris.');
insert into steps (steps_id, step_description) values (287, 'In quis justo. Maecenas rhoncus aliquam lacus. Morbi quis tortor id nulla ultrices aliquet.');
insert into steps (steps_id, step_description) values (288, 'Duis bibendum, felis sed interdum venenatis, turpis enim blandit mi, in porttitor pede justo eu massa. Donec dapibus. Duis at velit eu est congue elementum.');
insert into steps (steps_id, step_description) values (289, 'Suspendisse potenti. In eleifend quam a odio. In hac habitasse platea dictumst.');
insert into steps (steps_id, step_description) values (290, 'Nulla ut erat id mauris vulputate elementum. Nullam varius. Nulla facilisi.');
insert into steps (steps_id, step_description) values (291, 'Etiam vel augue. Vestibulum rutrum rutrum neque. Aenean auctor gravida sem.');
insert into steps (steps_id, step_description) values (292, 'Cras mi pede, malesuada in, imperdiet et, commodo vulputate, justo. In blandit ultrices enim. Lorem ipsum dolor sit amet, consectetuer adipiscing elit.');
insert into steps (steps_id, step_description) values (293, 'In sagittis dui vel nisl. Duis ac nibh. Fusce lacus purus, aliquet at, feugiat non, pretium quis, lectus.');
insert into steps (steps_id, step_description) values (294, 'Nulla ut erat id mauris vulputate elementum. Nullam varius. Nulla facilisi.');
insert into steps (steps_id, step_description) values (295, 'In hac habitasse platea dictumst. Etiam faucibus cursus urna. Ut tellus.');
insert into steps (steps_id, step_description) values (296, 'Suspendisse potenti. In eleifend quam a odio. In hac habitasse platea dictumst.');
insert into steps (steps_id, step_description) values (297, 'Morbi non lectus. Aliquam sit amet diam in magna bibendum imperdiet. Nullam orci pede, venenatis non, sodales sed, tincidunt eu, felis.');
insert into steps (steps_id, step_description) values (298, 'Duis bibendum. Morbi non quam nec dui luctus rutrum. Nulla tellus.');
insert into steps (steps_id, step_description) values (299, 'Maecenas ut massa quis augue luctus tincidunt. Nulla mollis molestie lorem. Quisque ut erat.');
insert into steps (steps_id, step_description) values (300, 'Maecenas ut massa quis augue luctus tincidunt. Nulla mollis molestie lorem. Quisque ut erat.');
insert into steps (steps_id, step_description) values (301, 'Curabitur in libero ut massa volutpat convallis. Morbi odio odio, elementum eu, interdum eu, tincidunt in, leo. Maecenas pulvinar lobortis est.');
insert into steps (steps_id, step_description) values (302, 'In sagittis dui vel nisl. Duis ac nibh. Fusce lacus purus, aliquet at, feugiat non, pretium quis, lectus.');
insert into steps (steps_id, step_description) values (303, 'Fusce posuere felis sed lacus. Morbi sem mauris, laoreet ut, rhoncus aliquet, pulvinar sed, nisl. Nunc rhoncus dui vel sem.');
insert into steps (steps_id, step_description) values (304, 'Curabitur gravida nisi at nibh. In hac habitasse platea dictumst. Aliquam augue quam, sollicitudin vitae, consectetuer eget, rutrum at, lorem.');
insert into steps (steps_id, step_description) values (305, 'Fusce posuere felis sed lacus. Morbi sem mauris, laoreet ut, rhoncus aliquet, pulvinar sed, nisl. Nunc rhoncus dui vel sem.');
insert into steps (steps_id, step_description) values (306, 'In hac habitasse platea dictumst. Morbi vestibulum, velit id pretium iaculis, diam erat fermentum justo, nec condimentum neque sapien placerat ante. Nulla justo.');
insert into steps (steps_id, step_description) values (307, 'Vestibulum ac est lacinia nisi venenatis tristique. Fusce congue, diam id ornare imperdiet, sapien urna pretium nisl, ut volutpat sapien arcu sed augue. Aliquam erat volutpat.');
insert into steps (steps_id, step_description) values (308, 'Suspendisse potenti. In eleifend quam a odio. In hac habitasse platea dictumst.');
insert into steps (steps_id, step_description) values (309, 'In congue. Etiam justo. Etiam pretium iaculis justo.');
insert into steps (steps_id, step_description) values (310, 'Duis aliquam convallis nunc. Proin at turpis a pede posuere nonummy. Integer non velit.');
insert into steps (steps_id, step_description) values (311, 'Cras non velit nec nisi vulputate nonummy. Maecenas tincidunt lacus at velit. Vivamus vel nulla eget eros elementum pellentesque.');
insert into steps (steps_id, step_description) values (312, 'Lorem ipsum dolor sit amet, consectetuer adipiscing elit. Proin risus. Praesent lectus.');
insert into steps (steps_id, step_description) values (313, 'Phasellus sit amet erat. Nulla tempus. Vivamus in felis eu sapien cursus vestibulum.');
insert into steps (steps_id, step_description) values (314, 'Sed ante. Vivamus tortor. Duis mattis egestas metus.');
insert into steps (steps_id, step_description) values (315, 'Fusce posuere felis sed lacus. Morbi sem mauris, laoreet ut, rhoncus aliquet, pulvinar sed, nisl. Nunc rhoncus dui vel sem.');
insert into steps (steps_id, step_description) values (316, 'Praesent id massa id nisl venenatis lacinia. Aenean sit amet justo. Morbi ut odio.');
insert into steps (steps_id, step_description) values (317, 'Praesent id massa id nisl venenatis lacinia. Aenean sit amet justo. Morbi ut odio.');
insert into steps (steps_id, step_description) values (318, 'Praesent blandit. Nam nulla. Integer pede justo, lacinia eget, tincidunt eget, tempus vel, pede.');
insert into steps (steps_id, step_description) values (319, 'Cras mi pede, malesuada in, imperdiet et, commodo vulputate, justo. In blandit ultrices enim. Lorem ipsum dolor sit amet, consectetuer adipiscing elit.');
insert into steps (steps_id, step_description) values (320, 'Sed ante. Vivamus tortor. Duis mattis egestas metus.');
insert into steps (steps_id, step_description) values (321, 'Fusce consequat. Nulla nisl. Nunc nisl.');
insert into steps (steps_id, step_description) values (322, 'Duis aliquam convallis nunc. Proin at turpis a pede posuere nonummy. Integer non velit.');
insert into steps (steps_id, step_description) values (323, 'Nam ultrices, libero non mattis pulvinar, nulla pede ullamcorper augue, a suscipit nulla elit ac nulla. Sed vel enim sit amet nunc viverra dapibus. Nulla suscipit ligula in lacus.');
insert into steps (steps_id, step_description) values (324, 'Phasellus sit amet erat. Nulla tempus. Vivamus in felis eu sapien cursus vestibulum.');
insert into steps (steps_id, step_description) values (325, 'In hac habitasse platea dictumst. Morbi vestibulum, velit id pretium iaculis, diam erat fermentum justo, nec condimentum neque sapien placerat ante. Nulla justo.');
insert into steps (steps_id, step_description) values (326, 'Suspendisse potenti. In eleifend quam a odio. In hac habitasse platea dictumst.');
insert into steps (steps_id, step_description) values (327, 'Cras mi pede, malesuada in, imperdiet et, commodo vulputate, justo. In blandit ultrices enim. Lorem ipsum dolor sit amet, consectetuer adipiscing elit.');
insert into steps (steps_id, step_description) values (328, 'Pellentesque at nulla. Suspendisse potenti. Cras in purus eu magna vulputate luctus.');
insert into steps (steps_id, step_description) values (329, 'Morbi non lectus. Aliquam sit amet diam in magna bibendum imperdiet. Nullam orci pede, venenatis non, sodales sed, tincidunt eu, felis.');
insert into steps (steps_id, step_description) values (330, 'Curabitur at ipsum ac tellus semper interdum. Mauris ullamcorper purus sit amet nulla. Quisque arcu libero, rutrum ac, lobortis vel, dapibus at, diam.');
insert into steps (steps_id, step_description) values (331, 'Fusce posuere felis sed lacus. Morbi sem mauris, laoreet ut, rhoncus aliquet, pulvinar sed, nisl. Nunc rhoncus dui vel sem.');
insert into steps (steps_id, step_description) values (332, 'Cum sociis natoque penatibus et magnis dis parturient montes, nascetur ridiculus mus. Vivamus vestibulum sagittis sapien. Cum sociis natoque penatibus et magnis dis parturient montes, nascetur ridiculus mus.');
insert into steps (steps_id, step_description) values (333, 'Maecenas leo odio, condimentum id, luctus nec, molestie sed, justo. Pellentesque viverra pede ac diam. Cras pellentesque volutpat dui.');
insert into steps (steps_id, step_description) values (334, 'Maecenas leo odio, condimentum id, luctus nec, molestie sed, justo. Pellentesque viverra pede ac diam. Cras pellentesque volutpat dui.');
insert into steps (steps_id, step_description) values (335, 'Vestibulum quam sapien, varius ut, blandit non, interdum in, ante. Vestibulum ante ipsum primis in faucibus orci luctus et ultrices posuere cubilia Curae; Duis faucibus accumsan odio. Curabitur convallis.');
insert into steps (steps_id, step_description) values (336, 'Phasellus in felis. Donec semper sapien a libero. Nam dui.');
insert into steps (steps_id, step_description) values (337, 'Maecenas tristique, est et tempus semper, est quam pharetra magna, ac consequat metus sapien ut nunc. Vestibulum ante ipsum primis in faucibus orci luctus et ultrices posuere cubilia Curae; Mauris viverra diam vitae quam. Suspendisse potenti.');
insert into steps (steps_id, step_description) values (338, 'Praesent id massa id nisl venenatis lacinia. Aenean sit amet justo. Morbi ut odio.');
insert into steps (steps_id, step_description) values (339, 'Duis bibendum. Morbi non quam nec dui luctus rutrum. Nulla tellus.');
insert into steps (steps_id, step_description) values (340, 'Pellentesque at nulla. Suspendisse potenti. Cras in purus eu magna vulputate luctus.');
insert into steps (steps_id, step_description) values (341, 'In hac habitasse platea dictumst. Etiam faucibus cursus urna. Ut tellus.');
insert into steps (steps_id, step_description) values (342, 'Morbi porttitor lorem id ligula. Suspendisse ornare consequat lectus. In est risus, auctor sed, tristique in, tempus sit amet, sem.');
insert into steps (steps_id, step_description) values (343, 'Proin eu mi. Nulla ac enim. In tempor, turpis nec euismod scelerisque, quam turpis adipiscing lorem, vitae mattis nibh ligula nec sem.');
insert into steps (steps_id, step_description) values (344, 'Duis aliquam convallis nunc. Proin at turpis a pede posuere nonummy. Integer non velit.');
insert into steps (steps_id, step_description) values (345, 'Cras mi pede, malesuada in, imperdiet et, commodo vulputate, justo. In blandit ultrices enim. Lorem ipsum dolor sit amet, consectetuer adipiscing elit.');
insert into steps (steps_id, step_description) values (346, 'Quisque id justo sit amet sapien dignissim vestibulum. Vestibulum ante ipsum primis in faucibus orci luctus et ultrices posuere cubilia Curae; Nulla dapibus dolor vel est. Donec odio justo, sollicitudin ut, suscipit a, feugiat et, eros.');
insert into steps (steps_id, step_description) values (347, 'Morbi non lectus. Aliquam sit amet diam in magna bibendum imperdiet. Nullam orci pede, venenatis non, sodales sed, tincidunt eu, felis.');
insert into steps (steps_id, step_description) values (348, 'Quisque porta volutpat erat. Quisque erat eros, viverra eget, congue eget, semper rutrum, nulla. Nunc purus.');
insert into steps (steps_id, step_description) values (349, 'Nam ultrices, libero non mattis pulvinar, nulla pede ullamcorper augue, a suscipit nulla elit ac nulla. Sed vel enim sit amet nunc viverra dapibus. Nulla suscipit ligula in lacus.');
insert into steps (steps_id, step_description) values (350, 'Proin leo odio, porttitor id, consequat in, consequat ut, nulla. Sed accumsan felis. Ut at dolor quis odio consequat varius.');
insert into steps (steps_id, step_description) values (351, 'Cum sociis natoque penatibus et magnis dis parturient montes, nascetur ridiculus mus. Vivamus vestibulum sagittis sapien. Cum sociis natoque penatibus et magnis dis parturient montes, nascetur ridiculus mus.');
insert into steps (steps_id, step_description) values (352, 'Maecenas leo odio, condimentum id, luctus nec, molestie sed, justo. Pellentesque viverra pede ac diam. Cras pellentesque volutpat dui.');
insert into steps (steps_id, step_description) values (353, 'Suspendisse potenti. In eleifend quam a odio. In hac habitasse platea dictumst.');
insert into steps (steps_id, step_description) values (354, 'In hac habitasse platea dictumst. Morbi vestibulum, velit id pretium iaculis, diam erat fermentum justo, nec condimentum neque sapien placerat ante. Nulla justo.');
insert into steps (steps_id, step_description) values (355, 'Etiam vel augue. Vestibulum rutrum rutrum neque. Aenean auctor gravida sem.');
insert into steps (steps_id, step_description) values (356, 'Integer tincidunt ante vel ipsum. Praesent blandit lacinia erat. Vestibulum sed magna at nunc commodo placerat.');
insert into steps (steps_id, step_description) values (357, 'Nullam porttitor lacus at turpis. Donec posuere metus vitae ipsum. Aliquam non mauris.');
insert into steps (steps_id, step_description) values (358, 'Nulla ut erat id mauris vulputate elementum. Nullam varius. Nulla facilisi.');
insert into steps (steps_id, step_description) values (359, 'Mauris enim leo, rhoncus sed, vestibulum sit amet, cursus id, turpis. Integer aliquet, massa id lobortis convallis, tortor risus dapibus augue, vel accumsan tellus nisi eu orci. Mauris lacinia sapien quis libero.');
insert into steps (steps_id, step_description) values (360, 'Aenean lectus. Pellentesque eget nunc. Donec quis orci eget orci vehicula condimentum.');
insert into steps (steps_id, step_description) values (361, 'In quis justo. Maecenas rhoncus aliquam lacus. Morbi quis tortor id nulla ultrices aliquet.');
insert into steps (steps_id, step_description) values (362, 'Nullam sit amet turpis elementum ligula vehicula consequat. Morbi a ipsum. Integer a nibh.');
insert into steps (steps_id, step_description) values (363, 'Mauris enim leo, rhoncus sed, vestibulum sit amet, cursus id, turpis. Integer aliquet, massa id lobortis convallis, tortor risus dapibus augue, vel accumsan tellus nisi eu orci. Mauris lacinia sapien quis libero.');
insert into steps (steps_id, step_description) values (364, 'Sed sagittis. Nam congue, risus semper porta volutpat, quam pede lobortis ligula, sit amet eleifend pede libero quis orci. Nullam molestie nibh in lectus.');
insert into steps (steps_id, step_description) values (365, 'Aenean fermentum. Donec ut mauris eget massa tempor convallis. Nulla neque libero, convallis eget, eleifend luctus, ultricies eu, nibh.');
insert into steps (steps_id, step_description) values (366, 'Sed ante. Vivamus tortor. Duis mattis egestas metus.');
insert into steps (steps_id, step_description) values (367, 'Fusce consequat. Nulla nisl. Nunc nisl.');
insert into steps (steps_id, step_description) values (368, 'In hac habitasse platea dictumst. Etiam faucibus cursus urna. Ut tellus.');
insert into steps (steps_id, step_description) values (369, 'In hac habitasse platea dictumst. Morbi vestibulum, velit id pretium iaculis, diam erat fermentum justo, nec condimentum neque sapien placerat ante. Nulla justo.');
insert into steps (steps_id, step_description) values (370, 'Curabitur gravida nisi at nibh. In hac habitasse platea dictumst. Aliquam augue quam, sollicitudin vitae, consectetuer eget, rutrum at, lorem.');
insert into steps (steps_id, step_description) values (371, 'Sed ante. Vivamus tortor. Duis mattis egestas metus.');
insert into steps (steps_id, step_description) values (372, 'Duis bibendum. Morbi non quam nec dui luctus rutrum. Nulla tellus.');
insert into steps (steps_id, step_description) values (373, 'Vestibulum ac est lacinia nisi venenatis tristique. Fusce congue, diam id ornare imperdiet, sapien urna pretium nisl, ut volutpat sapien arcu sed augue. Aliquam erat volutpat.');
insert into steps (steps_id, step_description) values (374, 'Quisque porta volutpat erat. Quisque erat eros, viverra eget, congue eget, semper rutrum, nulla. Nunc purus.');
insert into steps (steps_id, step_description) values (375, 'Duis bibendum. Morbi non quam nec dui luctus rutrum. Nulla tellus.');
insert into steps (steps_id, step_description) values (376, 'Sed sagittis. Nam congue, risus semper porta volutpat, quam pede lobortis ligula, sit amet eleifend pede libero quis orci. Nullam molestie nibh in lectus.');
insert into steps (steps_id, step_description) values (377, 'Fusce posuere felis sed lacus. Morbi sem mauris, laoreet ut, rhoncus aliquet, pulvinar sed, nisl. Nunc rhoncus dui vel sem.');
insert into steps (steps_id, step_description) values (378, 'Praesent blandit. Nam nulla. Integer pede justo, lacinia eget, tincidunt eget, tempus vel, pede.');
insert into steps (steps_id, step_description) values (379, 'In quis justo. Maecenas rhoncus aliquam lacus. Morbi quis tortor id nulla ultrices aliquet.');
insert into steps (steps_id, step_description) values (380, 'Proin interdum mauris non ligula pellentesque ultrices. Phasellus id sapien in sapien iaculis congue. Vivamus metus arcu, adipiscing molestie, hendrerit at, vulputate vitae, nisl.');
insert into steps (steps_id, step_description) values (381, 'Proin leo odio, porttitor id, consequat in, consequat ut, nulla. Sed accumsan felis. Ut at dolor quis odio consequat varius.');
insert into steps (steps_id, step_description) values (382, 'Fusce consequat. Nulla nisl. Nunc nisl.');
insert into steps (steps_id, step_description) values (383, 'Duis aliquam convallis nunc. Proin at turpis a pede posuere nonummy. Integer non velit.');
insert into steps (steps_id, step_description) values (384, 'Vestibulum quam sapien, varius ut, blandit non, interdum in, ante. Vestibulum ante ipsum primis in faucibus orci luctus et ultrices posuere cubilia Curae; Duis faucibus accumsan odio. Curabitur convallis.');
insert into steps (steps_id, step_description) values (385, 'Morbi porttitor lorem id ligula. Suspendisse ornare consequat lectus. In est risus, auctor sed, tristique in, tempus sit amet, sem.');
insert into steps (steps_id, step_description) values (386, 'Cum sociis natoque penatibus et magnis dis parturient montes, nascetur ridiculus mus. Vivamus vestibulum sagittis sapien. Cum sociis natoque penatibus et magnis dis parturient montes, nascetur ridiculus mus.');
insert into steps (steps_id, step_description) values (387, 'Maecenas leo odio, condimentum id, luctus nec, molestie sed, justo. Pellentesque viverra pede ac diam. Cras pellentesque volutpat dui.');
insert into steps (steps_id, step_description) values (388, 'Cum sociis natoque penatibus et magnis dis parturient montes, nascetur ridiculus mus. Vivamus vestibulum sagittis sapien. Cum sociis natoque penatibus et magnis dis parturient montes, nascetur ridiculus mus.');
insert into steps (steps_id, step_description) values (389, 'Cum sociis natoque penatibus et magnis dis parturient montes, nascetur ridiculus mus. Vivamus vestibulum sagittis sapien. Cum sociis natoque penatibus et magnis dis parturient montes, nascetur ridiculus mus.');
insert into steps (steps_id, step_description) values (390, 'In congue. Etiam justo. Etiam pretium iaculis justo.');
insert into steps (steps_id, step_description) values (391, 'Nam ultrices, libero non mattis pulvinar, nulla pede ullamcorper augue, a suscipit nulla elit ac nulla. Sed vel enim sit amet nunc viverra dapibus. Nulla suscipit ligula in lacus.');
insert into steps (steps_id, step_description) values (392, 'Suspendisse potenti. In eleifend quam a odio. In hac habitasse platea dictumst.');
insert into steps (steps_id, step_description) values (393, 'Suspendisse potenti. In eleifend quam a odio. In hac habitasse platea dictumst.');
insert into steps (steps_id, step_description) values (394, 'In hac habitasse platea dictumst. Morbi vestibulum, velit id pretium iaculis, diam erat fermentum justo, nec condimentum neque sapien placerat ante. Nulla justo.');
insert into steps (steps_id, step_description) values (395, 'In congue. Etiam justo. Etiam pretium iaculis justo.');
insert into steps (steps_id, step_description) values (396, 'Integer ac leo. Pellentesque ultrices mattis odio. Donec vitae nisi.');
insert into steps (steps_id, step_description) values (397, 'Cras mi pede, malesuada in, imperdiet et, commodo vulputate, justo. In blandit ultrices enim. Lorem ipsum dolor sit amet, consectetuer adipiscing elit.');
insert into steps (steps_id, step_description) values (398, 'In hac habitasse platea dictumst. Morbi vestibulum, velit id pretium iaculis, diam erat fermentum justo, nec condimentum neque sapien placerat ante. Nulla justo.');
insert into steps (steps_id, step_description) values (399, 'Maecenas leo odio, condimentum id, luctus nec, molestie sed, justo. Pellentesque viverra pede ac diam. Cras pellentesque volutpat dui.');
insert into steps (steps_id, step_description) values (400, 'Proin leo odio, porttitor id, consequat in, consequat ut, nulla. Sed accumsan felis. Ut at dolor quis odio consequat varius.');
insert into steps (steps_id, step_description) values (401, 'Morbi porttitor lorem id ligula. Suspendisse ornare consequat lectus. In est risus, auctor sed, tristique in, tempus sit amet, sem.');
insert into steps (steps_id, step_description) values (402, 'Morbi non lectus. Aliquam sit amet diam in magna bibendum imperdiet. Nullam orci pede, venenatis non, sodales sed, tincidunt eu, felis.');
insert into steps (steps_id, step_description) values (403, 'Proin eu mi. Nulla ac enim. In tempor, turpis nec euismod scelerisque, quam turpis adipiscing lorem, vitae mattis nibh ligula nec sem.');
insert into steps (steps_id, step_description) values (404, 'Duis consequat dui nec nisi volutpat eleifend. Donec ut dolor. Morbi vel lectus in quam fringilla rhoncus.');
insert into steps (steps_id, step_description) values (405, 'Proin eu mi. Nulla ac enim. In tempor, turpis nec euismod scelerisque, quam turpis adipiscing lorem, vitae mattis nibh ligula nec sem.');
insert into steps (steps_id, step_description) values (406, 'Phasellus sit amet erat. Nulla tempus. Vivamus in felis eu sapien cursus vestibulum.');
insert into steps (steps_id, step_description) values (407, 'Aliquam quis turpis eget elit sodales scelerisque. Mauris sit amet eros. Suspendisse accumsan tortor quis turpis.');
insert into steps (steps_id, step_description) values (408, 'Morbi porttitor lorem id ligula. Suspendisse ornare consequat lectus. In est risus, auctor sed, tristique in, tempus sit amet, sem.');
insert into steps (steps_id, step_description) values (409, 'Fusce posuere felis sed lacus. Morbi sem mauris, laoreet ut, rhoncus aliquet, pulvinar sed, nisl. Nunc rhoncus dui vel sem.');
insert into steps (steps_id, step_description) values (410, 'Duis consequat dui nec nisi volutpat eleifend. Donec ut dolor. Morbi vel lectus in quam fringilla rhoncus.');
insert into steps (steps_id, step_description) values (411, 'Praesent id massa id nisl venenatis lacinia. Aenean sit amet justo. Morbi ut odio.');
insert into steps (steps_id, step_description) values (412, 'Sed sagittis. Nam congue, risus semper porta volutpat, quam pede lobortis ligula, sit amet eleifend pede libero quis orci. Nullam molestie nibh in lectus.');
insert into steps (steps_id, step_description) values (413, 'Curabitur gravida nisi at nibh. In hac habitasse platea dictumst. Aliquam augue quam, sollicitudin vitae, consectetuer eget, rutrum at, lorem.');
insert into steps (steps_id, step_description) values (414, 'Phasellus in felis. Donec semper sapien a libero. Nam dui.');
insert into steps (steps_id, step_description) values (415, 'Suspendisse potenti. In eleifend quam a odio. In hac habitasse platea dictumst.');
insert into steps (steps_id, step_description) values (416, 'Duis bibendum. Morbi non quam nec dui luctus rutrum. Nulla tellus.');
insert into steps (steps_id, step_description) values (417, 'Integer tincidunt ante vel ipsum. Praesent blandit lacinia erat. Vestibulum sed magna at nunc commodo placerat.');
insert into steps (steps_id, step_description) values (418, 'Aliquam quis turpis eget elit sodales scelerisque. Mauris sit amet eros. Suspendisse accumsan tortor quis turpis.');
insert into steps (steps_id, step_description) values (419, 'In quis justo. Maecenas rhoncus aliquam lacus. Morbi quis tortor id nulla ultrices aliquet.');
insert into steps (steps_id, step_description) values (420, 'Integer ac leo. Pellentesque ultrices mattis odio. Donec vitae nisi.');
insert into steps (steps_id, step_description) values (421, 'Maecenas tristique, est et tempus semper, est quam pharetra magna, ac consequat metus sapien ut nunc. Vestibulum ante ipsum primis in faucibus orci luctus et ultrices posuere cubilia Curae; Mauris viverra diam vitae quam. Suspendisse potenti.');
insert into steps (steps_id, step_description) values (422, 'Morbi porttitor lorem id ligula. Suspendisse ornare consequat lectus. In est risus, auctor sed, tristique in, tempus sit amet, sem.');
insert into steps (steps_id, step_description) values (423, 'Duis bibendum. Morbi non quam nec dui luctus rutrum. Nulla tellus.');
insert into steps (steps_id, step_description) values (424, 'Nullam sit amet turpis elementum ligula vehicula consequat. Morbi a ipsum. Integer a nibh.');
insert into steps (steps_id, step_description) values (425, 'In congue. Etiam justo. Etiam pretium iaculis justo.');
insert into steps (steps_id, step_description) values (426, 'Duis consequat dui nec nisi volutpat eleifend. Donec ut dolor. Morbi vel lectus in quam fringilla rhoncus.');
insert into steps (steps_id, step_description) values (427, 'In hac habitasse platea dictumst. Morbi vestibulum, velit id pretium iaculis, diam erat fermentum justo, nec condimentum neque sapien placerat ante. Nulla justo.');
insert into steps (steps_id, step_description) values (428, 'Duis bibendum, felis sed interdum venenatis, turpis enim blandit mi, in porttitor pede justo eu massa. Donec dapibus. Duis at velit eu est congue elementum.');
insert into steps (steps_id, step_description) values (429, 'Praesent id massa id nisl venenatis lacinia. Aenean sit amet justo. Morbi ut odio.');
insert into steps (steps_id, step_description) values (430, 'Morbi non lectus. Aliquam sit amet diam in magna bibendum imperdiet. Nullam orci pede, venenatis non, sodales sed, tincidunt eu, felis.');
insert into steps (steps_id, step_description) values (431, 'Duis consequat dui nec nisi volutpat eleifend. Donec ut dolor. Morbi vel lectus in quam fringilla rhoncus.');
insert into steps (steps_id, step_description) values (432, 'Aenean lectus. Pellentesque eget nunc. Donec quis orci eget orci vehicula condimentum.');
insert into steps (steps_id, step_description) values (433, 'Duis bibendum. Morbi non quam nec dui luctus rutrum. Nulla tellus.');
insert into steps (steps_id, step_description) values (434, 'Curabitur in libero ut massa volutpat convallis. Morbi odio odio, elementum eu, interdum eu, tincidunt in, leo. Maecenas pulvinar lobortis est.');
insert into steps (steps_id, step_description) values (435, 'Proin eu mi. Nulla ac enim. In tempor, turpis nec euismod scelerisque, quam turpis adipiscing lorem, vitae mattis nibh ligula nec sem.');
insert into steps (steps_id, step_description) values (436, 'Maecenas leo odio, condimentum id, luctus nec, molestie sed, justo. Pellentesque viverra pede ac diam. Cras pellentesque volutpat dui.');
insert into steps (steps_id, step_description) values (437, 'Nulla ut erat id mauris vulputate elementum. Nullam varius. Nulla facilisi.');
insert into steps (steps_id, step_description) values (438, 'Cras non velit nec nisi vulputate nonummy. Maecenas tincidunt lacus at velit. Vivamus vel nulla eget eros elementum pellentesque.');
insert into steps (steps_id, step_description) values (439, 'Donec diam neque, vestibulum eget, vulputate ut, ultrices vel, augue. Vestibulum ante ipsum primis in faucibus orci luctus et ultrices posuere cubilia Curae; Donec pharetra, magna vestibulum aliquet ultrices, erat tortor sollicitudin mi, sit amet lobortis sapien sapien non mi. Integer ac neque.');
insert into steps (steps_id, step_description) values (440, 'In sagittis dui vel nisl. Duis ac nibh. Fusce lacus purus, aliquet at, feugiat non, pretium quis, lectus.');
insert into steps (steps_id, step_description) values (441, 'Morbi porttitor lorem id ligula. Suspendisse ornare consequat lectus. In est risus, auctor sed, tristique in, tempus sit amet, sem.');
insert into steps (steps_id, step_description) values (442, 'Proin interdum mauris non ligula pellentesque ultrices. Phasellus id sapien in sapien iaculis congue. Vivamus metus arcu, adipiscing molestie, hendrerit at, vulputate vitae, nisl.');
insert into steps (steps_id, step_description) values (443, 'Morbi porttitor lorem id ligula. Suspendisse ornare consequat lectus. In est risus, auctor sed, tristique in, tempus sit amet, sem.');
insert into steps (steps_id, step_description) values (444, 'Cras mi pede, malesuada in, imperdiet et, commodo vulputate, justo. In blandit ultrices enim. Lorem ipsum dolor sit amet, consectetuer adipiscing elit.');
insert into steps (steps_id, step_description) values (445, 'Curabitur at ipsum ac tellus semper interdum. Mauris ullamcorper purus sit amet nulla. Quisque arcu libero, rutrum ac, lobortis vel, dapibus at, diam.');
insert into steps (steps_id, step_description) values (446, 'Phasellus sit amet erat. Nulla tempus. Vivamus in felis eu sapien cursus vestibulum.');
insert into steps (steps_id, step_description) values (447, 'Nullam sit amet turpis elementum ligula vehicula consequat. Morbi a ipsum. Integer a nibh.');
insert into steps (steps_id, step_description) values (448, 'Curabitur in libero ut massa volutpat convallis. Morbi odio odio, elementum eu, interdum eu, tincidunt in, leo. Maecenas pulvinar lobortis est.');
insert into steps (steps_id, step_description) values (449, 'Praesent blandit. Nam nulla. Integer pede justo, lacinia eget, tincidunt eget, tempus vel, pede.');
insert into steps (steps_id, step_description) values (450, 'Fusce consequat. Nulla nisl. Nunc nisl.');
insert into steps (steps_id, step_description) values (451, 'Curabitur in libero ut massa volutpat convallis. Morbi odio odio, elementum eu, interdum eu, tincidunt in, leo. Maecenas pulvinar lobortis est.');
insert into steps (steps_id, step_description) values (452, 'Vestibulum ac est lacinia nisi venenatis tristique. Fusce congue, diam id ornare imperdiet, sapien urna pretium nisl, ut volutpat sapien arcu sed augue. Aliquam erat volutpat.');
insert into steps (steps_id, step_description) values (453, 'In congue. Etiam justo. Etiam pretium iaculis justo.');
insert into steps (steps_id, step_description) values (454, 'Duis bibendum. Morbi non quam nec dui luctus rutrum. Nulla tellus.');
insert into steps (steps_id, step_description) values (455, 'Cum sociis natoque penatibus et magnis dis parturient montes, nascetur ridiculus mus. Vivamus vestibulum sagittis sapien. Cum sociis natoque penatibus et magnis dis parturient montes, nascetur ridiculus mus.');
insert into steps (steps_id, step_description) values (456, 'Duis consequat dui nec nisi volutpat eleifend. Donec ut dolor. Morbi vel lectus in quam fringilla rhoncus.');
insert into steps (steps_id, step_description) values (457, 'Proin eu mi. Nulla ac enim. In tempor, turpis nec euismod scelerisque, quam turpis adipiscing lorem, vitae mattis nibh ligula nec sem.');
insert into steps (steps_id, step_description) values (458, 'Duis consequat dui nec nisi volutpat eleifend. Donec ut dolor. Morbi vel lectus in quam fringilla rhoncus.');
insert into steps (steps_id, step_description) values (459, 'Duis consequat dui nec nisi volutpat eleifend. Donec ut dolor. Morbi vel lectus in quam fringilla rhoncus.');
insert into steps (steps_id, step_description) values (460, 'Mauris enim leo, rhoncus sed, vestibulum sit amet, cursus id, turpis. Integer aliquet, massa id lobortis convallis, tortor risus dapibus augue, vel accumsan tellus nisi eu orci. Mauris lacinia sapien quis libero.');
insert into steps (steps_id, step_description) values (461, 'Pellentesque at nulla. Suspendisse potenti. Cras in purus eu magna vulputate luctus.');
insert into steps (steps_id, step_description) values (462, 'In sagittis dui vel nisl. Duis ac nibh. Fusce lacus purus, aliquet at, feugiat non, pretium quis, lectus.');
insert into steps (steps_id, step_description) values (463, 'In hac habitasse platea dictumst. Etiam faucibus cursus urna. Ut tellus.');
insert into steps (steps_id, step_description) values (464, 'Cras mi pede, malesuada in, imperdiet et, commodo vulputate, justo. In blandit ultrices enim. Lorem ipsum dolor sit amet, consectetuer adipiscing elit.');
insert into steps (steps_id, step_description) values (465, 'Duis consequat dui nec nisi volutpat eleifend. Donec ut dolor. Morbi vel lectus in quam fringilla rhoncus.');
insert into steps (steps_id, step_description) values (466, 'Morbi porttitor lorem id ligula. Suspendisse ornare consequat lectus. In est risus, auctor sed, tristique in, tempus sit amet, sem.');
insert into steps (steps_id, step_description) values (467, 'Suspendisse potenti. In eleifend quam a odio. In hac habitasse platea dictumst.');
insert into steps (steps_id, step_description) values (468, 'Duis bibendum, felis sed interdum venenatis, turpis enim blandit mi, in porttitor pede justo eu massa. Donec dapibus. Duis at velit eu est congue elementum.');
insert into steps (steps_id, step_description) values (469, 'Suspendisse potenti. In eleifend quam a odio. In hac habitasse platea dictumst.');
insert into steps (steps_id, step_description) values (470, 'In congue. Etiam justo. Etiam pretium iaculis justo.');
insert into steps (steps_id, step_description) values (471, 'In hac habitasse platea dictumst. Etiam faucibus cursus urna. Ut tellus.');
insert into steps (steps_id, step_description) values (472, 'In congue. Etiam justo. Etiam pretium iaculis justo.');
insert into steps (steps_id, step_description) values (473, 'Duis consequat dui nec nisi volutpat eleifend. Donec ut dolor. Morbi vel lectus in quam fringilla rhoncus.');
insert into steps (steps_id, step_description) values (474, 'In hac habitasse platea dictumst. Morbi vestibulum, velit id pretium iaculis, diam erat fermentum justo, nec condimentum neque sapien placerat ante. Nulla justo.');
insert into steps (steps_id, step_description) values (475, 'Curabitur at ipsum ac tellus semper interdum. Mauris ullamcorper purus sit amet nulla. Quisque arcu libero, rutrum ac, lobortis vel, dapibus at, diam.');
insert into steps (steps_id, step_description) values (476, 'Fusce consequat. Nulla nisl. Nunc nisl.');
insert into steps (steps_id, step_description) values (477, 'Nullam porttitor lacus at turpis. Donec posuere metus vitae ipsum. Aliquam non mauris.');
insert into steps (steps_id, step_description) values (478, 'Maecenas tristique, est et tempus semper, est quam pharetra magna, ac consequat metus sapien ut nunc. Vestibulum ante ipsum primis in faucibus orci luctus et ultrices posuere cubilia Curae; Mauris viverra diam vitae quam. Suspendisse potenti.');
insert into steps (steps_id, step_description) values (479, 'Nulla ut erat id mauris vulputate elementum. Nullam varius. Nulla facilisi.');
insert into steps (steps_id, step_description) values (480, 'Aenean fermentum. Donec ut mauris eget massa tempor convallis. Nulla neque libero, convallis eget, eleifend luctus, ultricies eu, nibh.');
insert into steps (steps_id, step_description) values (481, 'Maecenas tristique, est et tempus semper, est quam pharetra magna, ac consequat metus sapien ut nunc. Vestibulum ante ipsum primis in faucibus orci luctus et ultrices posuere cubilia Curae; Mauris viverra diam vitae quam. Suspendisse potenti.');
insert into steps (steps_id, step_description) values (482, 'Maecenas leo odio, condimentum id, luctus nec, molestie sed, justo. Pellentesque viverra pede ac diam. Cras pellentesque volutpat dui.');
insert into steps (steps_id, step_description) values (483, 'Cum sociis natoque penatibus et magnis dis parturient montes, nascetur ridiculus mus. Vivamus vestibulum sagittis sapien. Cum sociis natoque penatibus et magnis dis parturient montes, nascetur ridiculus mus.');
insert into steps (steps_id, step_description) values (484, 'Vestibulum ac est lacinia nisi venenatis tristique. Fusce congue, diam id ornare imperdiet, sapien urna pretium nisl, ut volutpat sapien arcu sed augue. Aliquam erat volutpat.');
insert into steps (steps_id, step_description) values (485, 'In congue. Etiam justo. Etiam pretium iaculis justo.');
insert into steps (steps_id, step_description) values (486, 'Aenean fermentum. Donec ut mauris eget massa tempor convallis. Nulla neque libero, convallis eget, eleifend luctus, ultricies eu, nibh.');
insert into steps (steps_id, step_description) values (487, 'Duis consequat dui nec nisi volutpat eleifend. Donec ut dolor. Morbi vel lectus in quam fringilla rhoncus.');
insert into steps (steps_id, step_description) values (488, 'Phasellus in felis. Donec semper sapien a libero. Nam dui.');
insert into steps (steps_id, step_description) values (489, 'Maecenas tristique, est et tempus semper, est quam pharetra magna, ac consequat metus sapien ut nunc. Vestibulum ante ipsum primis in faucibus orci luctus et ultrices posuere cubilia Curae; Mauris viverra diam vitae quam. Suspendisse potenti.');
insert into steps (steps_id, step_description) values (490, 'Curabitur gravida nisi at nibh. In hac habitasse platea dictumst. Aliquam augue quam, sollicitudin vitae, consectetuer eget, rutrum at, lorem.');
insert into steps (steps_id, step_description) values (491, 'In quis justo. Maecenas rhoncus aliquam lacus. Morbi quis tortor id nulla ultrices aliquet.');
insert into steps (steps_id, step_description) values (492, 'Maecenas ut massa quis augue luctus tincidunt. Nulla mollis molestie lorem. Quisque ut erat.');
insert into steps (steps_id, step_description) values (493, 'Integer tincidunt ante vel ipsum. Praesent blandit lacinia erat. Vestibulum sed magna at nunc commodo placerat.');
insert into steps (steps_id, step_description) values (494, 'Sed ante. Vivamus tortor. Duis mattis egestas metus.');
insert into steps (steps_id, step_description) values (495, 'Duis aliquam convallis nunc. Proin at turpis a pede posuere nonummy. Integer non velit.');
insert into steps (steps_id, step_description) values (496, 'Vestibulum ac est lacinia nisi venenatis tristique. Fusce congue, diam id ornare imperdiet, sapien urna pretium nisl, ut volutpat sapien arcu sed augue. Aliquam erat volutpat.');
insert into steps (steps_id, step_description) values (497, 'Curabitur gravida nisi at nibh. In hac habitasse platea dictumst. Aliquam augue quam, sollicitudin vitae, consectetuer eget, rutrum at, lorem.');
insert into steps (steps_id, step_description) values (498, 'Proin eu mi. Nulla ac enim. In tempor, turpis nec euismod scelerisque, quam turpis adipiscing lorem, vitae mattis nibh ligula nec sem.');
insert into steps (steps_id, step_description) values (499, 'In quis justo. Maecenas rhoncus aliquam lacus. Morbi quis tortor id nulla ultrices aliquet.');
insert into steps (steps_id, step_description) values (500, 'Phasellus in felis. Donec semper sapien a libero. Nam dui.');


insert into equipment_of_step (step_id, equipment_id) values (1, 53);
insert into equipment_of_step (step_id, equipment_id) values (2, 79);
insert into equipment_of_step (step_id, equipment_id) values (3, 18);
insert into equipment_of_step (step_id, equipment_id) values (4, 9);
insert into equipment_of_step (step_id, equipment_id) values (5, 16);
insert into equipment_of_step (step_id, equipment_id) values (6, 19);
insert into equipment_of_step (step_id, equipment_id) values (7, 52);
insert into equipment_of_step (step_id, equipment_id) values (8, 94);
insert into equipment_of_step (step_id, equipment_id) values (9, 58);
insert into equipment_of_step (step_id, equipment_id) values (10, 2);
insert into equipment_of_step (step_id, equipment_id) values (11, 76);
insert into equipment_of_step (step_id, equipment_id) values (12, 26);
insert into equipment_of_step (step_id, equipment_id) values (13, 16);
insert into equipment_of_step (step_id, equipment_id) values (14, 98);
insert into equipment_of_step (step_id, equipment_id) values (15, 68);
insert into equipment_of_step (step_id, equipment_id) values (16, 93);
insert into equipment_of_step (step_id, equipment_id) values (17, 16);
insert into equipment_of_step (step_id, equipment_id) values (18, 58);
insert into equipment_of_step (step_id, equipment_id) values (19, 35);
insert into equipment_of_step (step_id, equipment_id) values (20, 83);
insert into equipment_of_step (step_id, equipment_id) values (21, 91);
insert into equipment_of_step (step_id, equipment_id) values (22, 18);
insert into equipment_of_step (step_id, equipment_id) values (23, 90);
insert into equipment_of_step (step_id, equipment_id) values (24, 92);
insert into equipment_of_step (step_id, equipment_id) values (25, 22);
insert into equipment_of_step (step_id, equipment_id) values (26, 20);
insert into equipment_of_step (step_id, equipment_id) values (27, 2);
insert into equipment_of_step (step_id, equipment_id) values (28, 69);
insert into equipment_of_step (step_id, equipment_id) values (29, 31);
insert into equipment_of_step (step_id, equipment_id) values (30, 36);
insert into equipment_of_step (step_id, equipment_id) values (31, 100);
insert into equipment_of_step (step_id, equipment_id) values (32, 64);
insert into equipment_of_step (step_id, equipment_id) values (33, 23);
insert into equipment_of_step (step_id, equipment_id) values (34, 3);
insert into equipment_of_step (step_id, equipment_id) values (35, 65);
insert into equipment_of_step (step_id, equipment_id) values (36, 21);
insert into equipment_of_step (step_id, equipment_id) values (37, 67);
insert into equipment_of_step (step_id, equipment_id) values (38, 98);
insert into equipment_of_step (step_id, equipment_id) values (39, 95);
insert into equipment_of_step (step_id, equipment_id) values (40, 54);
insert into equipment_of_step (step_id, equipment_id) values (41, 75);
insert into equipment_of_step (step_id, equipment_id) values (42, 99);
insert into equipment_of_step (step_id, equipment_id) values (43, 69);
insert into equipment_of_step (step_id, equipment_id) values (44, 75);
insert into equipment_of_step (step_id, equipment_id) values (45, 41);
insert into equipment_of_step (step_id, equipment_id) values (46, 82);
insert into equipment_of_step (step_id, equipment_id) values (47, 53);
insert into equipment_of_step (step_id, equipment_id) values (48, 88);
insert into equipment_of_step (step_id, equipment_id) values (49, 70);
insert into equipment_of_step (step_id, equipment_id) values (50, 28);
insert into equipment_of_step (step_id, equipment_id) values (51, 31);
insert into equipment_of_step (step_id, equipment_id) values (52, 43);
insert into equipment_of_step (step_id, equipment_id) values (53, 19);
insert into equipment_of_step (step_id, equipment_id) values (54, 57);
insert into equipment_of_step (step_id, equipment_id) values (55, 50);
insert into equipment_of_step (step_id, equipment_id) values (56, 98);
insert into equipment_of_step (step_id, equipment_id) values (57, 69);
insert into equipment_of_step (step_id, equipment_id) values (58, 81);
insert into equipment_of_step (step_id, equipment_id) values (59, 20);
insert into equipment_of_step (step_id, equipment_id) values (60, 23);
insert into equipment_of_step (step_id, equipment_id) values (61, 1);
insert into equipment_of_step (step_id, equipment_id) values (62, 75);
insert into equipment_of_step (step_id, equipment_id) values (63, 57);
insert into equipment_of_step (step_id, equipment_id) values (64, 1);
insert into equipment_of_step (step_id, equipment_id) values (65, 10);
insert into equipment_of_step (step_id, equipment_id) values (66, 22);
insert into equipment_of_step (step_id, equipment_id) values (67, 83);
insert into equipment_of_step (step_id, equipment_id) values (68, 32);
insert into equipment_of_step (step_id, equipment_id) values (69, 61);
insert into equipment_of_step (step_id, equipment_id) values (70, 39);
insert into equipment_of_step (step_id, equipment_id) values (71, 33);
insert into equipment_of_step (step_id, equipment_id) values (72, 94);
insert into equipment_of_step (step_id, equipment_id) values (73, 50);
insert into equipment_of_step (step_id, equipment_id) values (74, 51);
insert into equipment_of_step (step_id, equipment_id) values (75, 91);
insert into equipment_of_step (step_id, equipment_id) values (76, 61);
insert into equipment_of_step (step_id, equipment_id) values (77, 76);
insert into equipment_of_step (step_id, equipment_id) values (78, 48);
insert into equipment_of_step (step_id, equipment_id) values (79, 48);
insert into equipment_of_step (step_id, equipment_id) values (80, 11);
insert into equipment_of_step (step_id, equipment_id) values (81, 89);
insert into equipment_of_step (step_id, equipment_id) values (82, 95);
insert into equipment_of_step (step_id, equipment_id) values (83, 50);
insert into equipment_of_step (step_id, equipment_id) values (84, 39);
insert into equipment_of_step (step_id, equipment_id) values (85, 83);
insert into equipment_of_step (step_id, equipment_id) values (86, 92);
insert into equipment_of_step (step_id, equipment_id) values (87, 61);
insert into equipment_of_step (step_id, equipment_id) values (88, 39);
insert into equipment_of_step (step_id, equipment_id) values (89, 44);
insert into equipment_of_step (step_id, equipment_id) values (90, 100);
insert into equipment_of_step (step_id, equipment_id) values (91, 94);
insert into equipment_of_step (step_id, equipment_id) values (92, 92);
insert into equipment_of_step (step_id, equipment_id) values (93, 51);
insert into equipment_of_step (step_id, equipment_id) values (94, 24);
insert into equipment_of_step (step_id, equipment_id) values (95, 81);
insert into equipment_of_step (step_id, equipment_id) values (96, 47);
insert into equipment_of_step (step_id, equipment_id) values (97, 88);
insert into equipment_of_step (step_id, equipment_id) values (98, 86);
insert into equipment_of_step (step_id, equipment_id) values (99, 81);
insert into equipment_of_step (step_id, equipment_id) values (100, 53);
insert into equipment_of_step (step_id, equipment_id) values (101, 59);
insert into equipment_of_step (step_id, equipment_id) values (102, 34);
insert into equipment_of_step (step_id, equipment_id) values (103, 31);
insert into equipment_of_step (step_id, equipment_id) values (104, 65);
insert into equipment_of_step (step_id, equipment_id) values (105, 48);
insert into equipment_of_step (step_id, equipment_id) values (106, 47);
insert into equipment_of_step (step_id, equipment_id) values (107, 27);
insert into equipment_of_step (step_id, equipment_id) values (108, 4);
insert into equipment_of_step (step_id, equipment_id) values (109, 5);
insert into equipment_of_step (step_id, equipment_id) values (110, 90);
insert into equipment_of_step (step_id, equipment_id) values (111, 56);
insert into equipment_of_step (step_id, equipment_id) values (112, 74);
insert into equipment_of_step (step_id, equipment_id) values (113, 15);
insert into equipment_of_step (step_id, equipment_id) values (114, 9);
insert into equipment_of_step (step_id, equipment_id) values (115, 13);
insert into equipment_of_step (step_id, equipment_id) values (116, 5);
insert into equipment_of_step (step_id, equipment_id) values (117, 41);
insert into equipment_of_step (step_id, equipment_id) values (118, 95);
insert into equipment_of_step (step_id, equipment_id) values (119, 1);
insert into equipment_of_step (step_id, equipment_id) values (120, 38);
insert into equipment_of_step (step_id, equipment_id) values (121, 10);
insert into equipment_of_step (step_id, equipment_id) values (122, 23);
insert into equipment_of_step (step_id, equipment_id) values (123, 91);
insert into equipment_of_step (step_id, equipment_id) values (124, 96);
insert into equipment_of_step (step_id, equipment_id) values (125, 96);
insert into equipment_of_step (step_id, equipment_id) values (126, 27);
insert into equipment_of_step (step_id, equipment_id) values (127, 54);
insert into equipment_of_step (step_id, equipment_id) values (128, 40);
insert into equipment_of_step (step_id, equipment_id) values (129, 32);
insert into equipment_of_step (step_id, equipment_id) values (130, 21);
insert into equipment_of_step (step_id, equipment_id) values (131, 5);
insert into equipment_of_step (step_id, equipment_id) values (132, 30);
insert into equipment_of_step (step_id, equipment_id) values (133, 90);
insert into equipment_of_step (step_id, equipment_id) values (134, 65);
insert into equipment_of_step (step_id, equipment_id) values (135, 46);
insert into equipment_of_step (step_id, equipment_id) values (136, 88);
insert into equipment_of_step (step_id, equipment_id) values (137, 2);
insert into equipment_of_step (step_id, equipment_id) values (138, 88);
insert into equipment_of_step (step_id, equipment_id) values (139, 54);
insert into equipment_of_step (step_id, equipment_id) values (140, 84);
insert into equipment_of_step (step_id, equipment_id) values (141, 74);
insert into equipment_of_step (step_id, equipment_id) values (142, 17);
insert into equipment_of_step (step_id, equipment_id) values (143, 9);
insert into equipment_of_step (step_id, equipment_id) values (144, 5);
insert into equipment_of_step (step_id, equipment_id) values (145, 24);
insert into equipment_of_step (step_id, equipment_id) values (146, 88);
insert into equipment_of_step (step_id, equipment_id) values (147, 14);
insert into equipment_of_step (step_id, equipment_id) values (148, 68);
insert into equipment_of_step (step_id, equipment_id) values (149, 56);
insert into equipment_of_step (step_id, equipment_id) values (150, 36);
insert into equipment_of_step (step_id, equipment_id) values (151, 55);
insert into equipment_of_step (step_id, equipment_id) values (152, 39);
insert into equipment_of_step (step_id, equipment_id) values (153, 10);
insert into equipment_of_step (step_id, equipment_id) values (154, 66);
insert into equipment_of_step (step_id, equipment_id) values (155, 76);
insert into equipment_of_step (step_id, equipment_id) values (156, 53);
insert into equipment_of_step (step_id, equipment_id) values (157, 33);
insert into equipment_of_step (step_id, equipment_id) values (158, 15);
insert into equipment_of_step (step_id, equipment_id) values (159, 70);
insert into equipment_of_step (step_id, equipment_id) values (160, 55);
insert into equipment_of_step (step_id, equipment_id) values (161, 81);
insert into equipment_of_step (step_id, equipment_id) values (162, 28);
insert into equipment_of_step (step_id, equipment_id) values (163, 75);
insert into equipment_of_step (step_id, equipment_id) values (164, 73);
insert into equipment_of_step (step_id, equipment_id) values (165, 59);
insert into equipment_of_step (step_id, equipment_id) values (166, 83);
insert into equipment_of_step (step_id, equipment_id) values (167, 1);
insert into equipment_of_step (step_id, equipment_id) values (168, 13);
insert into equipment_of_step (step_id, equipment_id) values (169, 10);
insert into equipment_of_step (step_id, equipment_id) values (170, 14);
insert into equipment_of_step (step_id, equipment_id) values (171, 22);
insert into equipment_of_step (step_id, equipment_id) values (172, 28);
insert into equipment_of_step (step_id, equipment_id) values (173, 92);
insert into equipment_of_step (step_id, equipment_id) values (174, 31);
insert into equipment_of_step (step_id, equipment_id) values (175, 73);
insert into equipment_of_step (step_id, equipment_id) values (176, 40);
insert into equipment_of_step (step_id, equipment_id) values (177, 53);
insert into equipment_of_step (step_id, equipment_id) values (178, 37);
insert into equipment_of_step (step_id, equipment_id) values (179, 65);
insert into equipment_of_step (step_id, equipment_id) values (180, 30);
insert into equipment_of_step (step_id, equipment_id) values (181, 57);
insert into equipment_of_step (step_id, equipment_id) values (182, 31);
insert into equipment_of_step (step_id, equipment_id) values (183, 39);
insert into equipment_of_step (step_id, equipment_id) values (184, 35);
insert into equipment_of_step (step_id, equipment_id) values (185, 2);
insert into equipment_of_step (step_id, equipment_id) values (186, 26);
insert into equipment_of_step (step_id, equipment_id) values (187, 12);
insert into equipment_of_step (step_id, equipment_id) values (188, 29);
insert into equipment_of_step (step_id, equipment_id) values (189, 72);
insert into equipment_of_step (step_id, equipment_id) values (190, 49);
insert into equipment_of_step (step_id, equipment_id) values (191, 25);
insert into equipment_of_step (step_id, equipment_id) values (192, 28);
insert into equipment_of_step (step_id, equipment_id) values (193, 5);
insert into equipment_of_step (step_id, equipment_id) values (194, 75);
insert into equipment_of_step (step_id, equipment_id) values (195, 26);
insert into equipment_of_step (step_id, equipment_id) values (196, 73);
insert into equipment_of_step (step_id, equipment_id) values (197, 32);
insert into equipment_of_step (step_id, equipment_id) values (198, 19);
insert into equipment_of_step (step_id, equipment_id) values (199, 16);
insert into equipment_of_step (step_id, equipment_id) values (200, 53);
insert into equipment_of_step (step_id, equipment_id) values (201, 90);
insert into equipment_of_step (step_id, equipment_id) values (202, 3);
insert into equipment_of_step (step_id, equipment_id) values (203, 82);
insert into equipment_of_step (step_id, equipment_id) values (204, 61);
insert into equipment_of_step (step_id, equipment_id) values (205, 79);
insert into equipment_of_step (step_id, equipment_id) values (206, 73);
insert into equipment_of_step (step_id, equipment_id) values (207, 57);
insert into equipment_of_step (step_id, equipment_id) values (208, 16);
insert into equipment_of_step (step_id, equipment_id) values (209, 19);
insert into equipment_of_step (step_id, equipment_id) values (210, 2);
insert into equipment_of_step (step_id, equipment_id) values (211, 74);
insert into equipment_of_step (step_id, equipment_id) values (212, 8);
insert into equipment_of_step (step_id, equipment_id) values (213, 92);
insert into equipment_of_step (step_id, equipment_id) values (214, 81);
insert into equipment_of_step (step_id, equipment_id) values (215, 66);
insert into equipment_of_step (step_id, equipment_id) values (216, 50);
insert into equipment_of_step (step_id, equipment_id) values (217, 97);
insert into equipment_of_step (step_id, equipment_id) values (218, 4);
insert into equipment_of_step (step_id, equipment_id) values (219, 36);
insert into equipment_of_step (step_id, equipment_id) values (220, 17);
insert into equipment_of_step (step_id, equipment_id) values (221, 65);
insert into equipment_of_step (step_id, equipment_id) values (222, 34);
insert into equipment_of_step (step_id, equipment_id) values (223, 32);
insert into equipment_of_step (step_id, equipment_id) values (224, 76);
insert into equipment_of_step (step_id, equipment_id) values (225, 56);
insert into equipment_of_step (step_id, equipment_id) values (226, 35);
insert into equipment_of_step (step_id, equipment_id) values (227, 85);
insert into equipment_of_step (step_id, equipment_id) values (228, 2);
insert into equipment_of_step (step_id, equipment_id) values (229, 77);
insert into equipment_of_step (step_id, equipment_id) values (230, 42);
insert into equipment_of_step (step_id, equipment_id) values (231, 87);
insert into equipment_of_step (step_id, equipment_id) values (232, 37);
insert into equipment_of_step (step_id, equipment_id) values (233, 84);
insert into equipment_of_step (step_id, equipment_id) values (234, 79);
insert into equipment_of_step (step_id, equipment_id) values (235, 62);
insert into equipment_of_step (step_id, equipment_id) values (236, 15);
insert into equipment_of_step (step_id, equipment_id) values (237, 4);
insert into equipment_of_step (step_id, equipment_id) values (238, 38);
insert into equipment_of_step (step_id, equipment_id) values (239, 90);
insert into equipment_of_step (step_id, equipment_id) values (240, 57);
insert into equipment_of_step (step_id, equipment_id) values (241, 76);
insert into equipment_of_step (step_id, equipment_id) values (242, 33);
insert into equipment_of_step (step_id, equipment_id) values (243, 37);
insert into equipment_of_step (step_id, equipment_id) values (244, 35);
insert into equipment_of_step (step_id, equipment_id) values (245, 60);
insert into equipment_of_step (step_id, equipment_id) values (246, 16);
insert into equipment_of_step (step_id, equipment_id) values (247, 19);
insert into equipment_of_step (step_id, equipment_id) values (248, 56);
insert into equipment_of_step (step_id, equipment_id) values (249, 89);
insert into equipment_of_step (step_id, equipment_id) values (250, 92);
insert into equipment_of_step (step_id, equipment_id) values (251, 5);
insert into equipment_of_step (step_id, equipment_id) values (252, 56);
insert into equipment_of_step (step_id, equipment_id) values (253, 22);
insert into equipment_of_step (step_id, equipment_id) values (254, 94);
insert into equipment_of_step (step_id, equipment_id) values (255, 15);
insert into equipment_of_step (step_id, equipment_id) values (256, 12);
insert into equipment_of_step (step_id, equipment_id) values (257, 16);
insert into equipment_of_step (step_id, equipment_id) values (258, 54);
insert into equipment_of_step (step_id, equipment_id) values (259, 93);
insert into equipment_of_step (step_id, equipment_id) values (260, 37);
insert into equipment_of_step (step_id, equipment_id) values (261, 70);
insert into equipment_of_step (step_id, equipment_id) values (262, 63);
insert into equipment_of_step (step_id, equipment_id) values (263, 15);
insert into equipment_of_step (step_id, equipment_id) values (264, 93);
insert into equipment_of_step (step_id, equipment_id) values (265, 71);
insert into equipment_of_step (step_id, equipment_id) values (266, 39);
insert into equipment_of_step (step_id, equipment_id) values (267, 30);
insert into equipment_of_step (step_id, equipment_id) values (268, 18);
insert into equipment_of_step (step_id, equipment_id) values (269, 85);
insert into equipment_of_step (step_id, equipment_id) values (270, 28);
insert into equipment_of_step (step_id, equipment_id) values (271, 68);
insert into equipment_of_step (step_id, equipment_id) values (272, 67);
insert into equipment_of_step (step_id, equipment_id) values (273, 64);
insert into equipment_of_step (step_id, equipment_id) values (274, 53);
insert into equipment_of_step (step_id, equipment_id) values (275, 64);
insert into equipment_of_step (step_id, equipment_id) values (276, 81);
insert into equipment_of_step (step_id, equipment_id) values (277, 64);
insert into equipment_of_step (step_id, equipment_id) values (278, 46);
insert into equipment_of_step (step_id, equipment_id) values (279, 95);
insert into equipment_of_step (step_id, equipment_id) values (280, 18);
insert into equipment_of_step (step_id, equipment_id) values (281, 7);
insert into equipment_of_step (step_id, equipment_id) values (282, 50);
insert into equipment_of_step (step_id, equipment_id) values (283, 97);
insert into equipment_of_step (step_id, equipment_id) values (284, 16);
insert into equipment_of_step (step_id, equipment_id) values (285, 37);
insert into equipment_of_step (step_id, equipment_id) values (286, 96);
insert into equipment_of_step (step_id, equipment_id) values (287, 29);
insert into equipment_of_step (step_id, equipment_id) values (288, 38);
insert into equipment_of_step (step_id, equipment_id) values (289, 42);
insert into equipment_of_step (step_id, equipment_id) values (290, 74);
insert into equipment_of_step (step_id, equipment_id) values (291, 35);
insert into equipment_of_step (step_id, equipment_id) values (292, 99);
insert into equipment_of_step (step_id, equipment_id) values (293, 70);
insert into equipment_of_step (step_id, equipment_id) values (294, 43);
insert into equipment_of_step (step_id, equipment_id) values (295, 76);
insert into equipment_of_step (step_id, equipment_id) values (296, 93);
insert into equipment_of_step (step_id, equipment_id) values (297, 42);
insert into equipment_of_step (step_id, equipment_id) values (298, 49);
insert into equipment_of_step (step_id, equipment_id) values (299, 74);
insert into equipment_of_step (step_id, equipment_id) values (300, 15);
insert into equipment_of_step (step_id, equipment_id) values (301, 56);
insert into equipment_of_step (step_id, equipment_id) values (302, 23);
insert into equipment_of_step (step_id, equipment_id) values (303, 40);
insert into equipment_of_step (step_id, equipment_id) values (304, 60);
insert into equipment_of_step (step_id, equipment_id) values (305, 86);
insert into equipment_of_step (step_id, equipment_id) values (306, 13);
insert into equipment_of_step (step_id, equipment_id) values (307, 99);
insert into equipment_of_step (step_id, equipment_id) values (308, 80);
insert into equipment_of_step (step_id, equipment_id) values (309, 43);
insert into equipment_of_step (step_id, equipment_id) values (310, 92);
insert into equipment_of_step (step_id, equipment_id) values (311, 72);
insert into equipment_of_step (step_id, equipment_id) values (312, 25);
insert into equipment_of_step (step_id, equipment_id) values (313, 64);
insert into equipment_of_step (step_id, equipment_id) values (314, 60);
insert into equipment_of_step (step_id, equipment_id) values (315, 90);
insert into equipment_of_step (step_id, equipment_id) values (316, 87);
insert into equipment_of_step (step_id, equipment_id) values (317, 83);
insert into equipment_of_step (step_id, equipment_id) values (318, 82);
insert into equipment_of_step (step_id, equipment_id) values (319, 23);
insert into equipment_of_step (step_id, equipment_id) values (320, 11);
insert into equipment_of_step (step_id, equipment_id) values (321, 27);
insert into equipment_of_step (step_id, equipment_id) values (322, 37);
insert into equipment_of_step (step_id, equipment_id) values (323, 8);
insert into equipment_of_step (step_id, equipment_id) values (324, 67);
insert into equipment_of_step (step_id, equipment_id) values (325, 78);
insert into equipment_of_step (step_id, equipment_id) values (326, 6);
insert into equipment_of_step (step_id, equipment_id) values (327, 39);
insert into equipment_of_step (step_id, equipment_id) values (328, 51);
insert into equipment_of_step (step_id, equipment_id) values (329, 58);
insert into equipment_of_step (step_id, equipment_id) values (330, 85);
insert into equipment_of_step (step_id, equipment_id) values (331, 40);
insert into equipment_of_step (step_id, equipment_id) values (332, 81);
insert into equipment_of_step (step_id, equipment_id) values (333, 17);
insert into equipment_of_step (step_id, equipment_id) values (334, 86);
insert into equipment_of_step (step_id, equipment_id) values (335, 58);
insert into equipment_of_step (step_id, equipment_id) values (336, 54);
insert into equipment_of_step (step_id, equipment_id) values (337, 56);
insert into equipment_of_step (step_id, equipment_id) values (338, 70);
insert into equipment_of_step (step_id, equipment_id) values (339, 55);
insert into equipment_of_step (step_id, equipment_id) values (340, 55);
insert into equipment_of_step (step_id, equipment_id) values (341, 74);
insert into equipment_of_step (step_id, equipment_id) values (342, 24);
insert into equipment_of_step (step_id, equipment_id) values (343, 43);
insert into equipment_of_step (step_id, equipment_id) values (344, 57);
insert into equipment_of_step (step_id, equipment_id) values (345, 82);
insert into equipment_of_step (step_id, equipment_id) values (346, 41);
insert into equipment_of_step (step_id, equipment_id) values (347, 44);
insert into equipment_of_step (step_id, equipment_id) values (348, 49);
insert into equipment_of_step (step_id, equipment_id) values (349, 57);
insert into equipment_of_step (step_id, equipment_id) values (350, 14);
insert into equipment_of_step (step_id, equipment_id) values (351, 18);
insert into equipment_of_step (step_id, equipment_id) values (352, 61);
insert into equipment_of_step (step_id, equipment_id) values (353, 99);
insert into equipment_of_step (step_id, equipment_id) values (354, 8);
insert into equipment_of_step (step_id, equipment_id) values (355, 36);
insert into equipment_of_step (step_id, equipment_id) values (356, 71);
insert into equipment_of_step (step_id, equipment_id) values (357, 10);
insert into equipment_of_step (step_id, equipment_id) values (358, 42);
insert into equipment_of_step (step_id, equipment_id) values (359, 61);
insert into equipment_of_step (step_id, equipment_id) values (360, 75);
insert into equipment_of_step (step_id, equipment_id) values (361, 4);
insert into equipment_of_step (step_id, equipment_id) values (362, 43);
insert into equipment_of_step (step_id, equipment_id) values (363, 85);
insert into equipment_of_step (step_id, equipment_id) values (364, 44);
insert into equipment_of_step (step_id, equipment_id) values (365, 7);
insert into equipment_of_step (step_id, equipment_id) values (366, 20);
insert into equipment_of_step (step_id, equipment_id) values (367, 59);
insert into equipment_of_step (step_id, equipment_id) values (368, 35);
insert into equipment_of_step (step_id, equipment_id) values (369, 52);
insert into equipment_of_step (step_id, equipment_id) values (370, 35);
insert into equipment_of_step (step_id, equipment_id) values (371, 61);
insert into equipment_of_step (step_id, equipment_id) values (372, 54);
insert into equipment_of_step (step_id, equipment_id) values (373, 57);
insert into equipment_of_step (step_id, equipment_id) values (374, 58);
insert into equipment_of_step (step_id, equipment_id) values (375, 35);
insert into equipment_of_step (step_id, equipment_id) values (376, 4);
insert into equipment_of_step (step_id, equipment_id) values (377, 59);
insert into equipment_of_step (step_id, equipment_id) values (378, 92);
insert into equipment_of_step (step_id, equipment_id) values (379, 36);
insert into equipment_of_step (step_id, equipment_id) values (380, 95);
insert into equipment_of_step (step_id, equipment_id) values (381, 9);
insert into equipment_of_step (step_id, equipment_id) values (382, 44);
insert into equipment_of_step (step_id, equipment_id) values (383, 24);
insert into equipment_of_step (step_id, equipment_id) values (384, 9);
insert into equipment_of_step (step_id, equipment_id) values (385, 78);
insert into equipment_of_step (step_id, equipment_id) values (386, 91);
insert into equipment_of_step (step_id, equipment_id) values (387, 84);
insert into equipment_of_step (step_id, equipment_id) values (388, 89);
insert into equipment_of_step (step_id, equipment_id) values (389, 66);
insert into equipment_of_step (step_id, equipment_id) values (390, 57);
insert into equipment_of_step (step_id, equipment_id) values (391, 74);
insert into equipment_of_step (step_id, equipment_id) values (392, 1);
insert into equipment_of_step (step_id, equipment_id) values (393, 44);
insert into equipment_of_step (step_id, equipment_id) values (394, 77);
insert into equipment_of_step (step_id, equipment_id) values (395, 43);
insert into equipment_of_step (step_id, equipment_id) values (396, 6);
insert into equipment_of_step (step_id, equipment_id) values (397, 43);
insert into equipment_of_step (step_id, equipment_id) values (398, 63);
insert into equipment_of_step (step_id, equipment_id) values (399, 95);
insert into equipment_of_step (step_id, equipment_id) values (400, 62);
insert into equipment_of_step (step_id, equipment_id) values (401, 47);
insert into equipment_of_step (step_id, equipment_id) values (402, 9);
insert into equipment_of_step (step_id, equipment_id) values (403, 83);
insert into equipment_of_step (step_id, equipment_id) values (404, 1);
insert into equipment_of_step (step_id, equipment_id) values (405, 98);
insert into equipment_of_step (step_id, equipment_id) values (406, 74);
insert into equipment_of_step (step_id, equipment_id) values (407, 87);
insert into equipment_of_step (step_id, equipment_id) values (408, 28);
insert into equipment_of_step (step_id, equipment_id) values (409, 100);
insert into equipment_of_step (step_id, equipment_id) values (410, 100);
insert into equipment_of_step (step_id, equipment_id) values (411, 73);
insert into equipment_of_step (step_id, equipment_id) values (412, 19);
insert into equipment_of_step (step_id, equipment_id) values (413, 83);
insert into equipment_of_step (step_id, equipment_id) values (414, 6);
insert into equipment_of_step (step_id, equipment_id) values (415, 86);
insert into equipment_of_step (step_id, equipment_id) values (416, 87);
insert into equipment_of_step (step_id, equipment_id) values (417, 34);
insert into equipment_of_step (step_id, equipment_id) values (418, 78);
insert into equipment_of_step (step_id, equipment_id) values (419, 96);
insert into equipment_of_step (step_id, equipment_id) values (420, 92);
insert into equipment_of_step (step_id, equipment_id) values (421, 31);
insert into equipment_of_step (step_id, equipment_id) values (422, 60);
insert into equipment_of_step (step_id, equipment_id) values (423, 68);
insert into equipment_of_step (step_id, equipment_id) values (424, 43);
insert into equipment_of_step (step_id, equipment_id) values (425, 48);
insert into equipment_of_step (step_id, equipment_id) values (426, 25);
insert into equipment_of_step (step_id, equipment_id) values (427, 76);
insert into equipment_of_step (step_id, equipment_id) values (428, 57);
insert into equipment_of_step (step_id, equipment_id) values (429, 42);
insert into equipment_of_step (step_id, equipment_id) values (430, 55);
insert into equipment_of_step (step_id, equipment_id) values (431, 48);
insert into equipment_of_step (step_id, equipment_id) values (432, 40);
insert into equipment_of_step (step_id, equipment_id) values (433, 47);
insert into equipment_of_step (step_id, equipment_id) values (434, 11);
insert into equipment_of_step (step_id, equipment_id) values (435, 9);
insert into equipment_of_step (step_id, equipment_id) values (436, 70);
insert into equipment_of_step (step_id, equipment_id) values (437, 28);
insert into equipment_of_step (step_id, equipment_id) values (438, 28);
insert into equipment_of_step (step_id, equipment_id) values (439, 29);
insert into equipment_of_step (step_id, equipment_id) values (440, 15);
insert into equipment_of_step (step_id, equipment_id) values (441, 14);
insert into equipment_of_step (step_id, equipment_id) values (442, 92);
insert into equipment_of_step (step_id, equipment_id) values (443, 100);
insert into equipment_of_step (step_id, equipment_id) values (444, 18);
insert into equipment_of_step (step_id, equipment_id) values (445, 65);
insert into equipment_of_step (step_id, equipment_id) values (446, 71);
insert into equipment_of_step (step_id, equipment_id) values (447, 69);
insert into equipment_of_step (step_id, equipment_id) values (448, 76);
insert into equipment_of_step (step_id, equipment_id) values (449, 36);
insert into equipment_of_step (step_id, equipment_id) values (450, 42);
insert into equipment_of_step (step_id, equipment_id) values (451, 32);
insert into equipment_of_step (step_id, equipment_id) values (452, 7);
insert into equipment_of_step (step_id, equipment_id) values (453, 50);
insert into equipment_of_step (step_id, equipment_id) values (454, 10);
insert into equipment_of_step (step_id, equipment_id) values (455, 72);
insert into equipment_of_step (step_id, equipment_id) values (456, 33);
insert into equipment_of_step (step_id, equipment_id) values (457, 71);
insert into equipment_of_step (step_id, equipment_id) values (458, 79);
insert into equipment_of_step (step_id, equipment_id) values (459, 22);
insert into equipment_of_step (step_id, equipment_id) values (460, 52);
insert into equipment_of_step (step_id, equipment_id) values (461, 28);
insert into equipment_of_step (step_id, equipment_id) values (462, 56);
insert into equipment_of_step (step_id, equipment_id) values (463, 47);
insert into equipment_of_step (step_id, equipment_id) values (464, 19);
insert into equipment_of_step (step_id, equipment_id) values (465, 2);
insert into equipment_of_step (step_id, equipment_id) values (466, 82);
insert into equipment_of_step (step_id, equipment_id) values (467, 70);
insert into equipment_of_step (step_id, equipment_id) values (468, 64);
insert into equipment_of_step (step_id, equipment_id) values (469, 39);
insert into equipment_of_step (step_id, equipment_id) values (470, 88);
insert into equipment_of_step (step_id, equipment_id) values (471, 10);
insert into equipment_of_step (step_id, equipment_id) values (472, 7);
insert into equipment_of_step (step_id, equipment_id) values (473, 74);
insert into equipment_of_step (step_id, equipment_id) values (474, 31);
insert into equipment_of_step (step_id, equipment_id) values (475, 74);
insert into equipment_of_step (step_id, equipment_id) values (476, 69);
insert into equipment_of_step (step_id, equipment_id) values (477, 10);
insert into equipment_of_step (step_id, equipment_id) values (478, 2);
insert into equipment_of_step (step_id, equipment_id) values (479, 88);
insert into equipment_of_step (step_id, equipment_id) values (480, 56);
insert into equipment_of_step (step_id, equipment_id) values (481, 85);
insert into equipment_of_step (step_id, equipment_id) values (482, 16);
insert into equipment_of_step (step_id, equipment_id) values (483, 95);
insert into equipment_of_step (step_id, equipment_id) values (484, 52);
insert into equipment_of_step (step_id, equipment_id) values (485, 41);
insert into equipment_of_step (step_id, equipment_id) values (486, 54);
insert into equipment_of_step (step_id, equipment_id) values (487, 79);
insert into equipment_of_step (step_id, equipment_id) values (488, 31);
insert into equipment_of_step (step_id, equipment_id) values (489, 60);
insert into equipment_of_step (step_id, equipment_id) values (490, 12);
insert into equipment_of_step (step_id, equipment_id) values (491, 52);
insert into equipment_of_step (step_id, equipment_id) values (492, 5);
insert into equipment_of_step (step_id, equipment_id) values (493, 63);
insert into equipment_of_step (step_id, equipment_id) values (494, 33);
insert into equipment_of_step (step_id, equipment_id) values (495, 89);
insert into equipment_of_step (step_id, equipment_id) values (496, 84);
insert into equipment_of_step (step_id, equipment_id) values (497, 94);
insert into equipment_of_step (step_id, equipment_id) values (498, 37);
insert into equipment_of_step (step_id, equipment_id) values (499, 30);
insert into equipment_of_step (step_id, equipment_id) values (500, 20);



insert into chefs_of_recipe (recipe_id, chef_id) values (14, 69);
insert into chefs_of_recipe (recipe_id, chef_id) values (1, 28);
insert into chefs_of_recipe (recipe_id, chef_id) values (2, 88);
insert into chefs_of_recipe (recipe_id, chef_id) values (3, 36);
insert into chefs_of_recipe (recipe_id, chef_id) values (6, 4);
insert into chefs_of_recipe (recipe_id, chef_id) values (9, 60);
insert into chefs_of_recipe (recipe_id, chef_id) values (10, 100);
insert into chefs_of_recipe (recipe_id, chef_id) values (13, 5);
insert into chefs_of_recipe (recipe_id, chef_id) values (13, 18);
insert into chefs_of_recipe (recipe_id, chef_id) values (14, 66);
insert into chefs_of_recipe (recipe_id, chef_id) values (14, 77);
insert into chefs_of_recipe (recipe_id, chef_id) values (14, 48);

insert into chefs_of_recipe (recipe_id, chef_id) values (15, 6);
insert into chefs_of_recipe (recipe_id, chef_id) values (15, 96);
insert into chefs_of_recipe (recipe_id, chef_id) values (15, 33);
insert into chefs_of_recipe (recipe_id, chef_id) values (16, 94);
insert into chefs_of_recipe (recipe_id, chef_id) values (17, 79);
insert into chefs_of_recipe (recipe_id, chef_id) values (17, 80);
insert into chefs_of_recipe (recipe_id, chef_id) values (19, 46);
insert into chefs_of_recipe (recipe_id, chef_id) values (19, 41);
insert into chefs_of_recipe (recipe_id, chef_id) values (19, 48);

insert into chefs_of_recipe (recipe_id, chef_id) values (21, 22);
insert into chefs_of_recipe (recipe_id, chef_id) values (22, 84);
insert into chefs_of_recipe (recipe_id, chef_id) values (25, 4);
insert into chefs_of_recipe (recipe_id, chef_id) values (25, 7);
insert into chefs_of_recipe (recipe_id, chef_id) values (26, 82);
insert into chefs_of_recipe (recipe_id, chef_id) values (27, 4);
insert into chefs_of_recipe (recipe_id, chef_id) values (29, 81);
insert into chefs_of_recipe (recipe_id, chef_id) values (29, 21);

insert into chefs_of_recipe (recipe_id, chef_id) values (30, 38);
insert into chefs_of_recipe (recipe_id, chef_id) values (31, 64);
insert into chefs_of_recipe (recipe_id, chef_id) values (34, 80);
insert into chefs_of_recipe (recipe_id, chef_id) values (37, 4);
insert into chefs_of_recipe (recipe_id, chef_id) values (37, 77);
insert into chefs_of_recipe (recipe_id, chef_id) values (38, 16);
insert into chefs_of_recipe (recipe_id, chef_id) values (38, 54);
insert into chefs_of_recipe (recipe_id, chef_id) values (38, 62);
insert into chefs_of_recipe (recipe_id, chef_id) values (39, 67);
insert into chefs_of_recipe (recipe_id, chef_id) values (41, 20);
insert into chefs_of_recipe (recipe_id, chef_id) values (41, 88);

insert into chefs_of_recipe (recipe_id, chef_id) values (42, 48);
insert into chefs_of_recipe (recipe_id, chef_id) values (43, 21);
insert into chefs_of_recipe (recipe_id, chef_id) values (43, 42);
insert into chefs_of_recipe (recipe_id, chef_id) values (44, 81);
insert into chefs_of_recipe (recipe_id, chef_id) values (44, 44);
insert into chefs_of_recipe (recipe_id, chef_id) values (50, 9);
insert into chefs_of_recipe (recipe_id, chef_id) values (50, 96);
insert into chefs_of_recipe (recipe_id, chef_id) values (51, 66);
insert into chefs_of_recipe (recipe_id, chef_id) values (52, 94);

insert into chefs_of_recipe (recipe_id, chef_id) values (56, 98);
insert into chefs_of_recipe (recipe_id, chef_id) values (56, 99);
insert into chefs_of_recipe (recipe_id, chef_id) values (57, 35);
insert into chefs_of_recipe (recipe_id, chef_id) values (58, 58);
insert into chefs_of_recipe (recipe_id, chef_id) values (60, 72);
insert into chefs_of_recipe (recipe_id, chef_id) values (61, 59);
insert into chefs_of_recipe (recipe_id, chef_id) values (63, 84);
insert into chefs_of_recipe (recipe_id, chef_id) values (68, 19);
insert into chefs_of_recipe (recipe_id, chef_id) values (68, 52);
insert into chefs_of_recipe (recipe_id, chef_id) values (69, 99);

insert into chefs_of_recipe (recipe_id, chef_id) values (71, 88);
insert into chefs_of_recipe (recipe_id, chef_id) values (72, 97);
insert into chefs_of_recipe (recipe_id, chef_id) values (73, 55);
insert into chefs_of_recipe (recipe_id, chef_id) values (74, 5);
insert into chefs_of_recipe (recipe_id, chef_id) values (77, 83);
insert into chefs_of_recipe (recipe_id, chef_id) values (79, 87);
insert into chefs_of_recipe (recipe_id, chef_id) values (79, 90);
insert into chefs_of_recipe (recipe_id, chef_id) values (80, 23);
insert into chefs_of_recipe (recipe_id, chef_id) values (82, 72);
insert into chefs_of_recipe (recipe_id, chef_id) values (83, 84);

insert into chefs_of_recipe (recipe_id, chef_id) values (84, 45);
insert into chefs_of_recipe (recipe_id, chef_id) values (85, 53);
insert into chefs_of_recipe (recipe_id, chef_id) values (86, 70);
insert into chefs_of_recipe (recipe_id, chef_id) values (87, 53);
insert into chefs_of_recipe (recipe_id, chef_id) values (88, 69);
insert into chefs_of_recipe (recipe_id, chef_id) values (89, 8);
insert into chefs_of_recipe (recipe_id, chef_id) values (89, 71);
insert into chefs_of_recipe (recipe_id, chef_id) values (91, 52);
insert into chefs_of_recipe (recipe_id, chef_id) values (92, 28);
insert into chefs_of_recipe (recipe_id, chef_id) values (95, 100);
insert into chefs_of_recipe (recipe_id, chef_id) values (97, 37);
insert into chefs_of_recipe (recipe_id, chef_id) values (97, 7);
insert into chefs_of_recipe (recipe_id, chef_id) values (97, 78);
insert into chefs_of_recipe (recipe_id, chef_id) values (100, 37);
insert into chefs_of_recipe (recipe_id, chef_id) values (18, 80);



-- -------------------------------------------------------------   First Season      ------------------------------------------------------------ --
insert into episodes_information (episode_id, season_of_episode, chef_id, role_of_chef, recipe, ethnic_cuisine, grade1, grade2, grade3, total_grade) values ('1', 1, 80, 0, NULL, NULL, 1, NULL, NULL, NULL);
insert into episodes_information (episode_id, season_of_episode, chef_id, role_of_chef, recipe, ethnic_cuisine, grade1, grade2, grade3, total_grade) values ('1', 1, 79, 0, NULL, NULL, NULL, 1, NULL, NULL);
insert into episodes_information (episode_id, season_of_episode, chef_id, role_of_chef, recipe, ethnic_cuisine, grade1, grade2, grade3, total_grade) values ('1', 1, 26, 0, NULL, NULL, NULL, NULL, 1, NULL);

insert into episodes_information (episode_id, season_of_episode, chef_id, role_of_chef, recipe, ethnic_cuisine, grade1, grade2, grade3, total_grade) values ('1', 1, 94, 1, 4, 4, 3, 2, 5, 10);
insert into episodes_information (episode_id, season_of_episode, chef_id, role_of_chef, recipe, ethnic_cuisine, grade1, grade2, grade3, total_grade) values ('1', 1, 69, 1, 14, 2, 3, 5, 3, 11);
insert into episodes_information (episode_id, season_of_episode, chef_id, role_of_chef, recipe, ethnic_cuisine, grade1, grade2, grade3, total_grade) values ('1', 1, 81, 1, 29, 1, 4, 4, 2, 10);
insert into episodes_information (episode_id, season_of_episode, chef_id, role_of_chef, recipe, ethnic_cuisine, grade1, grade2, grade3, total_grade) values ('1', 1, 20, 1, 41, 3, 4, 2, 4, 10);
insert into episodes_information (episode_id, season_of_episode, chef_id, role_of_chef, recipe, ethnic_cuisine, grade1, grade2, grade3, total_grade) values ('1', 1, 10, 1, 8, 20, 4, 5, 3, 12);
insert into episodes_information (episode_id, season_of_episode, chef_id, role_of_chef, recipe, ethnic_cuisine, grade1, grade2, grade3, total_grade) values ('1', 1, 21, 1, 43, 5, 4, 1, 5, 10);
insert into episodes_information (episode_id, season_of_episode, chef_id, role_of_chef, recipe, ethnic_cuisine, grade1, grade2, grade3, total_grade) values ('1', 1, 41, 1, 19, 2, 2, 3, 2, 7);
insert into episodes_information (episode_id, season_of_episode, chef_id, role_of_chef, recipe, ethnic_cuisine, grade1, grade2, grade3, total_grade) values ('1', 1, 87, 1, 79, 10, 4, 1, 1, 6);
insert into episodes_information (episode_id, season_of_episode, chef_id, role_of_chef, recipe, ethnic_cuisine, grade1, grade2, grade3, total_grade) values ('1', 1, 4, 1, 25, 12, 2, 3, 1, 6);
insert into episodes_information (episode_id, season_of_episode, chef_id, role_of_chef, recipe, ethnic_cuisine, grade1, grade2, grade3, total_grade) values ('1', 1, 96, 1, 15, 17, 1, 5, 5, 11);

insert into episodes_information (episode_id, season_of_episode, chef_id, role_of_chef, recipe, ethnic_cuisine, grade1, grade2, grade3, total_grade) values ('2', 1, 53, 0, NULL, NULL, 1, NULL, NULL, NULL);
insert into episodes_information (episode_id, season_of_episode, chef_id, role_of_chef, recipe, ethnic_cuisine, grade1, grade2, grade3, total_grade) values ('2', 1, 91, 0, NULL, NULL, NULL, 1, NULL, NULL);
insert into episodes_information (episode_id, season_of_episode, chef_id, role_of_chef, recipe, ethnic_cuisine, grade1, grade2, grade3, total_grade) values ('2', 1, 61, 0, NULL, NULL, NULL, NULL, 1, NULL);

insert into episodes_information (episode_id, season_of_episode, chef_id, role_of_chef, recipe, ethnic_cuisine, grade1, grade2, grade3, total_grade) values ('2', 1, 66, 1, 51, 15, 5, 3, 4, 12);
insert into episodes_information (episode_id, season_of_episode, chef_id, role_of_chef, recipe, ethnic_cuisine, grade1, grade2, grade3, total_grade) values ('2', 1, 22, 1, 21, 17, 5, 1, 3, 9);
insert into episodes_information (episode_id, season_of_episode, chef_id, role_of_chef, recipe, ethnic_cuisine, grade1, grade2, grade3, total_grade) values ('2', 1, 88, 1, 71, 3, 1, 4, 5, 10);
insert into episodes_information (episode_id, season_of_episode, chef_id, role_of_chef, recipe, ethnic_cuisine, grade1, grade2, grade3, total_grade) values ('2', 1, 59, 1, 59, 13, 2, 2, 4, 8);
insert into episodes_information (episode_id, season_of_episode, chef_id, role_of_chef, recipe, ethnic_cuisine, grade1, grade2, grade3, total_grade) values ('2', 1, 52, 1, 68, 19, 1, 2, 4, 7);
insert into episodes_information (episode_id, season_of_episode, chef_id, role_of_chef, recipe, ethnic_cuisine, grade1, grade2, grade3, total_grade) values ('2', 1, 21, 1, 29, 1, 3, 5, 4, 12);
insert into episodes_information (episode_id, season_of_episode, chef_id, role_of_chef, recipe, ethnic_cuisine, grade1, grade2, grade3, total_grade) values ('2', 1, 38, 1, 30, 8, 1, 2, 4, 7);
insert into episodes_information (episode_id, season_of_episode, chef_id, role_of_chef, recipe, ethnic_cuisine, grade1, grade2, grade3, total_grade) values ('2', 1, 83, 1, 77, 12, 2, 5, 2, 9);
insert into episodes_information (episode_id, season_of_episode, chef_id, role_of_chef, recipe, ethnic_cuisine, grade1, grade2, grade3, total_grade) values ('2', 1, 23, 1, 80, 4, 4, 4, 3, 11);
insert into episodes_information (episode_id, season_of_episode, chef_id, role_of_chef, recipe, ethnic_cuisine, grade1, grade2, grade3, total_grade) values ('2', 1, 5, 1, 74, 6, 3, 1, 3, 7);

insert into episodes_information (episode_id, season_of_episode, chef_id, role_of_chef, recipe, ethnic_cuisine, grade1, grade2, grade3, total_grade) values ('3', 1, 5, 0, NULL, NULL, 1, NULL, NULL, NULL);
insert into episodes_information (episode_id, season_of_episode, chef_id, role_of_chef, recipe, ethnic_cuisine, grade1, grade2, grade3, total_grade) values ('3', 1, 93, 0, NULL, NULL, NULL, 1, NULL, NULL);
insert into episodes_information (episode_id, season_of_episode, chef_id, role_of_chef, recipe, ethnic_cuisine, grade1, grade2, grade3, total_grade) values ('3', 1, 64, 0, NULL, NULL, NULL, NULL, 1, NULL);

insert into episodes_information (episode_id, season_of_episode, chef_id, role_of_chef, recipe, ethnic_cuisine, grade1, grade2, grade3, total_grade) values ('3', 1, 52, 1, 91, 19, 3, 4, 3, 10);
insert into episodes_information (episode_id, season_of_episode, chef_id, role_of_chef, recipe, ethnic_cuisine, grade1, grade2, grade3, total_grade) values ('3', 1, 99, 1, 56, 9, 4, 4, 2, 10);
insert into episodes_information (episode_id, season_of_episode, chef_id, role_of_chef, recipe, ethnic_cuisine, grade1, grade2, grade3, total_grade) values ('3', 1, 61, 1, 74, 6, 1, 1, 1, 3);
insert into episodes_information (episode_id, season_of_episode, chef_id, role_of_chef, recipe, ethnic_cuisine, grade1, grade2, grade3, total_grade) values ('3', 1, 16, 1, 38, 14, 1, 5, 4, 10);
insert into episodes_information (episode_id, season_of_episode, chef_id, role_of_chef, recipe, ethnic_cuisine, grade1, grade2, grade3, total_grade) values ('3', 1, 1, 1, 7, 11, 4, 3, 4, 11);
insert into episodes_information (episode_id, season_of_episode, chef_id, role_of_chef, recipe, ethnic_cuisine, grade1, grade2, grade3, total_grade) values ('3', 1, 80, 1, 18, 10, 5, 1, 5, 11);
insert into episodes_information (episode_id, season_of_episode, chef_id, role_of_chef, recipe, ethnic_cuisine, grade1, grade2, grade3, total_grade) values ('3', 1, 50, 1, 45, 18, 1, 3, 1, 5);
insert into episodes_information (episode_id, season_of_episode, chef_id, role_of_chef, recipe, ethnic_cuisine, grade1, grade2, grade3, total_grade) values ('3', 1, 35, 1, 69, 8, 1, 3, 2, 6);
insert into episodes_information (episode_id, season_of_episode, chef_id, role_of_chef, recipe, ethnic_cuisine, grade1, grade2, grade3, total_grade) values ('3', 1, 63, 1, 47, 15, 2, 1, 1, 4);
insert into episodes_information (episode_id, season_of_episode, chef_id, role_of_chef, recipe, ethnic_cuisine, grade1, grade2, grade3, total_grade) values ('3', 1, 48, 1, 14, 2, 1, 2, 4, 7);

insert into episodes_information (episode_id, season_of_episode, chef_id, role_of_chef, recipe, ethnic_cuisine, grade1, grade2, grade3, total_grade) values ('4', 1, 100, 0, NULL, NULL, 1, NULL, NULL, NULL);
insert into episodes_information (episode_id, season_of_episode, chef_id, role_of_chef, recipe, ethnic_cuisine, grade1, grade2, grade3, total_grade) values ('4', 1, 65, 0, NULL, NULL, NULL, 1, NULL, NULL);
insert into episodes_information (episode_id, season_of_episode, chef_id, role_of_chef, recipe, ethnic_cuisine, grade1, grade2, grade3, total_grade) values ('4', 1, 53, 0, NULL, NULL, NULL, NULL, 1, NULL);

insert into episodes_information (episode_id, season_of_episode, chef_id, role_of_chef, recipe, ethnic_cuisine, grade1, grade2, grade3, total_grade) values ('4', 1, 42, 1, 43, 5, 5, 2, 1, 8);
insert into episodes_information (episode_id, season_of_episode, chef_id, role_of_chef, recipe, ethnic_cuisine, grade1, grade2, grade3, total_grade) values ('4', 1, 9, 1, 50, 17, 3, 3, 5, 11);
insert into episodes_information (episode_id, season_of_episode, chef_id, role_of_chef, recipe, ethnic_cuisine, grade1, grade2, grade3, total_grade) values ('4', 1, 7, 1, 25, 12, 2, 4, 1, 7);
insert into episodes_information (episode_id, season_of_episode, chef_id, role_of_chef, recipe, ethnic_cuisine, grade1, grade2, grade3, total_grade) values ('4', 1, 48, 1, 42, 20, 1, 3, 4, 8);
insert into episodes_information (episode_id, season_of_episode, chef_id, role_of_chef, recipe, ethnic_cuisine, grade1, grade2, grade3, total_grade) values ('4', 1, 71, 1, 89, 7, 1, 2, 2, 5);
insert into episodes_information (episode_id, season_of_episode, chef_id, role_of_chef, recipe, ethnic_cuisine, grade1, grade2, grade3, total_grade) values ('4', 1, 54, 1, 38, 14, 4, 1, 3, 8);
insert into episodes_information (episode_id, season_of_episode, chef_id, role_of_chef, recipe, ethnic_cuisine, grade1, grade2, grade3, total_grade) values ('4', 1, 37, 1, 97, 16, 3, 4, 3, 10);
insert into episodes_information (episode_id, season_of_episode, chef_id, role_of_chef, recipe, ethnic_cuisine, grade1, grade2, grade3, total_grade) values ('4', 1, 4, 1, 6, 9, 5, 2, 1, 8);
insert into episodes_information (episode_id, season_of_episode, chef_id, role_of_chef, recipe, ethnic_cuisine, grade1, grade2, grade3, total_grade) values ('4', 1, 51, 1, 19, 2, 3, 1, 5, 9);
insert into episodes_information (episode_id, season_of_episode, chef_id, role_of_chef, recipe, ethnic_cuisine, grade1, grade2, grade3, total_grade) values ('4', 1, 45, 1, 84, 13, 2, 4, 5, 11);

insert into episodes_information (episode_id, season_of_episode, chef_id, role_of_chef, recipe, ethnic_cuisine, grade1, grade2, grade3, total_grade) values ('5', 1, 15, 0, NULL, NULL, 1, NULL, NULL, NULL);
insert into episodes_information (episode_id, season_of_episode, chef_id, role_of_chef, recipe, ethnic_cuisine, grade1, grade2, grade3, total_grade) values ('5', 1, 71, 0, NULL, NULL, NULL, 1, NULL, NULL);
insert into episodes_information (episode_id, season_of_episode, chef_id, role_of_chef, recipe, ethnic_cuisine, grade1, grade2, grade3, total_grade) values ('5', 1, 34, 0, NULL, NULL, NULL, NULL, 1, NULL);

insert into episodes_information (episode_id, season_of_episode, chef_id, role_of_chef, recipe, ethnic_cuisine, grade1, grade2, grade3, total_grade) values ('5', 1, 95, 1, 94, 20, 1, 1, 1, 3);
insert into episodes_information (episode_id, season_of_episode, chef_id, role_of_chef, recipe, ethnic_cuisine, grade1, grade2, grade3, total_grade) values ('5', 1, 70, 1, 86, 10, 5, 2, 4, 11);
insert into episodes_information (episode_id, season_of_episode, chef_id, role_of_chef, recipe, ethnic_cuisine, grade1, grade2, grade3, total_grade) values ('5', 1, 64, 1, 36, 1, 3, 2, 3, 8);
insert into episodes_information (episode_id, season_of_episode, chef_id, role_of_chef, recipe, ethnic_cuisine, grade1, grade2, grade3, total_grade) values ('5', 1, 19, 1, 68, 19, 3, 1, 5, 9);
insert into episodes_information (episode_id, season_of_episode, chef_id, role_of_chef, recipe, ethnic_cuisine, grade1, grade2, grade3, total_grade) values ('5', 1, 28, 1, 1, 18, 2, 1, 4, 7);
insert into episodes_information (episode_id, season_of_episode, chef_id, role_of_chef, recipe, ethnic_cuisine, grade1, grade2, grade3, total_grade) values ('5', 1, 96, 1, 50, 17, 4, 3, 5, 12);
insert into episodes_information (episode_id, season_of_episode, chef_id, role_of_chef, recipe, ethnic_cuisine, grade1, grade2, grade3, total_grade) values ('5', 1, 44, 1, 80, 4, 4, 1, 2, 7);
insert into episodes_information (episode_id, season_of_episode, chef_id, role_of_chef, recipe, ethnic_cuisine, grade1, grade2, grade3, total_grade) values ('5', 1, 58, 1, 58, 15, 1, 4, 4, 9);
insert into episodes_information (episode_id, season_of_episode, chef_id, role_of_chef, recipe, ethnic_cuisine, grade1, grade2, grade3, total_grade) values ('5', 1, 97, 1, 72, 12, 4, 3, 2, 9);
insert into episodes_information (episode_id, season_of_episode, chef_id, role_of_chef, recipe, ethnic_cuisine, grade1, grade2, grade3, total_grade) values ('5', 1, 67, 1, 39, 7, 2, 5, 5, 12);

insert into episodes_information (episode_id, season_of_episode, chef_id, role_of_chef, recipe, ethnic_cuisine, grade1, grade2, grade3, total_grade) values ('6', 1, 100, 0, NULL, NULL, 1, NULL, NULL, NULL);
insert into episodes_information (episode_id, season_of_episode, chef_id, role_of_chef, recipe, ethnic_cuisine, grade1, grade2, grade3, total_grade) values ('6', 1, 54, 0, NULL, NULL, NULL, 1, NULL, NULL);
insert into episodes_information (episode_id, season_of_episode, chef_id, role_of_chef, recipe, ethnic_cuisine, grade1, grade2, grade3, total_grade) values ('6', 1, 84, 0, NULL, NULL, NULL, NULL, 1, NULL);

insert into episodes_information (episode_id, season_of_episode, chef_id, role_of_chef, recipe, ethnic_cuisine, grade1, grade2, grade3, total_grade) values ('6', 1, 53, 1, 87, 18, 3, 1, 5, 9);
insert into episodes_information (episode_id, season_of_episode, chef_id, role_of_chef, recipe, ethnic_cuisine, grade1, grade2, grade3, total_grade) values ('6', 1, 4, 1, 37, 9, 5, 2, 1, 8);
insert into episodes_information (episode_id, season_of_episode, chef_id, role_of_chef, recipe, ethnic_cuisine, grade1, grade2, grade3, total_grade) values ('6', 1, 64, 1, 31, 4, 3, 5, 1, 9);
insert into episodes_information (episode_id, season_of_episode, chef_id, role_of_chef, recipe, ethnic_cuisine, grade1, grade2, grade3, total_grade) values ('6', 1, 21, 1, 10, 5, 2, 1, 1, 4);
insert into episodes_information (episode_id, season_of_episode, chef_id, role_of_chef, recipe, ethnic_cuisine, grade1, grade2, grade3, total_grade) values ('6', 1, 26, 1, 29, 1, 2, 5, 5, 12);
insert into episodes_information (episode_id, season_of_episode, chef_id, role_of_chef, recipe, ethnic_cuisine, grade1, grade2, grade3, total_grade) values ('6', 1, 60, 1, 9, 6, 3, 5, 2, 10);
insert into episodes_information (episode_id, season_of_episode, chef_id, role_of_chef, recipe, ethnic_cuisine, grade1, grade2, grade3, total_grade) values ('6', 1, 37, 1, 100, 16, 3, 3, 5, 11);
insert into episodes_information (episode_id, season_of_episode, chef_id, role_of_chef, recipe, ethnic_cuisine, grade1, grade2, grade3, total_grade) values ('6', 1, 14, 1, 12, 8, 1, 3, 1, 5);
insert into episodes_information (episode_id, season_of_episode, chef_id, role_of_chef, recipe, ethnic_cuisine, grade1, grade2, grade3, total_grade) values ('6', 1, 66, 1, 14, 2, 1, 3, 5, 9);
insert into episodes_information (episode_id, season_of_episode, chef_id, role_of_chef, recipe, ethnic_cuisine, grade1, grade2, grade3, total_grade) values ('6', 1, 88, 1, 41, 3, 2, 4, 5, 11);

insert into episodes_information (episode_id, season_of_episode, chef_id, role_of_chef, recipe, ethnic_cuisine, grade1, grade2, grade3, total_grade) values ('7', 1, 11, 0, NULL, NULL, 1, NULL, NULL, NULL);
insert into episodes_information (episode_id, season_of_episode, chef_id, role_of_chef, recipe, ethnic_cuisine, grade1, grade2, grade3, total_grade) values ('7', 1, 85, 0, NULL, NULL, NULL, 1, NULL, NULL);
insert into episodes_information (episode_id, season_of_episode, chef_id, role_of_chef, recipe, ethnic_cuisine, grade1, grade2, grade3, total_grade) values ('7', 1, 48, 0, NULL, NULL, NULL, NULL, 1, NULL);

insert into episodes_information (episode_id, season_of_episode, chef_id, role_of_chef, recipe, ethnic_cuisine, grade1, grade2, grade3, total_grade) values ('7', 1, 88, 1, 2, 20, 2, 3, 2, 7);
insert into episodes_information (episode_id, season_of_episode, chef_id, role_of_chef, recipe, ethnic_cuisine, grade1, grade2, grade3, total_grade) values ('7', 1, 6, 1, 15, 17, 5, 4, 2, 11);
insert into episodes_information (episode_id, season_of_episode, chef_id, role_of_chef, recipe, ethnic_cuisine, grade1, grade2, grade3, total_grade) values ('7', 1, 54, 1, 38, 14, 4, 4, 4, 12);
insert into episodes_information (episode_id, season_of_episode, chef_id, role_of_chef, recipe, ethnic_cuisine, grade1, grade2, grade3, total_grade) values ('7', 1, 90, 1, 79, 10, 4, 4, 4, 12);
insert into episodes_information (episode_id, season_of_episode, chef_id, role_of_chef, recipe, ethnic_cuisine, grade1, grade2, grade3, total_grade) values ('7', 1, 77, 1, 37, 9, 3, 5, 5, 13);
insert into episodes_information (episode_id, season_of_episode, chef_id, role_of_chef, recipe, ethnic_cuisine, grade1, grade2, grade3, total_grade) values ('7', 1, 79, 1, 17, 8, 2, 2, 3, 7);
insert into episodes_information (episode_id, season_of_episode, chef_id, role_of_chef, recipe, ethnic_cuisine, grade1, grade2, grade3, total_grade) values ('7', 1, 70, 1, 71, 3, 1, 5, 1, 7);
insert into episodes_information (episode_id, season_of_episode, chef_id, role_of_chef, recipe, ethnic_cuisine, grade1, grade2, grade3, total_grade) values ('7', 1, 4, 1, 27, 12, 5, 5, 2, 12);
insert into episodes_information (episode_id, season_of_episode, chef_id, role_of_chef, recipe, ethnic_cuisine, grade1, grade2, grade3, total_grade) values ('7', 1, 46, 1, 19, 2, 3, 3, 4, 10);
insert into episodes_information (episode_id, season_of_episode, chef_id, role_of_chef, recipe, ethnic_cuisine, grade1, grade2, grade3, total_grade) values ('7', 1, 55, 1, 73, 11, 1, 5, 1, 7);

insert into episodes_information (episode_id, season_of_episode, chef_id, role_of_chef, recipe, ethnic_cuisine, grade1, grade2, grade3, total_grade) values ('8', 1, 65, 0, NULL, NULL, 1, NULL, NULL, NULL);
insert into episodes_information (episode_id, season_of_episode, chef_id, role_of_chef, recipe, ethnic_cuisine, grade1, grade2, grade3, total_grade) values ('8', 1, 30, 0, NULL, NULL, NULL, 1, NULL, NULL);
insert into episodes_information (episode_id, season_of_episode, chef_id, role_of_chef, recipe, ethnic_cuisine, grade1, grade2, grade3, total_grade) values ('8', 1, 48, 0, NULL, NULL, NULL, NULL, 1, NULL);

insert into episodes_information (episode_id, season_of_episode, chef_id, role_of_chef, recipe, ethnic_cuisine, grade1, grade2, grade3, total_grade) values ('8', 1, 100, 1, 10, 5, 2, 5, 4, 11);
insert into episodes_information (episode_id, season_of_episode, chef_id, role_of_chef, recipe, ethnic_cuisine, grade1, grade2, grade3, total_grade) values ('8', 1, 5, 1, 13, 6, 5, 5, 5, 15);
insert into episodes_information (episode_id, season_of_episode, chef_id, role_of_chef, recipe, ethnic_cuisine, grade1, grade2, grade3, total_grade) values ('8', 1, 1, 1, 7, 11, 3, 4, 4, 11);
insert into episodes_information (episode_id, season_of_episode, chef_id, role_of_chef, recipe, ethnic_cuisine, grade1, grade2, grade3, total_grade) values ('8', 1, 59, 1, 61, 13, 1, 1, 2, 4);
insert into episodes_information (episode_id, season_of_episode, chef_id, role_of_chef, recipe, ethnic_cuisine, grade1, grade2, grade3, total_grade) values ('8', 1, 78, 1, 97, 16, 5, 5, 3, 13);
insert into episodes_information (episode_id, season_of_episode, chef_id, role_of_chef, recipe, ethnic_cuisine, grade1, grade2, grade3, total_grade) values ('8', 1, 44, 1, 44, 1, 1, 1, 2, 4);
insert into episodes_information (episode_id, season_of_episode, chef_id, role_of_chef, recipe, ethnic_cuisine, grade1, grade2, grade3, total_grade) values ('8', 1, 17, 1, 31, 4, 4, 1, 1, 6);
insert into episodes_information (episode_id, season_of_episode, chef_id, role_of_chef, recipe, ethnic_cuisine, grade1, grade2, grade3, total_grade) values ('8', 1, 8, 1, 89, 7, 2, 2, 4, 8);
insert into episodes_information (episode_id, season_of_episode, chef_id, role_of_chef, recipe, ethnic_cuisine, grade1, grade2, grade3, total_grade) values ('8', 1, 66, 1, 58, 15, 3, 5, 5, 13);
insert into episodes_information (episode_id, season_of_episode, chef_id, role_of_chef, recipe, ethnic_cuisine, grade1, grade2, grade3, total_grade) values ('8', 1, 69, 1, 88, 18, 1, 3, 4, 8);

insert into episodes_information (episode_id, season_of_episode, chef_id, role_of_chef, recipe, ethnic_cuisine, grade1, grade2, grade3, total_grade) values ('9', 1, 4, 0, NULL, NULL, 1, NULL, NULL, NULL);
insert into episodes_information (episode_id, season_of_episode, chef_id, role_of_chef, recipe, ethnic_cuisine, grade1, grade2, grade3, total_grade) values ('9', 1, 100, 0, NULL, NULL, NULL, 1, NULL, NULL);
insert into episodes_information (episode_id, season_of_episode, chef_id, role_of_chef, recipe, ethnic_cuisine, grade1, grade2, grade3, total_grade) values ('9', 1, 18, 0, NULL, NULL, NULL, NULL, 1, NULL);

insert into episodes_information (episode_id, season_of_episode, chef_id, role_of_chef, recipe, ethnic_cuisine, grade1, grade2, grade3, total_grade) values ('9', 1, 48, 1, 19, 2, 5, 5, 3, 13);
insert into episodes_information (episode_id, season_of_episode, chef_id, role_of_chef, recipe, ethnic_cuisine, grade1, grade2, grade3, total_grade) values ('9', 1, 88, 1, 71, 3, 3, 4, 1, 8);
insert into episodes_information (episode_id, season_of_episode, chef_id, role_of_chef, recipe, ethnic_cuisine, grade1, grade2, grade3, total_grade) values ('9', 1, 84, 1, 63, 7, 5, 5, 4, 14);
insert into episodes_information (episode_id, season_of_episode, chef_id, role_of_chef, recipe, ethnic_cuisine, grade1, grade2, grade3, total_grade) values ('9', 1, 6, 1, 15, 17, 3, 2, 4, 9);
insert into episodes_information (episode_id, season_of_episode, chef_id, role_of_chef, recipe, ethnic_cuisine, grade1, grade2, grade3, total_grade) values ('9', 1, 98, 1, 56, 9, 2, 2, 1, 5);
insert into episodes_information (episode_id, season_of_episode, chef_id, role_of_chef, recipe, ethnic_cuisine, grade1, grade2, grade3, total_grade) values ('9', 1, 28, 1, 92, 18, 2, 5, 4, 11);
insert into episodes_information (episode_id, season_of_episode, chef_id, role_of_chef, recipe, ethnic_cuisine, grade1, grade2, grade3, total_grade) values ('9', 1, 62, 1, 38, 14, 4, 4, 1, 9);
insert into episodes_information (episode_id, season_of_episode, chef_id, role_of_chef, recipe, ethnic_cuisine, grade1, grade2, grade3, total_grade) values ('9', 1, 72, 1, 60, 12, 2, 4, 4, 10);
insert into episodes_information (episode_id, season_of_episode, chef_id, role_of_chef, recipe, ethnic_cuisine, grade1, grade2, grade3, total_grade) values ('9', 1, 53, 1, 85, 15, 5, 1, 2, 8);
insert into episodes_information (episode_id, season_of_episode, chef_id, role_of_chef, recipe, ethnic_cuisine, grade1, grade2, grade3, total_grade) values ('9', 1, 7, 1, 100, 16, 4, 3, 5, 12);

insert into episodes_information (episode_id, season_of_episode, chef_id, role_of_chef, recipe, ethnic_cuisine, grade1, grade2, grade3, total_grade) values ('10', 1, 65, 0, NULL, NULL, 1, NULL, NULL, NULL);
insert into episodes_information (episode_id, season_of_episode, chef_id, role_of_chef, recipe, ethnic_cuisine, grade1, grade2, grade3, total_grade) values ('10', 1, 43, 0, NULL, NULL, NULL, 1, NULL, NULL);
insert into episodes_information (episode_id, season_of_episode, chef_id, role_of_chef, recipe, ethnic_cuisine, grade1, grade2, grade3, total_grade) values ('10', 1, 68, 0, NULL, NULL, NULL, NULL, 1, NULL);

insert into episodes_information (episode_id, season_of_episode, chef_id, role_of_chef, recipe, ethnic_cuisine, grade1, grade2, grade3, total_grade) values ('10', 1, 99, 1, 69, 8, 4, 4, 5, 13);
insert into episodes_information (episode_id, season_of_episode, chef_id, role_of_chef, recipe, ethnic_cuisine, grade1, grade2, grade3, total_grade) values ('10', 1, 100, 1, 95, 5, 2, 5, 2, 9);
insert into episodes_information (episode_id, season_of_episode, chef_id, role_of_chef, recipe, ethnic_cuisine, grade1, grade2, grade3, total_grade) values ('10', 1, 5, 1, 71, 3, 2, 3, 4, 9);
insert into episodes_information (episode_id, season_of_episode, chef_id, role_of_chef, recipe, ethnic_cuisine, grade1, grade2, grade3, total_grade) values ('10', 1, 60, 1, 9, 6, 2, 3, 2, 7);
insert into episodes_information (episode_id, season_of_episode, chef_id, role_of_chef, recipe, ethnic_cuisine, grade1, grade2, grade3, total_grade) values ('10', 1, 4, 1, 37, 9, 5, 4, 1, 10);
insert into episodes_information (episode_id, season_of_episode, chef_id, role_of_chef, recipe, ethnic_cuisine, grade1, grade2, grade3, total_grade) values ('10', 1, 82, 1, 4, 4, 1, 3, 4, 8);
insert into episodes_information (episode_id, season_of_episode, chef_id, role_of_chef, recipe, ethnic_cuisine, grade1, grade2, grade3, total_grade) values ('10', 1, 1, 1, 7, 11, 4, 5, 1, 10);
insert into episodes_information (episode_id, season_of_episode, chef_id, role_of_chef, recipe, ethnic_cuisine, grade1, grade2, grade3, total_grade) values ('10', 1, 64, 1, 36, 1, 2, 4, 2, 8);
insert into episodes_information (episode_id, season_of_episode, chef_id, role_of_chef, recipe, ethnic_cuisine, grade1, grade2, grade3, total_grade) values ('10', 1, 36, 1, 3, 20, 5, 4, 5, 14);
insert into episodes_information (episode_id, season_of_episode, chef_id, role_of_chef, recipe, ethnic_cuisine, grade1, grade2, grade3, total_grade) values ('10', 1, 39, 1, 28, 13, 4, 3, 5, 12);

-- ------------------------------------------------- Second Season  -------------------------------------------------- -----------------------
-- ----------------------------------------------------------------------------------------------------------------------------------------------


insert into episodes_information (episode_id, season_of_episode, chef_id, role_of_chef, recipe, ethnic_cuisine, grade1, grade2, grade3, total_grade) values ('1', 2, 1, 0, NULL, NULL, 1, NULL, NULL, NULL);
insert into episodes_information (episode_id, season_of_episode, chef_id, role_of_chef, recipe, ethnic_cuisine, grade1, grade2, grade3, total_grade) values ('1', 2, 2, 0, NULL, NULL, NULL, 1, NULL, NULL);
insert into episodes_information (episode_id, season_of_episode, chef_id, role_of_chef, recipe, ethnic_cuisine, grade1, grade2, grade3, total_grade) values ('1', 2, 26, 0, NULL, NULL, NULL, NULL, 1, NULL);
insert into episodes_information (episode_id, season_of_episode, chef_id, role_of_chef, recipe, ethnic_cuisine, grade1, grade2, grade3, total_grade) values ('1', 2, 94, 1, 4, 4, 3, 2, 5, 10);
insert into episodes_information (episode_id, season_of_episode, chef_id, role_of_chef, recipe, ethnic_cuisine, grade1, grade2, grade3, total_grade) values ('1', 2, 69, 1, 14, 2, 3, 5, 3, 11);
insert into episodes_information (episode_id, season_of_episode, chef_id, role_of_chef, recipe, ethnic_cuisine, grade1, grade2, grade3, total_grade) values ('1', 2, 81, 1, 29, 1, 4, 4, 2, 10);
insert into episodes_information (episode_id, season_of_episode, chef_id, role_of_chef, recipe, ethnic_cuisine, grade1, grade2, grade3, total_grade) values ('1', 2, 20, 1, 41, 3, 4, 2, 4, 10);
insert into episodes_information (episode_id, season_of_episode, chef_id, role_of_chef, recipe, ethnic_cuisine, grade1, grade2, grade3, total_grade) values ('1', 2, 10, 1, 8, 20, 4, 5, 3, 12);
insert into episodes_information (episode_id, season_of_episode, chef_id, role_of_chef, recipe, ethnic_cuisine, grade1, grade2, grade3, total_grade) values ('1', 2, 21, 1, 43, 5, 4, 1, 5, 10);
insert into episodes_information (episode_id, season_of_episode, chef_id, role_of_chef, recipe, ethnic_cuisine, grade1, grade2, grade3, total_grade) values ('1', 2, 41, 1, 19, 2, 2, 3, 2, 7);
insert into episodes_information (episode_id, season_of_episode, chef_id, role_of_chef, recipe, ethnic_cuisine, grade1, grade2, grade3, total_grade) values ('1', 2, 87, 1, 79, 10, 4, 1, 1, 6);
insert into episodes_information (episode_id, season_of_episode, chef_id, role_of_chef, recipe, ethnic_cuisine, grade1, grade2, grade3, total_grade) values ('1', 2, 4, 1, 25, 12, 2, 3, 1, 6);
insert into episodes_information (episode_id, season_of_episode, chef_id, role_of_chef, recipe, ethnic_cuisine, grade1, grade2, grade3, total_grade) values ('1', 2, 96, 1, 15, 17, 1, 5, 5, 11);

insert into episodes_information (episode_id, season_of_episode, chef_id, role_of_chef, recipe, ethnic_cuisine, grade1, grade2, grade3, total_grade) values ('2', 2, 1, 0, NULL, NULL, 1, NULL, NULL, NULL);
insert into episodes_information (episode_id, season_of_episode, chef_id, role_of_chef, recipe, ethnic_cuisine, grade1, grade2, grade3, total_grade) values ('2', 2, 2, 0, NULL, NULL, NULL, 1, NULL, NULL);
insert into episodes_information (episode_id, season_of_episode, chef_id, role_of_chef, recipe, ethnic_cuisine, grade1, grade2, grade3, total_grade) values ('2', 2, 61, 0, NULL, NULL, NULL, NULL, 1, NULL);

insert into episodes_information (episode_id, season_of_episode, chef_id, role_of_chef, recipe, ethnic_cuisine, grade1, grade2, grade3, total_grade) values ('2', 2, 66, 1, 51, 15, 5, 3, 4, 12);
insert into episodes_information (episode_id, season_of_episode, chef_id, role_of_chef, recipe, ethnic_cuisine, grade1, grade2, grade3, total_grade) values ('2', 2, 22, 1, 21, 17, 5, 1, 3, 9);
insert into episodes_information (episode_id, season_of_episode, chef_id, role_of_chef, recipe, ethnic_cuisine, grade1, grade2, grade3, total_grade) values ('2', 2, 88, 1, 71, 3, 1, 4, 5, 10);
insert into episodes_information (episode_id, season_of_episode, chef_id, role_of_chef, recipe, ethnic_cuisine, grade1, grade2, grade3, total_grade) values ('2', 2, 59, 1, 59, 13, 2, 2, 4, 8);
insert into episodes_information (episode_id, season_of_episode, chef_id, role_of_chef, recipe, ethnic_cuisine, grade1, grade2, grade3, total_grade) values ('2', 2, 52, 1, 68, 19, 1, 2, 4, 7);
insert into episodes_information (episode_id, season_of_episode, chef_id, role_of_chef, recipe, ethnic_cuisine, grade1, grade2, grade3, total_grade) values ('2', 2, 21, 1, 29, 1, 3, 5, 4, 12);
insert into episodes_information (episode_id, season_of_episode, chef_id, role_of_chef, recipe, ethnic_cuisine, grade1, grade2, grade3, total_grade) values ('2', 2, 38, 1, 30, 8, 1, 2, 4, 7);
insert into episodes_information (episode_id, season_of_episode, chef_id, role_of_chef, recipe, ethnic_cuisine, grade1, grade2, grade3, total_grade) values ('2', 2, 83, 1, 77, 12, 2, 5, 2, 9);
insert into episodes_information (episode_id, season_of_episode, chef_id, role_of_chef, recipe, ethnic_cuisine, grade1, grade2, grade3, total_grade) values ('2', 2, 23, 1, 80, 4, 4, 4, 3, 11);
insert into episodes_information (episode_id, season_of_episode, chef_id, role_of_chef, recipe, ethnic_cuisine, grade1, grade2, grade3, total_grade) values ('2', 2, 5, 1, 74, 6, 3, 1, 3, 7);

insert into episodes_information (episode_id, season_of_episode, chef_id, role_of_chef, recipe, ethnic_cuisine, grade1, grade2, grade3, total_grade) values ('3', 2, 5, 0, NULL, NULL, 1, NULL, NULL, NULL);
insert into episodes_information (episode_id, season_of_episode, chef_id, role_of_chef, recipe, ethnic_cuisine, grade1, grade2, grade3, total_grade) values ('3', 2, 90, 0, NULL, NULL, NULL, 1, NULL, NULL);
insert into episodes_information (episode_id, season_of_episode, chef_id, role_of_chef, recipe, ethnic_cuisine, grade1, grade2, grade3, total_grade) values ('3', 2, 64, 0, NULL, NULL, NULL, NULL, 1, NULL);

insert into episodes_information (episode_id, season_of_episode, chef_id, role_of_chef, recipe, ethnic_cuisine, grade1, grade2, grade3, total_grade) values ('3', 2, 52, 1, 91, 19, 3, 4, 3, 10);
insert into episodes_information (episode_id, season_of_episode, chef_id, role_of_chef, recipe, ethnic_cuisine, grade1, grade2, grade3, total_grade) values ('3', 2, 99, 1, 56, 9, 4, 4, 2, 10);
insert into episodes_information (episode_id, season_of_episode, chef_id, role_of_chef, recipe, ethnic_cuisine, grade1, grade2, grade3, total_grade) values ('3', 2, 61, 1, 74, 6, 1, 1, 1, 3);
insert into episodes_information (episode_id, season_of_episode, chef_id, role_of_chef, recipe, ethnic_cuisine, grade1, grade2, grade3, total_grade) values ('3', 2, 16, 1, 38, 14, 1, 5, 4, 10);
insert into episodes_information (episode_id, season_of_episode, chef_id, role_of_chef, recipe, ethnic_cuisine, grade1, grade2, grade3, total_grade) values ('3', 2, 1, 1, 7, 11, 4, 3, 4, 11);
insert into episodes_information (episode_id, season_of_episode, chef_id, role_of_chef, recipe, ethnic_cuisine, grade1, grade2, grade3, total_grade) values ('3', 2, 80, 1, 18, 10, 5, 1, 5, 11);
insert into episodes_information (episode_id, season_of_episode, chef_id, role_of_chef, recipe, ethnic_cuisine, grade1, grade2, grade3, total_grade) values ('3', 2, 50, 1, 45, 18, 1, 3, 1, 5);
insert into episodes_information (episode_id, season_of_episode, chef_id, role_of_chef, recipe, ethnic_cuisine, grade1, grade2, grade3, total_grade) values ('3', 2, 35, 1, 69, 8, 1, 3, 2, 6);
insert into episodes_information (episode_id, season_of_episode, chef_id, role_of_chef, recipe, ethnic_cuisine, grade1, grade2, grade3, total_grade) values ('3', 2, 63, 1, 47, 15, 2, 1, 1, 4);
insert into episodes_information (episode_id, season_of_episode, chef_id, role_of_chef, recipe, ethnic_cuisine, grade1, grade2, grade3, total_grade) values ('3', 2, 48, 1, 14, 2, 1, 2, 4, 7);

insert into episodes_information (episode_id, season_of_episode, chef_id, role_of_chef, recipe, ethnic_cuisine, grade1, grade2, grade3, total_grade) values ('4', 2, 1, 0, NULL, NULL, 1, NULL, NULL, NULL);
insert into episodes_information (episode_id, season_of_episode, chef_id, role_of_chef, recipe, ethnic_cuisine, grade1, grade2, grade3, total_grade) values ('4', 2, 2, 0, NULL, NULL, NULL, 1, NULL, NULL);
insert into episodes_information (episode_id, season_of_episode, chef_id, role_of_chef, recipe, ethnic_cuisine, grade1, grade2, grade3, total_grade) values ('4', 2, 53, 0, NULL, NULL, NULL, NULL, 1, NULL);

insert into episodes_information (episode_id, season_of_episode, chef_id, role_of_chef, recipe, ethnic_cuisine, grade1, grade2, grade3, total_grade) values ('4', 2, 42, 1, 43, 5, 5, 2, 1, 8);
insert into episodes_information (episode_id, season_of_episode, chef_id, role_of_chef, recipe, ethnic_cuisine, grade1, grade2, grade3, total_grade) values ('4', 2, 9, 1, 50, 17, 3, 3, 5, 11);
insert into episodes_information (episode_id, season_of_episode, chef_id, role_of_chef, recipe, ethnic_cuisine, grade1, grade2, grade3, total_grade) values ('4', 2, 7, 1, 25, 12, 2, 4, 1, 7);
insert into episodes_information (episode_id, season_of_episode, chef_id, role_of_chef, recipe, ethnic_cuisine, grade1, grade2, grade3, total_grade) values ('4', 2, 48, 1, 42, 20, 1, 3, 4, 8);
insert into episodes_information (episode_id, season_of_episode, chef_id, role_of_chef, recipe, ethnic_cuisine, grade1, grade2, grade3, total_grade) values ('4', 2, 71, 1, 89, 7, 1, 2, 2, 5);
insert into episodes_information (episode_id, season_of_episode, chef_id, role_of_chef, recipe, ethnic_cuisine, grade1, grade2, grade3, total_grade) values ('4', 2, 54, 1, 38, 14, 4, 1, 3, 8);
insert into episodes_information (episode_id, season_of_episode, chef_id, role_of_chef, recipe, ethnic_cuisine, grade1, grade2, grade3, total_grade) values ('4', 2, 37, 1, 97, 16, 3, 4, 3, 10);
insert into episodes_information (episode_id, season_of_episode, chef_id, role_of_chef, recipe, ethnic_cuisine, grade1, grade2, grade3, total_grade) values ('4', 2, 4, 1, 6, 9, 5, 2, 1, 8);
insert into episodes_information (episode_id, season_of_episode, chef_id, role_of_chef, recipe, ethnic_cuisine, grade1, grade2, grade3, total_grade) values ('4', 2, 51, 1, 19, 2, 3, 1, 5, 9);
insert into episodes_information (episode_id, season_of_episode, chef_id, role_of_chef, recipe, ethnic_cuisine, grade1, grade2, grade3, total_grade) values ('4', 2, 45, 1, 84, 13, 2, 4, 5, 11);

insert into episodes_information (episode_id, season_of_episode, chef_id, role_of_chef, recipe, ethnic_cuisine, grade1, grade2, grade3, total_grade) values ('5', 2, 1, 0, NULL, NULL, 1, NULL, NULL, NULL);
insert into episodes_information (episode_id, season_of_episode, chef_id, role_of_chef, recipe, ethnic_cuisine, grade1, grade2, grade3, total_grade) values ('5', 2, 2, 0, NULL, NULL, NULL, 1, NULL, NULL);
insert into episodes_information (episode_id, season_of_episode, chef_id, role_of_chef, recipe, ethnic_cuisine, grade1, grade2, grade3, total_grade) values ('5', 2, 24, 0, NULL, NULL, NULL, NULL, 1, NULL);

insert into episodes_information (episode_id, season_of_episode, chef_id, role_of_chef, recipe, ethnic_cuisine, grade1, grade2, grade3, total_grade) values ('5', 2, 95, 1, 94, 20, 1, 1, 1, 3);
insert into episodes_information (episode_id, season_of_episode, chef_id, role_of_chef, recipe, ethnic_cuisine, grade1, grade2, grade3, total_grade) values ('5', 2, 70, 1, 86, 10, 5, 2, 4, 11);
insert into episodes_information (episode_id, season_of_episode, chef_id, role_of_chef, recipe, ethnic_cuisine, grade1, grade2, grade3, total_grade) values ('5', 2, 64, 1, 36, 1, 3, 2, 3, 8);
insert into episodes_information (episode_id, season_of_episode, chef_id, role_of_chef, recipe, ethnic_cuisine, grade1, grade2, grade3, total_grade) values ('5', 2, 19, 1, 68, 19, 3, 1, 5, 9);
insert into episodes_information (episode_id, season_of_episode, chef_id, role_of_chef, recipe, ethnic_cuisine, grade1, grade2, grade3, total_grade) values ('5', 2, 28, 1, 1, 18, 2, 1, 4, 7);
insert into episodes_information (episode_id, season_of_episode, chef_id, role_of_chef, recipe, ethnic_cuisine, grade1, grade2, grade3, total_grade) values ('5', 2, 96, 1, 50, 17, 4, 3, 5, 12);
insert into episodes_information (episode_id, season_of_episode, chef_id, role_of_chef, recipe, ethnic_cuisine, grade1, grade2, grade3, total_grade) values ('5', 2, 44, 1, 80, 4, 4, 1, 2, 7);
insert into episodes_information (episode_id, season_of_episode, chef_id, role_of_chef, recipe, ethnic_cuisine, grade1, grade2, grade3, total_grade) values ('5', 2, 58, 1, 58, 15, 1, 4, 4, 9);
insert into episodes_information (episode_id, season_of_episode, chef_id, role_of_chef, recipe, ethnic_cuisine, grade1, grade2, grade3, total_grade) values ('5', 2, 97, 1, 72, 12, 4, 3, 2, 9);
insert into episodes_information (episode_id, season_of_episode, chef_id, role_of_chef, recipe, ethnic_cuisine, grade1, grade2, grade3, total_grade) values ('5', 2, 67, 1, 39, 7, 2, 5, 5, 12);

insert into episodes_information (episode_id, season_of_episode, chef_id, role_of_chef, recipe, ethnic_cuisine, grade1, grade2, grade3, total_grade) values ('6', 2, 100, 0, NULL, NULL, 1, NULL, NULL, NULL);
insert into episodes_information (episode_id, season_of_episode, chef_id, role_of_chef, recipe, ethnic_cuisine, grade1, grade2, grade3, total_grade) values ('6', 2, 54, 0, NULL, NULL, NULL, 1, NULL, NULL);
insert into episodes_information (episode_id, season_of_episode, chef_id, role_of_chef, recipe, ethnic_cuisine, grade1, grade2, grade3, total_grade) values ('6', 2, 67, 0, NULL, NULL, NULL, NULL, 1, NULL);

insert into episodes_information (episode_id, season_of_episode, chef_id, role_of_chef, recipe, ethnic_cuisine, grade1, grade2, grade3, total_grade) values ('6', 2, 53, 1, 87, 18, 3, 1, 5, 9);
insert into episodes_information (episode_id, season_of_episode, chef_id, role_of_chef, recipe, ethnic_cuisine, grade1, grade2, grade3, total_grade) values ('6', 2, 4, 1, 37, 9, 5, 2, 1, 8);
insert into episodes_information (episode_id, season_of_episode, chef_id, role_of_chef, recipe, ethnic_cuisine, grade1, grade2, grade3, total_grade) values ('6', 2, 64, 1, 31, 4, 3, 5, 1, 9);
insert into episodes_information (episode_id, season_of_episode, chef_id, role_of_chef, recipe, ethnic_cuisine, grade1, grade2, grade3, total_grade) values ('6', 2, 21, 1, 10, 5, 2, 1, 1, 4);
insert into episodes_information (episode_id, season_of_episode, chef_id, role_of_chef, recipe, ethnic_cuisine, grade1, grade2, grade3, total_grade) values ('6', 2, 26, 1, 29, 1, 2, 5, 5, 12);
insert into episodes_information (episode_id, season_of_episode, chef_id, role_of_chef, recipe, ethnic_cuisine, grade1, grade2, grade3, total_grade) values ('6', 2, 60, 1, 9, 6, 3, 5, 2, 10);
insert into episodes_information (episode_id, season_of_episode, chef_id, role_of_chef, recipe, ethnic_cuisine, grade1, grade2, grade3, total_grade) values ('6', 2, 37, 1, 100, 16, 3, 3, 5, 11);
insert into episodes_information (episode_id, season_of_episode, chef_id, role_of_chef, recipe, ethnic_cuisine, grade1, grade2, grade3, total_grade) values ('6', 2, 14, 1, 12, 8, 1, 3, 1, 5);
insert into episodes_information (episode_id, season_of_episode, chef_id, role_of_chef, recipe, ethnic_cuisine, grade1, grade2, grade3, total_grade) values ('6', 2, 66, 1, 14, 2, 1, 3, 5, 9);
insert into episodes_information (episode_id, season_of_episode, chef_id, role_of_chef, recipe, ethnic_cuisine, grade1, grade2, grade3, total_grade) values ('6', 2, 88, 1, 41, 3, 2, 4, 5, 11);

insert into episodes_information (episode_id, season_of_episode, chef_id, role_of_chef, recipe, ethnic_cuisine, grade1, grade2, grade3, total_grade) values ('7', 2, 1, 0, NULL, NULL, 1, NULL, NULL, NULL);
insert into episodes_information (episode_id, season_of_episode, chef_id, role_of_chef, recipe, ethnic_cuisine, grade1, grade2, grade3, total_grade) values ('7', 2, 2, 0, NULL, NULL, NULL, 1, NULL, NULL);
insert into episodes_information (episode_id, season_of_episode, chef_id, role_of_chef, recipe, ethnic_cuisine, grade1, grade2, grade3, total_grade) values ('7', 2, 48, 0, NULL, NULL, NULL, NULL, 1, NULL);

insert into episodes_information (episode_id, season_of_episode, chef_id, role_of_chef, recipe, ethnic_cuisine, grade1, grade2, grade3, total_grade) values ('7', 2, 88, 1, 2, 20, 2, 3, 2, 7);
insert into episodes_information (episode_id, season_of_episode, chef_id, role_of_chef, recipe, ethnic_cuisine, grade1, grade2, grade3, total_grade) values ('7', 2, 6, 1, 15, 17, 5, 4, 2, 11);
insert into episodes_information (episode_id, season_of_episode, chef_id, role_of_chef, recipe, ethnic_cuisine, grade1, grade2, grade3, total_grade) values ('7', 2, 54, 1, 38, 14, 4, 4, 4, 12);
insert into episodes_information (episode_id, season_of_episode, chef_id, role_of_chef, recipe, ethnic_cuisine, grade1, grade2, grade3, total_grade) values ('7', 2, 90, 1, 79, 10, 4, 4, 4, 12);
insert into episodes_information (episode_id, season_of_episode, chef_id, role_of_chef, recipe, ethnic_cuisine, grade1, grade2, grade3, total_grade) values ('7', 2, 77, 1, 37, 9, 3, 5, 5, 13);
insert into episodes_information (episode_id, season_of_episode, chef_id, role_of_chef, recipe, ethnic_cuisine, grade1, grade2, grade3, total_grade) values ('7', 2, 79, 1, 17, 8, 2, 2, 3, 7);
insert into episodes_information (episode_id, season_of_episode, chef_id, role_of_chef, recipe, ethnic_cuisine, grade1, grade2, grade3, total_grade) values ('7', 2, 70, 1, 71, 3, 1, 5, 1, 7);
insert into episodes_information (episode_id, season_of_episode, chef_id, role_of_chef, recipe, ethnic_cuisine, grade1, grade2, grade3, total_grade) values ('7', 2, 4, 1, 27, 12, 5, 5, 2, 12);
insert into episodes_information (episode_id, season_of_episode, chef_id, role_of_chef, recipe, ethnic_cuisine, grade1, grade2, grade3, total_grade) values ('7', 2, 46, 1, 19, 2, 3, 3, 4, 10);
insert into episodes_information (episode_id, season_of_episode, chef_id, role_of_chef, recipe, ethnic_cuisine, grade1, grade2, grade3, total_grade) values ('7', 2, 55, 1, 73, 11, 1, 5, 1, 7);

insert into episodes_information (episode_id, season_of_episode, chef_id, role_of_chef, recipe, ethnic_cuisine, grade1, grade2, grade3, total_grade) values ('8', 2, 65, 0, NULL, NULL, 1, NULL, NULL, NULL);
insert into episodes_information (episode_id, season_of_episode, chef_id, role_of_chef, recipe, ethnic_cuisine, grade1, grade2, grade3, total_grade) values ('8', 2, 30, 0, NULL, NULL, NULL, 1, NULL, NULL);
insert into episodes_information (episode_id, season_of_episode, chef_id, role_of_chef, recipe, ethnic_cuisine, grade1, grade2, grade3, total_grade) values ('8', 2, 18, 0, NULL, NULL, NULL, NULL, 1, NULL);

insert into episodes_information (episode_id, season_of_episode, chef_id, role_of_chef, recipe, ethnic_cuisine, grade1, grade2, grade3, total_grade) values ('8', 2, 100, 1, 10, 5, 2, 5, 4, 11);
insert into episodes_information (episode_id, season_of_episode, chef_id, role_of_chef, recipe, ethnic_cuisine, grade1, grade2, grade3, total_grade) values ('8', 2, 5, 1, 13, 6, 5, 5, 5, 15);
insert into episodes_information (episode_id, season_of_episode, chef_id, role_of_chef, recipe, ethnic_cuisine, grade1, grade2, grade3, total_grade) values ('8', 2, 1, 1, 7, 11, 3, 4, 4, 11);
insert into episodes_information (episode_id, season_of_episode, chef_id, role_of_chef, recipe, ethnic_cuisine, grade1, grade2, grade3, total_grade) values ('8', 2, 59, 1, 61, 13, 1, 1, 2, 4);
insert into episodes_information (episode_id, season_of_episode, chef_id, role_of_chef, recipe, ethnic_cuisine, grade1, grade2, grade3, total_grade) values ('8', 2, 78, 1, 97, 16, 5, 5, 3, 13);
insert into episodes_information (episode_id, season_of_episode, chef_id, role_of_chef, recipe, ethnic_cuisine, grade1, grade2, grade3, total_grade) values ('8', 2, 44, 1, 44, 1, 1, 1, 2, 4);
insert into episodes_information (episode_id, season_of_episode, chef_id, role_of_chef, recipe, ethnic_cuisine, grade1, grade2, grade3, total_grade) values ('8', 2, 17, 1, 31, 4, 4, 1, 1, 6);
insert into episodes_information (episode_id, season_of_episode, chef_id, role_of_chef, recipe, ethnic_cuisine, grade1, grade2, grade3, total_grade) values ('8', 2, 8, 1, 89, 7, 2, 2, 4, 8);
insert into episodes_information (episode_id, season_of_episode, chef_id, role_of_chef, recipe, ethnic_cuisine, grade1, grade2, grade3, total_grade) values ('8', 2, 66, 1, 58, 15, 3, 5, 5, 13);
insert into episodes_information (episode_id, season_of_episode, chef_id, role_of_chef, recipe, ethnic_cuisine, grade1, grade2, grade3, total_grade) values ('8', 2, 69, 1, 88, 18, 1, 3, 4, 8);

insert into episodes_information (episode_id, season_of_episode, chef_id, role_of_chef, recipe, ethnic_cuisine, grade1, grade2, grade3, total_grade) values ('9', 2, 1, 0, NULL, NULL, 1, NULL, NULL, NULL);
insert into episodes_information (episode_id, season_of_episode, chef_id, role_of_chef, recipe, ethnic_cuisine, grade1, grade2, grade3, total_grade) values ('9', 2, 10, 0, NULL, NULL, NULL, 1, NULL, NULL);
insert into episodes_information (episode_id, season_of_episode, chef_id, role_of_chef, recipe, ethnic_cuisine, grade1, grade2, grade3, total_grade) values ('9', 2, 2, 0, NULL, NULL, NULL, NULL, 1, NULL);

insert into episodes_information (episode_id, season_of_episode, chef_id, role_of_chef, recipe, ethnic_cuisine, grade1, grade2, grade3, total_grade) values ('9', 2, 48, 1, 19, 2, 5, 5, 3, 13);
insert into episodes_information (episode_id, season_of_episode, chef_id, role_of_chef, recipe, ethnic_cuisine, grade1, grade2, grade3, total_grade) values ('9', 2, 88, 1, 71, 3, 3, 4, 1, 8);
insert into episodes_information (episode_id, season_of_episode, chef_id, role_of_chef, recipe, ethnic_cuisine, grade1, grade2, grade3, total_grade) values ('9', 2, 84, 1, 63, 7, 5, 5, 4, 14);
insert into episodes_information (episode_id, season_of_episode, chef_id, role_of_chef, recipe, ethnic_cuisine, grade1, grade2, grade3, total_grade) values ('9', 2, 6, 1, 15, 17, 3, 2, 4, 9);
insert into episodes_information (episode_id, season_of_episode, chef_id, role_of_chef, recipe, ethnic_cuisine, grade1, grade2, grade3, total_grade) values ('9', 2, 98, 1, 56, 9, 2, 2, 1, 5);
insert into episodes_information (episode_id, season_of_episode, chef_id, role_of_chef, recipe, ethnic_cuisine, grade1, grade2, grade3, total_grade) values ('9', 2, 28, 1, 92, 18, 2, 5, 4, 11);
insert into episodes_information (episode_id, season_of_episode, chef_id, role_of_chef, recipe, ethnic_cuisine, grade1, grade2, grade3, total_grade) values ('9', 2, 62, 1, 38, 14, 4, 4, 1, 9);
insert into episodes_information (episode_id, season_of_episode, chef_id, role_of_chef, recipe, ethnic_cuisine, grade1, grade2, grade3, total_grade) values ('9', 2, 72, 1, 60, 12, 2, 4, 4, 10);
insert into episodes_information (episode_id, season_of_episode, chef_id, role_of_chef, recipe, ethnic_cuisine, grade1, grade2, grade3, total_grade) values ('9', 2, 53, 1, 85, 15, 5, 1, 2, 8);
insert into episodes_information (episode_id, season_of_episode, chef_id, role_of_chef, recipe, ethnic_cuisine, grade1, grade2, grade3, total_grade) values ('9', 2, 7, 1, 100, 16, 4, 3, 5, 12);

insert into episodes_information (episode_id, season_of_episode, chef_id, role_of_chef, recipe, ethnic_cuisine, grade1, grade2, grade3, total_grade) values ('10', 2, 65, 0, NULL, NULL, 1, NULL, NULL, NULL);
insert into episodes_information (episode_id, season_of_episode, chef_id, role_of_chef, recipe, ethnic_cuisine, grade1, grade2, grade3, total_grade) values ('10', 2, 40, 0, NULL, NULL, NULL, 1, NULL, NULL);
insert into episodes_information (episode_id, season_of_episode, chef_id, role_of_chef, recipe, ethnic_cuisine, grade1, grade2, grade3, total_grade) values ('10', 2, 68, 0, NULL, NULL, NULL, NULL, 1, NULL);

insert into episodes_information (episode_id, season_of_episode, chef_id, role_of_chef, recipe, ethnic_cuisine, grade1, grade2, grade3, total_grade) values ('10', 2, 99, 1, 69, 8, 4, 4, 5, 13);
insert into episodes_information (episode_id, season_of_episode, chef_id, role_of_chef, recipe, ethnic_cuisine, grade1, grade2, grade3, total_grade) values ('10', 2, 100, 1, 95, 5, 2, 5, 2, 9);
insert into episodes_information (episode_id, season_of_episode, chef_id, role_of_chef, recipe, ethnic_cuisine, grade1, grade2, grade3, total_grade) values ('10', 2, 5, 1, 71, 3, 2, 3, 4, 9);
insert into episodes_information (episode_id, season_of_episode, chef_id, role_of_chef, recipe, ethnic_cuisine, grade1, grade2, grade3, total_grade) values ('10', 2, 60, 1, 9, 6, 2, 3, 2, 7);
insert into episodes_information (episode_id, season_of_episode, chef_id, role_of_chef, recipe, ethnic_cuisine, grade1, grade2, grade3, total_grade) values ('10', 2, 4, 1, 37, 9, 5, 4, 1, 10);
insert into episodes_information (episode_id, season_of_episode, chef_id, role_of_chef, recipe, ethnic_cuisine, grade1, grade2, grade3, total_grade) values ('10', 2, 82, 1, 4, 4, 1, 3, 4, 8);
insert into episodes_information (episode_id, season_of_episode, chef_id, role_of_chef, recipe, ethnic_cuisine, grade1, grade2, grade3, total_grade) values ('10', 2, 1, 1, 7, 11, 4, 5, 1, 10);
insert into episodes_information (episode_id, season_of_episode, chef_id, role_of_chef, recipe, ethnic_cuisine, grade1, grade2, grade3, total_grade) values ('10', 2, 64, 1, 36, 1, 2, 4, 2, 8);
insert into episodes_information (episode_id, season_of_episode, chef_id, role_of_chef, recipe, ethnic_cuisine, grade1, grade2, grade3, total_grade) values ('10', 2, 36, 1, 3, 20, 5, 4, 5, 14);
insert into episodes_information (episode_id, season_of_episode, chef_id, role_of_chef, recipe, ethnic_cuisine, grade1, grade2, grade3, total_grade) values ('10', 2, 39, 1, 28, 13, 4, 3, 5, 12);

-- -----------------------------------------------------------  Third Season --------------------------------------------------------------- --

insert into episodes_information (episode_id, season_of_episode, chef_id, role_of_chef, recipe, ethnic_cuisine, grade1, grade2, grade3, total_grade) values ('1', 3, 88, 0, NULL, NULL, 1, NULL, NULL, NULL);
insert into episodes_information (episode_id, season_of_episode, chef_id, role_of_chef, recipe, ethnic_cuisine, grade1, grade2, grade3, total_grade) values ('1', 3, 79, 0, NULL, NULL, NULL, 1, NULL, NULL);
insert into episodes_information (episode_id, season_of_episode, chef_id, role_of_chef, recipe, ethnic_cuisine, grade1, grade2, grade3, total_grade) values ('1', 3, 16, 0, NULL, NULL, NULL, NULL, 1, NULL);

insert into episodes_information (episode_id, season_of_episode, chef_id, role_of_chef, recipe, ethnic_cuisine, grade1, grade2, grade3, total_grade) values ('1', 3, 94, 1, 4, 4, 3, 2, 5, 10);
insert into episodes_information (episode_id, season_of_episode, chef_id, role_of_chef, recipe, ethnic_cuisine, grade1, grade2, grade3, total_grade) values ('1', 3, 69, 1, 14, 2, 3, 5, 3, 11);
insert into episodes_information (episode_id, season_of_episode, chef_id, role_of_chef, recipe, ethnic_cuisine, grade1, grade2, grade3, total_grade) values ('1', 3, 81, 1, 29, 1, 4, 4, 2, 10);
insert into episodes_information (episode_id, season_of_episode, chef_id, role_of_chef, recipe, ethnic_cuisine, grade1, grade2, grade3, total_grade) values ('1', 3, 20, 1, 41, 3, 4, 2, 4, 10);
insert into episodes_information (episode_id, season_of_episode, chef_id, role_of_chef, recipe, ethnic_cuisine, grade1, grade2, grade3, total_grade) values ('1', 3, 10, 1, 8, 20, 4, 5, 3, 12);
insert into episodes_information (episode_id, season_of_episode, chef_id, role_of_chef, recipe, ethnic_cuisine, grade1, grade2, grade3, total_grade) values ('1', 3, 21, 1, 43, 5, 4, 1, 5, 10);
insert into episodes_information (episode_id, season_of_episode, chef_id, role_of_chef, recipe, ethnic_cuisine, grade1, grade2, grade3, total_grade) values ('1', 3, 41, 1, 19, 2, 2, 3, 2, 7);
insert into episodes_information (episode_id, season_of_episode, chef_id, role_of_chef, recipe, ethnic_cuisine, grade1, grade2, grade3, total_grade) values ('1', 3, 87, 1, 79, 10, 4, 1, 1, 6);
insert into episodes_information (episode_id, season_of_episode, chef_id, role_of_chef, recipe, ethnic_cuisine, grade1, grade2, grade3, total_grade) values ('1', 3, 4, 1, 25, 12, 2, 3, 1, 6);
insert into episodes_information (episode_id, season_of_episode, chef_id, role_of_chef, recipe, ethnic_cuisine, grade1, grade2, grade3, total_grade) values ('1', 3, 96, 1, 15, 17, 1, 5, 5, 11);

insert into episodes_information (episode_id, season_of_episode, chef_id, role_of_chef, recipe, ethnic_cuisine, grade1, grade2, grade3, total_grade) values ('2', 3, 3, 0, NULL, NULL, 1, NULL, NULL, NULL);
insert into episodes_information (episode_id, season_of_episode, chef_id, role_of_chef, recipe, ethnic_cuisine, grade1, grade2, grade3, total_grade) values ('2', 3, 90, 0, NULL, NULL, NULL, 1, NULL, NULL);
insert into episodes_information (episode_id, season_of_episode, chef_id, role_of_chef, recipe, ethnic_cuisine, grade1, grade2, grade3, total_grade) values ('2', 3, 1, 0, NULL, NULL, NULL, NULL, 1, NULL);

insert into episodes_information (episode_id, season_of_episode, chef_id, role_of_chef, recipe, ethnic_cuisine, grade1, grade2, grade3, total_grade) values ('2', 3, 66, 1, 51, 15, 5, 3, 4, 12);
insert into episodes_information (episode_id, season_of_episode, chef_id, role_of_chef, recipe, ethnic_cuisine, grade1, grade2, grade3, total_grade) values ('2', 3, 22, 1, 21, 17, 5, 1, 3, 9);
insert into episodes_information (episode_id, season_of_episode, chef_id, role_of_chef, recipe, ethnic_cuisine, grade1, grade2, grade3, total_grade) values ('2', 3, 88, 1, 71, 3, 1, 4, 5, 10);
insert into episodes_information (episode_id, season_of_episode, chef_id, role_of_chef, recipe, ethnic_cuisine, grade1, grade2, grade3, total_grade) values ('2', 3, 59, 1, 59, 13, 2, 2, 4, 8);
insert into episodes_information (episode_id, season_of_episode, chef_id, role_of_chef, recipe, ethnic_cuisine, grade1, grade2, grade3, total_grade) values ('2', 3, 52, 1, 68, 19, 1, 2, 4, 7);
insert into episodes_information (episode_id, season_of_episode, chef_id, role_of_chef, recipe, ethnic_cuisine, grade1, grade2, grade3, total_grade) values ('2', 3, 21, 1, 29, 1, 3, 5, 4, 12);
insert into episodes_information (episode_id, season_of_episode, chef_id, role_of_chef, recipe, ethnic_cuisine, grade1, grade2, grade3, total_grade) values ('2', 3, 38, 1, 30, 8, 1, 2, 4, 7);
insert into episodes_information (episode_id, season_of_episode, chef_id, role_of_chef, recipe, ethnic_cuisine, grade1, grade2, grade3, total_grade) values ('2', 3, 83, 1, 77, 12, 2, 5, 2, 9);
insert into episodes_information (episode_id, season_of_episode, chef_id, role_of_chef, recipe, ethnic_cuisine, grade1, grade2, grade3, total_grade) values ('2', 3, 23, 1, 80, 4, 4, 4, 3, 11);
insert into episodes_information (episode_id, season_of_episode, chef_id, role_of_chef, recipe, ethnic_cuisine, grade1, grade2, grade3, total_grade) values ('2', 3, 5, 1, 74, 6, 3, 1, 3, 7);

insert into episodes_information (episode_id, season_of_episode, chef_id, role_of_chef, recipe, ethnic_cuisine, grade1, grade2, grade3, total_grade) values ('3', 3, 15, 0, NULL, NULL, 1, NULL, NULL, NULL);
insert into episodes_information (episode_id, season_of_episode, chef_id, role_of_chef, recipe, ethnic_cuisine, grade1, grade2, grade3, total_grade) values ('3', 3, 4, 0, NULL, NULL, NULL, 1, NULL, NULL);
insert into episodes_information (episode_id, season_of_episode, chef_id, role_of_chef, recipe, ethnic_cuisine, grade1, grade2, grade3, total_grade) values ('3', 3, 54, 0, NULL, NULL, NULL, NULL, 1, NULL);

insert into episodes_information (episode_id, season_of_episode, chef_id, role_of_chef, recipe, ethnic_cuisine, grade1, grade2, grade3, total_grade) values ('3', 3, 52, 1, 91, 19, 3, 4, 3, 10);
insert into episodes_information (episode_id, season_of_episode, chef_id, role_of_chef, recipe, ethnic_cuisine, grade1, grade2, grade3, total_grade) values ('3', 3, 99, 1, 56, 9, 4, 4, 2, 10);
insert into episodes_information (episode_id, season_of_episode, chef_id, role_of_chef, recipe, ethnic_cuisine, grade1, grade2, grade3, total_grade) values ('3', 3, 61, 1, 74, 6, 1, 1, 1, 3);
insert into episodes_information (episode_id, season_of_episode, chef_id, role_of_chef, recipe, ethnic_cuisine, grade1, grade2, grade3, total_grade) values ('3', 3, 16, 1, 38, 14, 1, 5, 4, 10);
insert into episodes_information (episode_id, season_of_episode, chef_id, role_of_chef, recipe, ethnic_cuisine, grade1, grade2, grade3, total_grade) values ('3', 3, 1, 1, 7, 11, 4, 3, 4, 11);
insert into episodes_information (episode_id, season_of_episode, chef_id, role_of_chef, recipe, ethnic_cuisine, grade1, grade2, grade3, total_grade) values ('3', 3, 80, 1, 18, 10, 5, 1, 5, 11);
insert into episodes_information (episode_id, season_of_episode, chef_id, role_of_chef, recipe, ethnic_cuisine, grade1, grade2, grade3, total_grade) values ('3', 3, 50, 1, 45, 18, 1, 3, 1, 5);
insert into episodes_information (episode_id, season_of_episode, chef_id, role_of_chef, recipe, ethnic_cuisine, grade1, grade2, grade3, total_grade) values ('3', 3, 35, 1, 69, 8, 1, 3, 2, 6);
insert into episodes_information (episode_id, season_of_episode, chef_id, role_of_chef, recipe, ethnic_cuisine, grade1, grade2, grade3, total_grade) values ('3', 3, 63, 1, 47, 15, 2, 1, 1, 4);
insert into episodes_information (episode_id, season_of_episode, chef_id, role_of_chef, recipe, ethnic_cuisine, grade1, grade2, grade3, total_grade) values ('3', 3, 48, 1, 14, 2, 1, 2, 4, 7);

insert into episodes_information (episode_id, season_of_episode, chef_id, role_of_chef, recipe, ethnic_cuisine, grade1, grade2, grade3, total_grade) values ('4', 3, 11, 0, NULL, NULL, 1, NULL, NULL, NULL);
insert into episodes_information (episode_id, season_of_episode, chef_id, role_of_chef, recipe, ethnic_cuisine, grade1, grade2, grade3, total_grade) values ('4', 3, 3, 0, NULL, NULL, NULL, 1, NULL, NULL);
insert into episodes_information (episode_id, season_of_episode, chef_id, role_of_chef, recipe, ethnic_cuisine, grade1, grade2, grade3, total_grade) values ('4', 3, 53, 0, NULL, NULL, NULL, NULL, 1, NULL);

insert into episodes_information (episode_id, season_of_episode, chef_id, role_of_chef, recipe, ethnic_cuisine, grade1, grade2, grade3, total_grade) values ('4', 3, 42, 1, 43, 5, 5, 2, 1, 8);
insert into episodes_information (episode_id, season_of_episode, chef_id, role_of_chef, recipe, ethnic_cuisine, grade1, grade2, grade3, total_grade) values ('4', 3, 9, 1, 50, 17, 3, 3, 5, 11);
insert into episodes_information (episode_id, season_of_episode, chef_id, role_of_chef, recipe, ethnic_cuisine, grade1, grade2, grade3, total_grade) values ('4', 3, 7, 1, 25, 12, 2, 4, 1, 7);
insert into episodes_information (episode_id, season_of_episode, chef_id, role_of_chef, recipe, ethnic_cuisine, grade1, grade2, grade3, total_grade) values ('4', 3, 48, 1, 42, 20, 1, 3, 4, 8);
insert into episodes_information (episode_id, season_of_episode, chef_id, role_of_chef, recipe, ethnic_cuisine, grade1, grade2, grade3, total_grade) values ('4', 3, 71, 1, 89, 7, 1, 2, 2, 5);
insert into episodes_information (episode_id, season_of_episode, chef_id, role_of_chef, recipe, ethnic_cuisine, grade1, grade2, grade3, total_grade) values ('4', 3, 54, 1, 38, 14, 4, 1, 3, 8);
insert into episodes_information (episode_id, season_of_episode, chef_id, role_of_chef, recipe, ethnic_cuisine, grade1, grade2, grade3, total_grade) values ('4', 3, 37, 1, 97, 16, 3, 4, 3, 10);
insert into episodes_information (episode_id, season_of_episode, chef_id, role_of_chef, recipe, ethnic_cuisine, grade1, grade2, grade3, total_grade) values ('4', 3, 4, 1, 6, 9, 5, 2, 1, 8);
insert into episodes_information (episode_id, season_of_episode, chef_id, role_of_chef, recipe, ethnic_cuisine, grade1, grade2, grade3, total_grade) values ('4', 3, 51, 1, 19, 2, 3, 1, 5, 9);
insert into episodes_information (episode_id, season_of_episode, chef_id, role_of_chef, recipe, ethnic_cuisine, grade1, grade2, grade3, total_grade) values ('4', 3, 45, 1, 84, 13, 2, 4, 5, 11);

insert into episodes_information (episode_id, season_of_episode, chef_id, role_of_chef, recipe, ethnic_cuisine, grade1, grade2, grade3, total_grade) values ('5', 3, 15, 0, NULL, NULL, 1, NULL, NULL, NULL);
insert into episodes_information (episode_id, season_of_episode, chef_id, role_of_chef, recipe, ethnic_cuisine, grade1, grade2, grade3, total_grade) values ('5', 3, 82, 0, NULL, NULL, NULL, 1, NULL, NULL);
insert into episodes_information (episode_id, season_of_episode, chef_id, role_of_chef, recipe, ethnic_cuisine, grade1, grade2, grade3, total_grade) values ('5', 3, 4, 0, NULL, NULL, NULL, NULL, 1, NULL);

insert into episodes_information (episode_id, season_of_episode, chef_id, role_of_chef, recipe, ethnic_cuisine, grade1, grade2, grade3, total_grade) values ('5', 3, 95, 1, 94, 20, 1, 1, 1, 3);
insert into episodes_information (episode_id, season_of_episode, chef_id, role_of_chef, recipe, ethnic_cuisine, grade1, grade2, grade3, total_grade) values ('5', 3, 70, 1, 86, 10, 5, 2, 4, 11);
insert into episodes_information (episode_id, season_of_episode, chef_id, role_of_chef, recipe, ethnic_cuisine, grade1, grade2, grade3, total_grade) values ('5', 3, 64, 1, 36, 1, 3, 2, 3, 8);
insert into episodes_information (episode_id, season_of_episode, chef_id, role_of_chef, recipe, ethnic_cuisine, grade1, grade2, grade3, total_grade) values ('5', 3, 19, 1, 68, 19, 3, 1, 5, 9);
insert into episodes_information (episode_id, season_of_episode, chef_id, role_of_chef, recipe, ethnic_cuisine, grade1, grade2, grade3, total_grade) values ('5', 3, 28, 1, 1, 18, 2, 1, 4, 7);
insert into episodes_information (episode_id, season_of_episode, chef_id, role_of_chef, recipe, ethnic_cuisine, grade1, grade2, grade3, total_grade) values ('5', 3, 96, 1, 50, 17, 4, 3, 5, 12);
insert into episodes_information (episode_id, season_of_episode, chef_id, role_of_chef, recipe, ethnic_cuisine, grade1, grade2, grade3, total_grade) values ('5', 3, 44, 1, 80, 4, 4, 1, 2, 7);
insert into episodes_information (episode_id, season_of_episode, chef_id, role_of_chef, recipe, ethnic_cuisine, grade1, grade2, grade3, total_grade) values ('5', 3, 58, 1, 58, 15, 1, 4, 4, 9);
insert into episodes_information (episode_id, season_of_episode, chef_id, role_of_chef, recipe, ethnic_cuisine, grade1, grade2, grade3, total_grade) values ('5', 3, 97, 1, 72, 12, 4, 3, 2, 9);
insert into episodes_information (episode_id, season_of_episode, chef_id, role_of_chef, recipe, ethnic_cuisine, grade1, grade2, grade3, total_grade) values ('5', 3, 67, 1, 39, 7, 2, 5, 5, 12);

insert into episodes_information (episode_id, season_of_episode, chef_id, role_of_chef, recipe, ethnic_cuisine, grade1, grade2, grade3, total_grade) values ('6', 3, 20, 0, NULL, NULL, 1, NULL, NULL, NULL);
insert into episodes_information (episode_id, season_of_episode, chef_id, role_of_chef, recipe, ethnic_cuisine, grade1, grade2, grade3, total_grade) values ('6', 3, 54, 0, NULL, NULL, NULL, 1, NULL, NULL);
insert into episodes_information (episode_id, season_of_episode, chef_id, role_of_chef, recipe, ethnic_cuisine, grade1, grade2, grade3, total_grade) values ('6', 3, 44, 0, NULL, NULL, NULL, NULL, 1, NULL);

insert into episodes_information (episode_id, season_of_episode, chef_id, role_of_chef, recipe, ethnic_cuisine, grade1, grade2, grade3, total_grade) values ('6', 3, 53, 1, 87, 18, 3, 1, 5, 9);
insert into episodes_information (episode_id, season_of_episode, chef_id, role_of_chef, recipe, ethnic_cuisine, grade1, grade2, grade3, total_grade) values ('6', 3, 4, 1, 37, 9, 5, 2, 1, 8);
insert into episodes_information (episode_id, season_of_episode, chef_id, role_of_chef, recipe, ethnic_cuisine, grade1, grade2, grade3, total_grade) values ('6', 3, 64, 1, 31, 4, 3, 5, 1, 9);
insert into episodes_information (episode_id, season_of_episode, chef_id, role_of_chef, recipe, ethnic_cuisine, grade1, grade2, grade3, total_grade) values ('6', 3, 21, 1, 10, 5, 2, 1, 1, 4);
insert into episodes_information (episode_id, season_of_episode, chef_id, role_of_chef, recipe, ethnic_cuisine, grade1, grade2, grade3, total_grade) values ('6', 3, 26, 1, 29, 1, 2, 5, 5, 12);
insert into episodes_information (episode_id, season_of_episode, chef_id, role_of_chef, recipe, ethnic_cuisine, grade1, grade2, grade3, total_grade) values ('6', 3, 60, 1, 9, 6, 3, 5, 2, 10);
insert into episodes_information (episode_id, season_of_episode, chef_id, role_of_chef, recipe, ethnic_cuisine, grade1, grade2, grade3, total_grade) values ('6', 3, 37, 1, 100, 16, 3, 3, 5, 11);
insert into episodes_information (episode_id, season_of_episode, chef_id, role_of_chef, recipe, ethnic_cuisine, grade1, grade2, grade3, total_grade) values ('6', 3, 14, 1, 12, 8, 1, 3, 1, 5);
insert into episodes_information (episode_id, season_of_episode, chef_id, role_of_chef, recipe, ethnic_cuisine, grade1, grade2, grade3, total_grade) values ('6', 3, 66, 1, 14, 2, 1, 3, 5, 9);
insert into episodes_information (episode_id, season_of_episode, chef_id, role_of_chef, recipe, ethnic_cuisine, grade1, grade2, grade3, total_grade) values ('6', 3, 88, 1, 41, 3, 2, 4, 5, 11);

insert into episodes_information (episode_id, season_of_episode, chef_id, role_of_chef, recipe, ethnic_cuisine, grade1, grade2, grade3, total_grade) values ('7', 3, 99, 0, NULL, NULL, 1, NULL, NULL, NULL);
insert into episodes_information (episode_id, season_of_episode, chef_id, role_of_chef, recipe, ethnic_cuisine, grade1, grade2, grade3, total_grade) values ('7', 3, 69, 0, NULL, NULL, NULL, 1, NULL, NULL);
insert into episodes_information (episode_id, season_of_episode, chef_id, role_of_chef, recipe, ethnic_cuisine, grade1, grade2, grade3, total_grade) values ('7', 3, 44, 0, NULL, NULL, NULL, NULL, 1, NULL);

insert into episodes_information (episode_id, season_of_episode, chef_id, role_of_chef, recipe, ethnic_cuisine, grade1, grade2, grade3, total_grade) values ('7', 3, 88, 1, 2, 20, 2, 3, 2, 7);
insert into episodes_information (episode_id, season_of_episode, chef_id, role_of_chef, recipe, ethnic_cuisine, grade1, grade2, grade3, total_grade) values ('7', 3, 6, 1, 15, 17, 5, 4, 2, 11);
insert into episodes_information (episode_id, season_of_episode, chef_id, role_of_chef, recipe, ethnic_cuisine, grade1, grade2, grade3, total_grade) values ('7', 3, 54, 1, 38, 14, 4, 4, 4, 12);
insert into episodes_information (episode_id, season_of_episode, chef_id, role_of_chef, recipe, ethnic_cuisine, grade1, grade2, grade3, total_grade) values ('7', 3, 90, 1, 79, 10, 4, 4, 4, 12);
insert into episodes_information (episode_id, season_of_episode, chef_id, role_of_chef, recipe, ethnic_cuisine, grade1, grade2, grade3, total_grade) values ('7', 3, 77, 1, 37, 9, 3, 5, 5, 13);
insert into episodes_information (episode_id, season_of_episode, chef_id, role_of_chef, recipe, ethnic_cuisine, grade1, grade2, grade3, total_grade) values ('7', 3, 79, 1, 17, 8, 2, 2, 3, 7);
insert into episodes_information (episode_id, season_of_episode, chef_id, role_of_chef, recipe, ethnic_cuisine, grade1, grade2, grade3, total_grade) values ('7', 3, 70, 1, 71, 3, 1, 5, 1, 7);
insert into episodes_information (episode_id, season_of_episode, chef_id, role_of_chef, recipe, ethnic_cuisine, grade1, grade2, grade3, total_grade) values ('7', 3, 4, 1, 27, 12, 5, 5, 2, 12);
insert into episodes_information (episode_id, season_of_episode, chef_id, role_of_chef, recipe, ethnic_cuisine, grade1, grade2, grade3, total_grade) values ('7', 3, 46, 1, 19, 2, 3, 3, 4, 10);
insert into episodes_information (episode_id, season_of_episode, chef_id, role_of_chef, recipe, ethnic_cuisine, grade1, grade2, grade3, total_grade) values ('7', 3, 55, 1, 73, 11, 1, 5, 1, 7);

insert into episodes_information (episode_id, season_of_episode, chef_id, role_of_chef, recipe, ethnic_cuisine, grade1, grade2, grade3, total_grade) values ('8', 3, 75, 0, NULL, NULL, 1, NULL, NULL, NULL);
insert into episodes_information (episode_id, season_of_episode, chef_id, role_of_chef, recipe, ethnic_cuisine, grade1, grade2, grade3, total_grade) values ('8', 3, 35, 0, NULL, NULL, NULL, 1, NULL, NULL);
insert into episodes_information (episode_id, season_of_episode, chef_id, role_of_chef, recipe, ethnic_cuisine, grade1, grade2, grade3, total_grade) values ('8', 3, 4, 0, NULL, NULL, NULL, NULL, 1, NULL);

insert into episodes_information (episode_id, season_of_episode, chef_id, role_of_chef, recipe, ethnic_cuisine, grade1, grade2, grade3, total_grade) values ('8', 3, 100, 1, 10, 5, 2, 5, 4, 11);
insert into episodes_information (episode_id, season_of_episode, chef_id, role_of_chef, recipe, ethnic_cuisine, grade1, grade2, grade3, total_grade) values ('8', 3, 5, 1, 13, 6, 5, 5, 5, 15);
insert into episodes_information (episode_id, season_of_episode, chef_id, role_of_chef, recipe, ethnic_cuisine, grade1, grade2, grade3, total_grade) values ('8', 3, 1, 1, 7, 11, 3, 4, 4, 11);
insert into episodes_information (episode_id, season_of_episode, chef_id, role_of_chef, recipe, ethnic_cuisine, grade1, grade2, grade3, total_grade) values ('8', 3, 59, 1, 61, 13, 1, 1, 2, 4);
insert into episodes_information (episode_id, season_of_episode, chef_id, role_of_chef, recipe, ethnic_cuisine, grade1, grade2, grade3, total_grade) values ('8', 3, 78, 1, 97, 16, 5, 5, 3, 13);
insert into episodes_information (episode_id, season_of_episode, chef_id, role_of_chef, recipe, ethnic_cuisine, grade1, grade2, grade3, total_grade) values ('8', 3, 44, 1, 44, 1, 1, 1, 2, 4);
insert into episodes_information (episode_id, season_of_episode, chef_id, role_of_chef, recipe, ethnic_cuisine, grade1, grade2, grade3, total_grade) values ('8', 3, 17, 1, 31, 4, 4, 1, 1, 6);
insert into episodes_information (episode_id, season_of_episode, chef_id, role_of_chef, recipe, ethnic_cuisine, grade1, grade2, grade3, total_grade) values ('8', 3, 8, 1, 89, 7, 2, 2, 4, 8);
insert into episodes_information (episode_id, season_of_episode, chef_id, role_of_chef, recipe, ethnic_cuisine, grade1, grade2, grade3, total_grade) values ('8', 3, 66, 1, 58, 15, 3, 5, 5, 13);
insert into episodes_information (episode_id, season_of_episode, chef_id, role_of_chef, recipe, ethnic_cuisine, grade1, grade2, grade3, total_grade) values ('8', 3, 69, 1, 88, 18, 1, 3, 4, 8);

insert into episodes_information (episode_id, season_of_episode, chef_id, role_of_chef, recipe, ethnic_cuisine, grade1, grade2, grade3, total_grade) values ('9', 3, 4, 0, NULL, NULL, 1, NULL, NULL, NULL);
insert into episodes_information (episode_id, season_of_episode, chef_id, role_of_chef, recipe, ethnic_cuisine, grade1, grade2, grade3, total_grade) values ('9', 3, 10, 0, NULL, NULL, NULL, 1, NULL, NULL);
insert into episodes_information (episode_id, season_of_episode, chef_id, role_of_chef, recipe, ethnic_cuisine, grade1, grade2, grade3, total_grade) values ('9', 3, 18, 0, NULL, NULL, NULL, NULL, 1, NULL);

insert into episodes_information (episode_id, season_of_episode, chef_id, role_of_chef, recipe, ethnic_cuisine, grade1, grade2, grade3, total_grade) values ('9', 3, 48, 1, 19, 2, 5, 5, 3, 13);
insert into episodes_information (episode_id, season_of_episode, chef_id, role_of_chef, recipe, ethnic_cuisine, grade1, grade2, grade3, total_grade) values ('9', 3, 88, 1, 71, 3, 3, 4, 1, 8);
insert into episodes_information (episode_id, season_of_episode, chef_id, role_of_chef, recipe, ethnic_cuisine, grade1, grade2, grade3, total_grade) values ('9', 3, 84, 1, 63, 7, 5, 5, 4, 14);
insert into episodes_information (episode_id, season_of_episode, chef_id, role_of_chef, recipe, ethnic_cuisine, grade1, grade2, grade3, total_grade) values ('9', 3, 6, 1, 15, 17, 3, 2, 4, 9);
insert into episodes_information (episode_id, season_of_episode, chef_id, role_of_chef, recipe, ethnic_cuisine, grade1, grade2, grade3, total_grade) values ('9', 3, 98, 1, 56, 9, 2, 2, 1, 5);
insert into episodes_information (episode_id, season_of_episode, chef_id, role_of_chef, recipe, ethnic_cuisine, grade1, grade2, grade3, total_grade) values ('9', 3, 28, 1, 92, 18, 2, 5, 4, 11);
insert into episodes_information (episode_id, season_of_episode, chef_id, role_of_chef, recipe, ethnic_cuisine, grade1, grade2, grade3, total_grade) values ('9', 3, 62, 1, 38, 14, 4, 4, 1, 9);
insert into episodes_information (episode_id, season_of_episode, chef_id, role_of_chef, recipe, ethnic_cuisine, grade1, grade2, grade3, total_grade) values ('9', 3, 72, 1, 60, 12, 2, 4, 4, 10);
insert into episodes_information (episode_id, season_of_episode, chef_id, role_of_chef, recipe, ethnic_cuisine, grade1, grade2, grade3, total_grade) values ('9', 3, 53, 1, 85, 15, 5, 1, 2, 8);
insert into episodes_information (episode_id, season_of_episode, chef_id, role_of_chef, recipe, ethnic_cuisine, grade1, grade2, grade3, total_grade) values ('9', 3, 7, 1, 100, 16, 4, 3, 5, 12);

insert into episodes_information (episode_id, season_of_episode, chef_id, role_of_chef, recipe, ethnic_cuisine, grade1, grade2, grade3, total_grade) values ('10', 3, 65, 0, NULL, NULL, 1, NULL, NULL, NULL);
insert into episodes_information (episode_id, season_of_episode, chef_id, role_of_chef, recipe, ethnic_cuisine, grade1, grade2, grade3, total_grade) values ('10', 3, 43, 0, NULL, NULL, NULL, 1, NULL, NULL);
insert into episodes_information (episode_id, season_of_episode, chef_id, role_of_chef, recipe, ethnic_cuisine, grade1, grade2, grade3, total_grade) values ('10', 3, 98, 0, NULL, NULL, NULL, NULL, 1, NULL);

insert into episodes_information (episode_id, season_of_episode, chef_id, role_of_chef, recipe, ethnic_cuisine, grade1, grade2, grade3, total_grade) values ('10', 3, 99, 1, 69, 8, 4, 4, 5, 13);
insert into episodes_information (episode_id, season_of_episode, chef_id, role_of_chef, recipe, ethnic_cuisine, grade1, grade2, grade3, total_grade) values ('10', 3, 100, 1, 95, 5, 2, 5, 2, 9);
insert into episodes_information (episode_id, season_of_episode, chef_id, role_of_chef, recipe, ethnic_cuisine, grade1, grade2, grade3, total_grade) values ('10', 3, 5, 1, 71, 3, 2, 3, 4, 9);
insert into episodes_information (episode_id, season_of_episode, chef_id, role_of_chef, recipe, ethnic_cuisine, grade1, grade2, grade3, total_grade) values ('10', 3, 60, 1, 9, 6, 2, 3, 2, 7);
insert into episodes_information (episode_id, season_of_episode, chef_id, role_of_chef, recipe, ethnic_cuisine, grade1, grade2, grade3, total_grade) values ('10', 3, 4, 1, 37, 9, 5, 4, 1, 10);
insert into episodes_information (episode_id, season_of_episode, chef_id, role_of_chef, recipe, ethnic_cuisine, grade1, grade2, grade3, total_grade) values ('10', 3, 82, 1, 4, 4, 1, 3, 4, 8);
insert into episodes_information (episode_id, season_of_episode, chef_id, role_of_chef, recipe, ethnic_cuisine, grade1, grade2, grade3, total_grade) values ('10', 3, 1, 1, 7, 11, 4, 5, 1, 10);
insert into episodes_information (episode_id, season_of_episode, chef_id, role_of_chef, recipe, ethnic_cuisine, grade1, grade2, grade3, total_grade) values ('10', 3, 64, 1, 36, 1, 2, 4, 2, 8);
insert into episodes_information (episode_id, season_of_episode, chef_id, role_of_chef, recipe, ethnic_cuisine, grade1, grade2, grade3, total_grade) values ('10', 3, 36, 1, 3, 20, 5, 4, 5, 14);
insert into episodes_information (episode_id, season_of_episode, chef_id, role_of_chef, recipe, ethnic_cuisine, grade1, grade2, grade3, total_grade) values ('10', 3, 39, 1, 28, 13, 4, 3, 5, 12);

-- -------------------------------------  Forth Season ----------------------------------------- -----------------------------------------------------------------------------------------------------------
-- -----------------------------------------------------------------------------------------------------------------------------------------------------------------------------------------------------------


insert into episodes_information (episode_id, season_of_episode, chef_id, role_of_chef, recipe, ethnic_cuisine, grade1, grade2, grade3, total_grade) values ('1', 4, 8, 0, NULL, NULL, 1, NULL, NULL, NULL);
insert into episodes_information (episode_id, season_of_episode, chef_id, role_of_chef, recipe, ethnic_cuisine, grade1, grade2, grade3, total_grade) values ('1', 4, 7, 0, NULL, NULL, NULL, 1, NULL, NULL);
insert into episodes_information (episode_id, season_of_episode, chef_id, role_of_chef, recipe, ethnic_cuisine, grade1, grade2, grade3, total_grade) values ('1', 4, 6, 0, NULL, NULL, NULL, NULL, 1, NULL);

insert into episodes_information (episode_id, season_of_episode, chef_id, role_of_chef, recipe, ethnic_cuisine, grade1, grade2, grade3, total_grade) values ('1', 4, 94, 1, 4, 4, 3, 2, 5, 10);
insert into episodes_information (episode_id, season_of_episode, chef_id, role_of_chef, recipe, ethnic_cuisine, grade1, grade2, grade3, total_grade) values ('1', 4, 69, 1, 14, 2, 3, 5, 3, 11);
insert into episodes_information (episode_id, season_of_episode, chef_id, role_of_chef, recipe, ethnic_cuisine, grade1, grade2, grade3, total_grade) values ('1', 4, 81, 1, 29, 1, 4, 4, 2, 10);
insert into episodes_information (episode_id, season_of_episode, chef_id, role_of_chef, recipe, ethnic_cuisine, grade1, grade2, grade3, total_grade) values ('1', 4, 20, 1, 41, 3, 4, 2, 4, 10);
insert into episodes_information (episode_id, season_of_episode, chef_id, role_of_chef, recipe, ethnic_cuisine, grade1, grade2, grade3, total_grade) values ('1', 4, 10, 1, 8, 20, 4, 5, 3, 12);
insert into episodes_information (episode_id, season_of_episode, chef_id, role_of_chef, recipe, ethnic_cuisine, grade1, grade2, grade3, total_grade) values ('1', 4, 21, 1, 43, 5, 4, 1, 5, 10);
insert into episodes_information (episode_id, season_of_episode, chef_id, role_of_chef, recipe, ethnic_cuisine, grade1, grade2, grade3, total_grade) values ('1', 4, 41, 1, 19, 2, 2, 3, 2, 7);
insert into episodes_information (episode_id, season_of_episode, chef_id, role_of_chef, recipe, ethnic_cuisine, grade1, grade2, grade3, total_grade) values ('1', 4, 87, 1, 79, 10, 4, 1, 1, 6);
insert into episodes_information (episode_id, season_of_episode, chef_id, role_of_chef, recipe, ethnic_cuisine, grade1, grade2, grade3, total_grade) values ('1', 4, 4, 1, 25, 12, 2, 3, 1, 6);
insert into episodes_information (episode_id, season_of_episode, chef_id, role_of_chef, recipe, ethnic_cuisine, grade1, grade2, grade3, total_grade) values ('1', 4, 96, 1, 15, 17, 1, 5, 5, 11);

insert into episodes_information (episode_id, season_of_episode, chef_id, role_of_chef, recipe, ethnic_cuisine, grade1, grade2, grade3, total_grade) values ('2', 4, 8, 0, NULL, NULL, 1, NULL, NULL, NULL);
insert into episodes_information (episode_id, season_of_episode, chef_id, role_of_chef, recipe, ethnic_cuisine, grade1, grade2, grade3, total_grade) values ('2', 4, 9, 0, NULL, NULL, NULL, 1, NULL, NULL);
insert into episodes_information (episode_id, season_of_episode, chef_id, role_of_chef, recipe, ethnic_cuisine, grade1, grade2, grade3, total_grade) values ('2', 4, 1, 0, NULL, NULL, NULL, NULL, 1, NULL);

insert into episodes_information (episode_id, season_of_episode, chef_id, role_of_chef, recipe, ethnic_cuisine, grade1, grade2, grade3, total_grade) values ('2', 4, 66, 1, 51, 15, 5, 3, 4, 12);
insert into episodes_information (episode_id, season_of_episode, chef_id, role_of_chef, recipe, ethnic_cuisine, grade1, grade2, grade3, total_grade) values ('2', 4, 22, 1, 21, 17, 5, 1, 3, 9);
insert into episodes_information (episode_id, season_of_episode, chef_id, role_of_chef, recipe, ethnic_cuisine, grade1, grade2, grade3, total_grade) values ('2', 4, 88, 1, 71, 3, 1, 4, 5, 10);
insert into episodes_information (episode_id, season_of_episode, chef_id, role_of_chef, recipe, ethnic_cuisine, grade1, grade2, grade3, total_grade) values ('2', 4, 59, 1, 59, 13, 2, 2, 4, 8);
insert into episodes_information (episode_id, season_of_episode, chef_id, role_of_chef, recipe, ethnic_cuisine, grade1, grade2, grade3, total_grade) values ('2', 4, 52, 1, 68, 19, 1, 2, 4, 7);
insert into episodes_information (episode_id, season_of_episode, chef_id, role_of_chef, recipe, ethnic_cuisine, grade1, grade2, grade3, total_grade) values ('2', 4, 21, 1, 29, 1, 3, 5, 4, 12);
insert into episodes_information (episode_id, season_of_episode, chef_id, role_of_chef, recipe, ethnic_cuisine, grade1, grade2, grade3, total_grade) values ('2', 4, 38, 1, 30, 8, 1, 2, 4, 7);
insert into episodes_information (episode_id, season_of_episode, chef_id, role_of_chef, recipe, ethnic_cuisine, grade1, grade2, grade3, total_grade) values ('2', 4, 83, 1, 77, 12, 2, 5, 2, 9);
insert into episodes_information (episode_id, season_of_episode, chef_id, role_of_chef, recipe, ethnic_cuisine, grade1, grade2, grade3, total_grade) values ('2', 4, 23, 1, 80, 4, 4, 4, 3, 11);
insert into episodes_information (episode_id, season_of_episode, chef_id, role_of_chef, recipe, ethnic_cuisine, grade1, grade2, grade3, total_grade) values ('2', 4, 5, 1, 74, 6, 3, 1, 3, 7);

insert into episodes_information (episode_id, season_of_episode, chef_id, role_of_chef, recipe, ethnic_cuisine, grade1, grade2, grade3, total_grade) values ('3', 4, 88, 0, NULL, NULL, 1, NULL, NULL, NULL);
insert into episodes_information (episode_id, season_of_episode, chef_id, role_of_chef, recipe, ethnic_cuisine, grade1, grade2, grade3, total_grade) values ('3', 4, 97, 0, NULL, NULL, NULL, 1, NULL, NULL);
insert into episodes_information (episode_id, season_of_episode, chef_id, role_of_chef, recipe, ethnic_cuisine, grade1, grade2, grade3, total_grade) values ('3', 4, 6, 0, NULL, NULL, NULL, NULL, 1, NULL);

insert into episodes_information (episode_id, season_of_episode, chef_id, role_of_chef, recipe, ethnic_cuisine, grade1, grade2, grade3, total_grade) values ('3', 4, 52, 1, 91, 19, 3, 4, 3, 10);
insert into episodes_information (episode_id, season_of_episode, chef_id, role_of_chef, recipe, ethnic_cuisine, grade1, grade2, grade3, total_grade) values ('3', 4, 99, 1, 56, 9, 4, 4, 2, 10);
insert into episodes_information (episode_id, season_of_episode, chef_id, role_of_chef, recipe, ethnic_cuisine, grade1, grade2, grade3, total_grade) values ('3', 4, 61, 1, 74, 6, 1, 1, 1, 3);
insert into episodes_information (episode_id, season_of_episode, chef_id, role_of_chef, recipe, ethnic_cuisine, grade1, grade2, grade3, total_grade) values ('3', 4, 16, 1, 38, 14, 1, 5, 4, 10);
insert into episodes_information (episode_id, season_of_episode, chef_id, role_of_chef, recipe, ethnic_cuisine, grade1, grade2, grade3, total_grade) values ('3', 4, 1, 1, 7, 11, 4, 3, 4, 11);
insert into episodes_information (episode_id, season_of_episode, chef_id, role_of_chef, recipe, ethnic_cuisine, grade1, grade2, grade3, total_grade) values ('3', 4, 80, 1, 18, 10, 5, 1, 5, 11);
insert into episodes_information (episode_id, season_of_episode, chef_id, role_of_chef, recipe, ethnic_cuisine, grade1, grade2, grade3, total_grade) values ('3', 4, 50, 1, 45, 18, 1, 3, 1, 5);
insert into episodes_information (episode_id, season_of_episode, chef_id, role_of_chef, recipe, ethnic_cuisine, grade1, grade2, grade3, total_grade) values ('3', 4, 35, 1, 69, 8, 1, 3, 2, 6);
insert into episodes_information (episode_id, season_of_episode, chef_id, role_of_chef, recipe, ethnic_cuisine, grade1, grade2, grade3, total_grade) values ('3', 4, 63, 1, 47, 15, 2, 1, 1, 4);
insert into episodes_information (episode_id, season_of_episode, chef_id, role_of_chef, recipe, ethnic_cuisine, grade1, grade2, grade3, total_grade) values ('3', 4, 48, 1, 14, 2, 1, 2, 4, 7);

insert into episodes_information (episode_id, season_of_episode, chef_id, role_of_chef, recipe, ethnic_cuisine, grade1, grade2, grade3, total_grade) values ('4', 4, 1, 0, NULL, NULL, 1, NULL, NULL, NULL);
insert into episodes_information (episode_id, season_of_episode, chef_id, role_of_chef, recipe, ethnic_cuisine, grade1, grade2, grade3, total_grade) values ('4', 4, 2, 0, NULL, NULL, NULL, 1, NULL, NULL);
insert into episodes_information (episode_id, season_of_episode, chef_id, role_of_chef, recipe, ethnic_cuisine, grade1, grade2, grade3, total_grade) values ('4', 4, 3, 0, NULL, NULL, NULL, NULL, 1, NULL);

insert into episodes_information (episode_id, season_of_episode, chef_id, role_of_chef, recipe, ethnic_cuisine, grade1, grade2, grade3, total_grade) values ('4', 4, 42, 1, 43, 5, 5, 2, 1, 8);
insert into episodes_information (episode_id, season_of_episode, chef_id, role_of_chef, recipe, ethnic_cuisine, grade1, grade2, grade3, total_grade) values ('4', 4, 9, 1, 50, 17, 3, 3, 5, 11);
insert into episodes_information (episode_id, season_of_episode, chef_id, role_of_chef, recipe, ethnic_cuisine, grade1, grade2, grade3, total_grade) values ('4', 4, 7, 1, 25, 12, 2, 4, 1, 7);
insert into episodes_information (episode_id, season_of_episode, chef_id, role_of_chef, recipe, ethnic_cuisine, grade1, grade2, grade3, total_grade) values ('4', 4, 48, 1, 42, 20, 1, 3, 4, 8);
insert into episodes_information (episode_id, season_of_episode, chef_id, role_of_chef, recipe, ethnic_cuisine, grade1, grade2, grade3, total_grade) values ('4', 4, 71, 1, 89, 7, 1, 2, 2, 5);
insert into episodes_information (episode_id, season_of_episode, chef_id, role_of_chef, recipe, ethnic_cuisine, grade1, grade2, grade3, total_grade) values ('4', 4, 54, 1, 38, 14, 4, 1, 3, 8);
insert into episodes_information (episode_id, season_of_episode, chef_id, role_of_chef, recipe, ethnic_cuisine, grade1, grade2, grade3, total_grade) values ('4', 4, 37, 1, 97, 16, 3, 4, 3, 10);
insert into episodes_information (episode_id, season_of_episode, chef_id, role_of_chef, recipe, ethnic_cuisine, grade1, grade2, grade3, total_grade) values ('4', 4, 4, 1, 6, 9, 5, 2, 1, 8);
insert into episodes_information (episode_id, season_of_episode, chef_id, role_of_chef, recipe, ethnic_cuisine, grade1, grade2, grade3, total_grade) values ('4', 4, 51, 1, 19, 2, 3, 1, 5, 9);
insert into episodes_information (episode_id, season_of_episode, chef_id, role_of_chef, recipe, ethnic_cuisine, grade1, grade2, grade3, total_grade) values ('4', 4, 45, 1, 84, 13, 2, 4, 5, 11);

insert into episodes_information (episode_id, season_of_episode, chef_id, role_of_chef, recipe, ethnic_cuisine, grade1, grade2, grade3, total_grade) values ('5', 4, 1, 0, NULL, NULL, 1, NULL, NULL, NULL);
insert into episodes_information (episode_id, season_of_episode, chef_id, role_of_chef, recipe, ethnic_cuisine, grade1, grade2, grade3, total_grade) values ('5', 4, 2, 0, NULL, NULL, NULL, 1, NULL, NULL);
insert into episodes_information (episode_id, season_of_episode, chef_id, role_of_chef, recipe, ethnic_cuisine, grade1, grade2, grade3, total_grade) values ('5', 4, 3, 0, NULL, NULL, NULL, NULL, 1, NULL);

insert into episodes_information (episode_id, season_of_episode, chef_id, role_of_chef, recipe, ethnic_cuisine, grade1, grade2, grade3, total_grade) values ('5', 4, 95, 1, 94, 20, 1, 1, 1, 3);
insert into episodes_information (episode_id, season_of_episode, chef_id, role_of_chef, recipe, ethnic_cuisine, grade1, grade2, grade3, total_grade) values ('5', 4, 70, 1, 86, 10, 5, 2, 4, 11);
insert into episodes_information (episode_id, season_of_episode, chef_id, role_of_chef, recipe, ethnic_cuisine, grade1, grade2, grade3, total_grade) values ('5', 4, 64, 1, 36, 1, 3, 2, 3, 8);
insert into episodes_information (episode_id, season_of_episode, chef_id, role_of_chef, recipe, ethnic_cuisine, grade1, grade2, grade3, total_grade) values ('5', 4, 19, 1, 68, 19, 3, 1, 5, 9);
insert into episodes_information (episode_id, season_of_episode, chef_id, role_of_chef, recipe, ethnic_cuisine, grade1, grade2, grade3, total_grade) values ('5', 4, 28, 1, 1, 18, 2, 1, 4, 7);
insert into episodes_information (episode_id, season_of_episode, chef_id, role_of_chef, recipe, ethnic_cuisine, grade1, grade2, grade3, total_grade) values ('5', 4, 96, 1, 50, 17, 4, 3, 5, 12);
insert into episodes_information (episode_id, season_of_episode, chef_id, role_of_chef, recipe, ethnic_cuisine, grade1, grade2, grade3, total_grade) values ('5', 4, 44, 1, 80, 4, 4, 1, 2, 7);
insert into episodes_information (episode_id, season_of_episode, chef_id, role_of_chef, recipe, ethnic_cuisine, grade1, grade2, grade3, total_grade) values ('5', 4, 58, 1, 58, 15, 1, 4, 4, 9);
insert into episodes_information (episode_id, season_of_episode, chef_id, role_of_chef, recipe, ethnic_cuisine, grade1, grade2, grade3, total_grade) values ('5', 4, 97, 1, 72, 12, 4, 3, 2, 9);
insert into episodes_information (episode_id, season_of_episode, chef_id, role_of_chef, recipe, ethnic_cuisine, grade1, grade2, grade3, total_grade) values ('5', 4, 67, 1, 39, 7, 2, 5, 5, 12);

insert into episodes_information (episode_id, season_of_episode, chef_id, role_of_chef, recipe, ethnic_cuisine, grade1, grade2, grade3, total_grade) values ('6', 4, 99, 0, NULL, NULL, 1, NULL, NULL, NULL);
insert into episodes_information (episode_id, season_of_episode, chef_id, role_of_chef, recipe, ethnic_cuisine, grade1, grade2, grade3, total_grade) values ('6', 4, 98, 0, NULL, NULL, NULL, 1, NULL, NULL);
insert into episodes_information (episode_id, season_of_episode, chef_id, role_of_chef, recipe, ethnic_cuisine, grade1, grade2, grade3, total_grade) values ('6', 4, 97, 0, NULL, NULL, NULL, NULL, 1, NULL);

insert into episodes_information (episode_id, season_of_episode, chef_id, role_of_chef, recipe, ethnic_cuisine, grade1, grade2, grade3, total_grade) values ('6', 4, 53, 1, 87, 18, 3, 1, 5, 9);
insert into episodes_information (episode_id, season_of_episode, chef_id, role_of_chef, recipe, ethnic_cuisine, grade1, grade2, grade3, total_grade) values ('6', 4, 4, 1, 37, 9, 5, 2, 1, 8);
insert into episodes_information (episode_id, season_of_episode, chef_id, role_of_chef, recipe, ethnic_cuisine, grade1, grade2, grade3, total_grade) values ('6', 4, 64, 1, 31, 4, 3, 5, 1, 9);
insert into episodes_information (episode_id, season_of_episode, chef_id, role_of_chef, recipe, ethnic_cuisine, grade1, grade2, grade3, total_grade) values ('6', 4, 21, 1, 10, 5, 2, 1, 1, 4);
insert into episodes_information (episode_id, season_of_episode, chef_id, role_of_chef, recipe, ethnic_cuisine, grade1, grade2, grade3, total_grade) values ('6', 4, 26, 1, 29, 1, 2, 5, 5, 12);
insert into episodes_information (episode_id, season_of_episode, chef_id, role_of_chef, recipe, ethnic_cuisine, grade1, grade2, grade3, total_grade) values ('6', 4, 60, 1, 9, 6, 3, 5, 2, 10);
insert into episodes_information (episode_id, season_of_episode, chef_id, role_of_chef, recipe, ethnic_cuisine, grade1, grade2, grade3, total_grade) values ('6', 4, 37, 1, 100, 16, 3, 3, 5, 11);
insert into episodes_information (episode_id, season_of_episode, chef_id, role_of_chef, recipe, ethnic_cuisine, grade1, grade2, grade3, total_grade) values ('6', 4, 14, 1, 12, 8, 1, 3, 1, 5);
insert into episodes_information (episode_id, season_of_episode, chef_id, role_of_chef, recipe, ethnic_cuisine, grade1, grade2, grade3, total_grade) values ('6', 4, 66, 1, 14, 2, 1, 3, 5, 9);
insert into episodes_information (episode_id, season_of_episode, chef_id, role_of_chef, recipe, ethnic_cuisine, grade1, grade2, grade3, total_grade) values ('6', 4, 88, 1, 41, 3, 2, 4, 5, 11);

insert into episodes_information (episode_id, season_of_episode, chef_id, role_of_chef, recipe, ethnic_cuisine, grade1, grade2, grade3, total_grade) values ('7', 4, 91, 0, NULL, NULL, 1, NULL, NULL, NULL);
insert into episodes_information (episode_id, season_of_episode, chef_id, role_of_chef, recipe, ethnic_cuisine, grade1, grade2, grade3, total_grade) values ('7', 4, 5, 0, NULL, NULL, NULL, 1, NULL, NULL);
insert into episodes_information (episode_id, season_of_episode, chef_id, role_of_chef, recipe, ethnic_cuisine, grade1, grade2, grade3, total_grade) values ('7', 4, 48, 0, NULL, NULL, NULL, NULL, 1, NULL);

insert into episodes_information (episode_id, season_of_episode, chef_id, role_of_chef, recipe, ethnic_cuisine, grade1, grade2, grade3, total_grade) values ('7', 4, 88, 1, 2, 20, 2, 3, 2, 7);
insert into episodes_information (episode_id, season_of_episode, chef_id, role_of_chef, recipe, ethnic_cuisine, grade1, grade2, grade3, total_grade) values ('7', 4, 6, 1, 15, 17, 5, 4, 2, 11);
insert into episodes_information (episode_id, season_of_episode, chef_id, role_of_chef, recipe, ethnic_cuisine, grade1, grade2, grade3, total_grade) values ('7', 4, 54, 1, 38, 14, 4, 4, 4, 12);
insert into episodes_information (episode_id, season_of_episode, chef_id, role_of_chef, recipe, ethnic_cuisine, grade1, grade2, grade3, total_grade) values ('7', 4, 90, 1, 79, 10, 4, 4, 4, 12);
insert into episodes_information (episode_id, season_of_episode, chef_id, role_of_chef, recipe, ethnic_cuisine, grade1, grade2, grade3, total_grade) values ('7', 4, 77, 1, 37, 9, 3, 5, 5, 13);
insert into episodes_information (episode_id, season_of_episode, chef_id, role_of_chef, recipe, ethnic_cuisine, grade1, grade2, grade3, total_grade) values ('7', 4, 79, 1, 17, 8, 2, 2, 3, 7);
insert into episodes_information (episode_id, season_of_episode, chef_id, role_of_chef, recipe, ethnic_cuisine, grade1, grade2, grade3, total_grade) values ('7', 4, 70, 1, 71, 3, 1, 5, 1, 7);
insert into episodes_information (episode_id, season_of_episode, chef_id, role_of_chef, recipe, ethnic_cuisine, grade1, grade2, grade3, total_grade) values ('7', 4, 4, 1, 27, 12, 5, 5, 2, 12);
insert into episodes_information (episode_id, season_of_episode, chef_id, role_of_chef, recipe, ethnic_cuisine, grade1, grade2, grade3, total_grade) values ('7', 4, 46, 1, 19, 2, 3, 3, 4, 10);
insert into episodes_information (episode_id, season_of_episode, chef_id, role_of_chef, recipe, ethnic_cuisine, grade1, grade2, grade3, total_grade) values ('7', 4, 55, 1, 73, 11, 1, 5, 1, 7);

insert into episodes_information (episode_id, season_of_episode, chef_id, role_of_chef, recipe, ethnic_cuisine, grade1, grade2, grade3, total_grade) values ('8', 4, 45, 0, NULL, NULL, 1, NULL, NULL, NULL);
insert into episodes_information (episode_id, season_of_episode, chef_id, role_of_chef, recipe, ethnic_cuisine, grade1, grade2, grade3, total_grade) values ('8', 4, 3, 0, NULL, NULL, NULL, 1, NULL, NULL);
insert into episodes_information (episode_id, season_of_episode, chef_id, role_of_chef, recipe, ethnic_cuisine, grade1, grade2, grade3, total_grade) values ('8', 4, 48, 0, NULL, NULL, NULL, NULL, 1, NULL);

insert into episodes_information (episode_id, season_of_episode, chef_id, role_of_chef, recipe, ethnic_cuisine, grade1, grade2, grade3, total_grade) values ('8', 4, 100, 1, 10, 5, 2, 5, 4, 11);
insert into episodes_information (episode_id, season_of_episode, chef_id, role_of_chef, recipe, ethnic_cuisine, grade1, grade2, grade3, total_grade) values ('8', 4, 5, 1, 13, 6, 5, 5, 5, 15);
insert into episodes_information (episode_id, season_of_episode, chef_id, role_of_chef, recipe, ethnic_cuisine, grade1, grade2, grade3, total_grade) values ('8', 4, 1, 1, 7, 11, 3, 4, 4, 11);
insert into episodes_information (episode_id, season_of_episode, chef_id, role_of_chef, recipe, ethnic_cuisine, grade1, grade2, grade3, total_grade) values ('8', 4, 59, 1, 61, 13, 1, 1, 2, 4);
insert into episodes_information (episode_id, season_of_episode, chef_id, role_of_chef, recipe, ethnic_cuisine, grade1, grade2, grade3, total_grade) values ('8', 4, 78, 1, 97, 16, 5, 5, 3, 13);
insert into episodes_information (episode_id, season_of_episode, chef_id, role_of_chef, recipe, ethnic_cuisine, grade1, grade2, grade3, total_grade) values ('8', 4, 44, 1, 44, 1, 1, 1, 2, 4);
insert into episodes_information (episode_id, season_of_episode, chef_id, role_of_chef, recipe, ethnic_cuisine, grade1, grade2, grade3, total_grade) values ('8', 4, 17, 1, 31, 4, 4, 1, 1, 6);
insert into episodes_information (episode_id, season_of_episode, chef_id, role_of_chef, recipe, ethnic_cuisine, grade1, grade2, grade3, total_grade) values ('8', 4, 8, 1, 89, 7, 2, 2, 4, 8);
insert into episodes_information (episode_id, season_of_episode, chef_id, role_of_chef, recipe, ethnic_cuisine, grade1, grade2, grade3, total_grade) values ('8', 4, 66, 1, 58, 15, 3, 5, 5, 13);
insert into episodes_information (episode_id, season_of_episode, chef_id, role_of_chef, recipe, ethnic_cuisine, grade1, grade2, grade3, total_grade) values ('8', 4, 69, 1, 88, 18, 1, 3, 4, 8);

insert into episodes_information (episode_id, season_of_episode, chef_id, role_of_chef, recipe, ethnic_cuisine, grade1, grade2, grade3, total_grade) values ('9', 4, 54, 0, NULL, NULL, 1, NULL, NULL, NULL);
insert into episodes_information (episode_id, season_of_episode, chef_id, role_of_chef, recipe, ethnic_cuisine, grade1, grade2, grade3, total_grade) values ('9', 4, 50, 0, NULL, NULL, NULL, 1, NULL, NULL);
insert into episodes_information (episode_id, season_of_episode, chef_id, role_of_chef, recipe, ethnic_cuisine, grade1, grade2, grade3, total_grade) values ('9', 4, 55, 0, NULL, NULL, NULL, NULL, 1, NULL);

insert into episodes_information (episode_id, season_of_episode, chef_id, role_of_chef, recipe, ethnic_cuisine, grade1, grade2, grade3, total_grade) values ('9', 4, 48, 1, 19, 2, 5, 5, 3, 13);
insert into episodes_information (episode_id, season_of_episode, chef_id, role_of_chef, recipe, ethnic_cuisine, grade1, grade2, grade3, total_grade) values ('9', 4, 88, 1, 71, 3, 3, 4, 1, 8);
insert into episodes_information (episode_id, season_of_episode, chef_id, role_of_chef, recipe, ethnic_cuisine, grade1, grade2, grade3, total_grade) values ('9', 4, 84, 1, 63, 7, 5, 5, 4, 14);
insert into episodes_information (episode_id, season_of_episode, chef_id, role_of_chef, recipe, ethnic_cuisine, grade1, grade2, grade3, total_grade) values ('9', 4, 6, 1, 15, 17, 3, 2, 4, 9);
insert into episodes_information (episode_id, season_of_episode, chef_id, role_of_chef, recipe, ethnic_cuisine, grade1, grade2, grade3, total_grade) values ('9', 4, 98, 1, 56, 9, 2, 2, 1, 5);
insert into episodes_information (episode_id, season_of_episode, chef_id, role_of_chef, recipe, ethnic_cuisine, grade1, grade2, grade3, total_grade) values ('9', 4, 28, 1, 92, 18, 2, 5, 4, 11);
insert into episodes_information (episode_id, season_of_episode, chef_id, role_of_chef, recipe, ethnic_cuisine, grade1, grade2, grade3, total_grade) values ('9', 4, 62, 1, 38, 14, 4, 4, 1, 9);
insert into episodes_information (episode_id, season_of_episode, chef_id, role_of_chef, recipe, ethnic_cuisine, grade1, grade2, grade3, total_grade) values ('9', 4, 72, 1, 60, 12, 2, 4, 4, 10);
insert into episodes_information (episode_id, season_of_episode, chef_id, role_of_chef, recipe, ethnic_cuisine, grade1, grade2, grade3, total_grade) values ('9', 4, 53, 1, 85, 15, 5, 1, 2, 8);
insert into episodes_information (episode_id, season_of_episode, chef_id, role_of_chef, recipe, ethnic_cuisine, grade1, grade2, grade3, total_grade) values ('9', 4, 7, 1, 100, 16, 4, 3, 5, 12);

insert into episodes_information (episode_id, season_of_episode, chef_id, role_of_chef, recipe, ethnic_cuisine, grade1, grade2, grade3, total_grade) values ('10', 4, 50, 0, NULL, NULL, 1, NULL, NULL, NULL);
insert into episodes_information (episode_id, season_of_episode, chef_id, role_of_chef, recipe, ethnic_cuisine, grade1, grade2, grade3, total_grade) values ('10', 4, 61, 0, NULL, NULL, NULL, 1, NULL, NULL);
insert into episodes_information (episode_id, season_of_episode, chef_id, role_of_chef, recipe, ethnic_cuisine, grade1, grade2, grade3, total_grade) values ('10', 4, 62, 0, NULL, NULL, NULL, NULL, 1, NULL);

insert into episodes_information (episode_id, season_of_episode, chef_id, role_of_chef, recipe, ethnic_cuisine, grade1, grade2, grade3, total_grade) values ('10', 4, 99, 1, 69, 8, 4, 4, 5, 13);
insert into episodes_information (episode_id, season_of_episode, chef_id, role_of_chef, recipe, ethnic_cuisine, grade1, grade2, grade3, total_grade) values ('10', 4, 100, 1, 95, 5, 2, 5, 2, 9);
insert into episodes_information (episode_id, season_of_episode, chef_id, role_of_chef, recipe, ethnic_cuisine, grade1, grade2, grade3, total_grade) values ('10', 4, 5, 1, 71, 3, 2, 3, 4, 9);
insert into episodes_information (episode_id, season_of_episode, chef_id, role_of_chef, recipe, ethnic_cuisine, grade1, grade2, grade3, total_grade) values ('10', 4, 60, 1, 9, 6, 2, 3, 2, 7);
insert into episodes_information (episode_id, season_of_episode, chef_id, role_of_chef, recipe, ethnic_cuisine, grade1, grade2, grade3, total_grade) values ('10', 4, 4, 1, 37, 9, 5, 4, 1, 10);
insert into episodes_information (episode_id, season_of_episode, chef_id, role_of_chef, recipe, ethnic_cuisine, grade1, grade2, grade3, total_grade) values ('10', 4, 82, 1, 4, 4, 1, 3, 4, 8);
insert into episodes_information (episode_id, season_of_episode, chef_id, role_of_chef, recipe, ethnic_cuisine, grade1, grade2, grade3, total_grade) values ('10', 4, 1, 1, 7, 11, 4, 5, 1, 10);
insert into episodes_information (episode_id, season_of_episode, chef_id, role_of_chef, recipe, ethnic_cuisine, grade1, grade2, grade3, total_grade) values ('10', 4, 64, 1, 36, 1, 2, 4, 2, 8);
insert into episodes_information (episode_id, season_of_episode, chef_id, role_of_chef, recipe, ethnic_cuisine, grade1, grade2, grade3, total_grade) values ('10', 4, 36, 1, 3, 20, 5, 4, 5, 14);
insert into episodes_information (episode_id, season_of_episode, chef_id, role_of_chef, recipe, ethnic_cuisine, grade1, grade2, grade3, total_grade) values ('10', 4, 39, 1, 28, 13, 4, 3, 5, 12);

-- ----------------------------------------------------------- Fifth Season --------------------------------------------------------- -------------------------------------------
-- ------------------------------------------------------------------------------------------------------------------------------------------------------------------------------


insert into episodes_information (episode_id, season_of_episode, chef_id, role_of_chef, recipe, ethnic_cuisine, grade1, grade2, grade3, total_grade) values ('1', 5, 24, 0, NULL, NULL, 1, NULL, NULL, NULL);
insert into episodes_information (episode_id, season_of_episode, chef_id, role_of_chef, recipe, ethnic_cuisine, grade1, grade2, grade3, total_grade) values ('1', 5, 22, 0, NULL, NULL, NULL, 1, NULL, NULL);
insert into episodes_information (episode_id, season_of_episode, chef_id, role_of_chef, recipe, ethnic_cuisine, grade1, grade2, grade3, total_grade) values ('1', 5, 23, 0, NULL, NULL, NULL, NULL, 1, NULL);

insert into episodes_information (episode_id, season_of_episode, chef_id, role_of_chef, recipe, ethnic_cuisine, grade1, grade2, grade3, total_grade) values ('1', 5, 94, 1, 4, 4, 3, 2, 5, 10);
insert into episodes_information (episode_id, season_of_episode, chef_id, role_of_chef, recipe, ethnic_cuisine, grade1, grade2, grade3, total_grade) values ('1', 5, 69, 1, 14, 2, 3, 5, 3, 11);
insert into episodes_information (episode_id, season_of_episode, chef_id, role_of_chef, recipe, ethnic_cuisine, grade1, grade2, grade3, total_grade) values ('1', 5, 81, 1, 29, 1, 4, 4, 2, 10);
insert into episodes_information (episode_id, season_of_episode, chef_id, role_of_chef, recipe, ethnic_cuisine, grade1, grade2, grade3, total_grade) values ('1', 5, 20, 1, 41, 3, 4, 2, 4, 10);
insert into episodes_information (episode_id, season_of_episode, chef_id, role_of_chef, recipe, ethnic_cuisine, grade1, grade2, grade3, total_grade) values ('1', 5, 10, 1, 8, 20, 4, 5, 3, 12);
insert into episodes_information (episode_id, season_of_episode, chef_id, role_of_chef, recipe, ethnic_cuisine, grade1, grade2, grade3, total_grade) values ('1', 5, 21, 1, 43, 5, 4, 1, 5, 10);
insert into episodes_information (episode_id, season_of_episode, chef_id, role_of_chef, recipe, ethnic_cuisine, grade1, grade2, grade3, total_grade) values ('1', 5, 41, 1, 19, 2, 2, 3, 2, 7);
insert into episodes_information (episode_id, season_of_episode, chef_id, role_of_chef, recipe, ethnic_cuisine, grade1, grade2, grade3, total_grade) values ('1', 5, 87, 1, 79, 10, 4, 1, 1, 6);
insert into episodes_information (episode_id, season_of_episode, chef_id, role_of_chef, recipe, ethnic_cuisine, grade1, grade2, grade3, total_grade) values ('1', 5, 4, 1, 25, 12, 2, 3, 1, 6);
insert into episodes_information (episode_id, season_of_episode, chef_id, role_of_chef, recipe, ethnic_cuisine, grade1, grade2, grade3, total_grade) values ('1', 5, 96, 1, 15, 17, 1, 5, 5, 11);

insert into episodes_information (episode_id, season_of_episode, chef_id, role_of_chef, recipe, ethnic_cuisine, grade1, grade2, grade3, total_grade) values ('2', 5, 33, 0, NULL, NULL, 1, NULL, NULL, NULL);
insert into episodes_information (episode_id, season_of_episode, chef_id, role_of_chef, recipe, ethnic_cuisine, grade1, grade2, grade3, total_grade) values ('2', 5, 31, 0, NULL, NULL, NULL, 1, NULL, NULL);
insert into episodes_information (episode_id, season_of_episode, chef_id, role_of_chef, recipe, ethnic_cuisine, grade1, grade2, grade3, total_grade) values ('2', 5, 32, 0, NULL, NULL, NULL, NULL, 1, NULL);

insert into episodes_information (episode_id, season_of_episode, chef_id, role_of_chef, recipe, ethnic_cuisine, grade1, grade2, grade3, total_grade) values ('2', 5, 66, 1, 51, 15, 5, 3, 4, 12);
insert into episodes_information (episode_id, season_of_episode, chef_id, role_of_chef, recipe, ethnic_cuisine, grade1, grade2, grade3, total_grade) values ('2', 5, 22, 1, 21, 17, 5, 1, 3, 9);
insert into episodes_information (episode_id, season_of_episode, chef_id, role_of_chef, recipe, ethnic_cuisine, grade1, grade2, grade3, total_grade) values ('2', 5, 88, 1, 71, 3, 1, 4, 5, 10);
insert into episodes_information (episode_id, season_of_episode, chef_id, role_of_chef, recipe, ethnic_cuisine, grade1, grade2, grade3, total_grade) values ('2', 5, 59, 1, 59, 13, 2, 2, 4, 8);
insert into episodes_information (episode_id, season_of_episode, chef_id, role_of_chef, recipe, ethnic_cuisine, grade1, grade2, grade3, total_grade) values ('2', 5, 52, 1, 68, 19, 1, 2, 4, 7);
insert into episodes_information (episode_id, season_of_episode, chef_id, role_of_chef, recipe, ethnic_cuisine, grade1, grade2, grade3, total_grade) values ('2', 5, 21, 1, 29, 1, 3, 5, 4, 12);
insert into episodes_information (episode_id, season_of_episode, chef_id, role_of_chef, recipe, ethnic_cuisine, grade1, grade2, grade3, total_grade) values ('2', 5, 38, 1, 30, 8, 1, 2, 4, 7);
insert into episodes_information (episode_id, season_of_episode, chef_id, role_of_chef, recipe, ethnic_cuisine, grade1, grade2, grade3, total_grade) values ('2', 5, 83, 1, 77, 12, 2, 5, 2, 9);
insert into episodes_information (episode_id, season_of_episode, chef_id, role_of_chef, recipe, ethnic_cuisine, grade1, grade2, grade3, total_grade) values ('2', 5, 23, 1, 80, 4, 4, 4, 3, 11);
insert into episodes_information (episode_id, season_of_episode, chef_id, role_of_chef, recipe, ethnic_cuisine, grade1, grade2, grade3, total_grade) values ('2', 5, 5, 1, 74, 6, 3, 1, 3, 7);

insert into episodes_information (episode_id, season_of_episode, chef_id, role_of_chef, recipe, ethnic_cuisine, grade1, grade2, grade3, total_grade) values ('3', 5, 41, 0, NULL, NULL, 1, NULL, NULL, NULL);
insert into episodes_information (episode_id, season_of_episode, chef_id, role_of_chef, recipe, ethnic_cuisine, grade1, grade2, grade3, total_grade) values ('3', 5, 42, 0, NULL, NULL, NULL, 1, NULL, NULL);
insert into episodes_information (episode_id, season_of_episode, chef_id, role_of_chef, recipe, ethnic_cuisine, grade1, grade2, grade3, total_grade) values ('3', 5, 43, 0, NULL, NULL, NULL, NULL, 1, NULL);

insert into episodes_information (episode_id, season_of_episode, chef_id, role_of_chef, recipe, ethnic_cuisine, grade1, grade2, grade3, total_grade) values ('3', 5, 52, 1, 91, 19, 3, 4, 3, 10);
insert into episodes_information (episode_id, season_of_episode, chef_id, role_of_chef, recipe, ethnic_cuisine, grade1, grade2, grade3, total_grade) values ('3', 5, 99, 1, 56, 9, 4, 4, 2, 10);
insert into episodes_information (episode_id, season_of_episode, chef_id, role_of_chef, recipe, ethnic_cuisine, grade1, grade2, grade3, total_grade) values ('3', 5, 61, 1, 74, 6, 1, 1, 1, 3);
insert into episodes_information (episode_id, season_of_episode, chef_id, role_of_chef, recipe, ethnic_cuisine, grade1, grade2, grade3, total_grade) values ('3', 5, 16, 1, 38, 14, 1, 5, 4, 10);
insert into episodes_information (episode_id, season_of_episode, chef_id, role_of_chef, recipe, ethnic_cuisine, grade1, grade2, grade3, total_grade) values ('3', 5, 1, 1, 7, 11, 4, 3, 4, 11);
insert into episodes_information (episode_id, season_of_episode, chef_id, role_of_chef, recipe, ethnic_cuisine, grade1, grade2, grade3, total_grade) values ('3', 5, 80, 1, 18, 10, 5, 1, 5, 11);
insert into episodes_information (episode_id, season_of_episode, chef_id, role_of_chef, recipe, ethnic_cuisine, grade1, grade2, grade3, total_grade) values ('3', 5, 50, 1, 45, 18, 1, 3, 1, 5);
insert into episodes_information (episode_id, season_of_episode, chef_id, role_of_chef, recipe, ethnic_cuisine, grade1, grade2, grade3, total_grade) values ('3', 5, 35, 1, 69, 8, 1, 3, 2, 6);
insert into episodes_information (episode_id, season_of_episode, chef_id, role_of_chef, recipe, ethnic_cuisine, grade1, grade2, grade3, total_grade) values ('3', 5, 63, 1, 47, 15, 2, 1, 1, 4);
insert into episodes_information (episode_id, season_of_episode, chef_id, role_of_chef, recipe, ethnic_cuisine, grade1, grade2, grade3, total_grade) values ('3', 5, 48, 1, 14, 2, 1, 2, 4, 7);

insert into episodes_information (episode_id, season_of_episode, chef_id, role_of_chef, recipe, ethnic_cuisine, grade1, grade2, grade3, total_grade) values ('4', 5, 52, 0, NULL, NULL, 1, NULL, NULL, NULL);
insert into episodes_information (episode_id, season_of_episode, chef_id, role_of_chef, recipe, ethnic_cuisine, grade1, grade2, grade3, total_grade) values ('4', 5, 53, 0, NULL, NULL, NULL, 1, NULL, NULL);
insert into episodes_information (episode_id, season_of_episode, chef_id, role_of_chef, recipe, ethnic_cuisine, grade1, grade2, grade3, total_grade) values ('4', 5, 55, 0, NULL, NULL, NULL, NULL, 1, NULL);

insert into episodes_information (episode_id, season_of_episode, chef_id, role_of_chef, recipe, ethnic_cuisine, grade1, grade2, grade3, total_grade) values ('4', 5, 42, 1, 43, 5, 5, 2, 1, 8);
insert into episodes_information (episode_id, season_of_episode, chef_id, role_of_chef, recipe, ethnic_cuisine, grade1, grade2, grade3, total_grade) values ('4', 5, 9, 1, 50, 17, 3, 3, 5, 11);
insert into episodes_information (episode_id, season_of_episode, chef_id, role_of_chef, recipe, ethnic_cuisine, grade1, grade2, grade3, total_grade) values ('4', 5, 7, 1, 25, 12, 2, 4, 1, 7);
insert into episodes_information (episode_id, season_of_episode, chef_id, role_of_chef, recipe, ethnic_cuisine, grade1, grade2, grade3, total_grade) values ('4', 5, 48, 1, 42, 20, 1, 3, 4, 8);
insert into episodes_information (episode_id, season_of_episode, chef_id, role_of_chef, recipe, ethnic_cuisine, grade1, grade2, grade3, total_grade) values ('4', 5, 71, 1, 89, 7, 1, 2, 2, 5);
insert into episodes_information (episode_id, season_of_episode, chef_id, role_of_chef, recipe, ethnic_cuisine, grade1, grade2, grade3, total_grade) values ('4', 5, 54, 1, 38, 14, 4, 1, 3, 8);
insert into episodes_information (episode_id, season_of_episode, chef_id, role_of_chef, recipe, ethnic_cuisine, grade1, grade2, grade3, total_grade) values ('4', 5, 37, 1, 97, 16, 3, 4, 3, 10);
insert into episodes_information (episode_id, season_of_episode, chef_id, role_of_chef, recipe, ethnic_cuisine, grade1, grade2, grade3, total_grade) values ('4', 5, 4, 1, 6, 9, 5, 2, 1, 8);
insert into episodes_information (episode_id, season_of_episode, chef_id, role_of_chef, recipe, ethnic_cuisine, grade1, grade2, grade3, total_grade) values ('4', 5, 51, 1, 19, 2, 3, 1, 5, 9);
insert into episodes_information (episode_id, season_of_episode, chef_id, role_of_chef, recipe, ethnic_cuisine, grade1, grade2, grade3, total_grade) values ('4', 5, 45, 1, 84, 13, 2, 4, 5, 11);

insert into episodes_information (episode_id, season_of_episode, chef_id, role_of_chef, recipe, ethnic_cuisine, grade1, grade2, grade3, total_grade) values ('5', 5, 71, 0, NULL, NULL, 1, NULL, NULL, NULL);
insert into episodes_information (episode_id, season_of_episode, chef_id, role_of_chef, recipe, ethnic_cuisine, grade1, grade2, grade3, total_grade) values ('5', 5, 72, 0, NULL, NULL, NULL, 1, NULL, NULL);
insert into episodes_information (episode_id, season_of_episode, chef_id, role_of_chef, recipe, ethnic_cuisine, grade1, grade2, grade3, total_grade) values ('5', 5, 73, 0, NULL, NULL, NULL, NULL, 1, NULL);

insert into episodes_information (episode_id, season_of_episode, chef_id, role_of_chef, recipe, ethnic_cuisine, grade1, grade2, grade3, total_grade) values ('5', 5, 95, 1, 94, 20, 1, 1, 1, 3);
insert into episodes_information (episode_id, season_of_episode, chef_id, role_of_chef, recipe, ethnic_cuisine, grade1, grade2, grade3, total_grade) values ('5', 5, 70, 1, 86, 10, 5, 2, 4, 11);
insert into episodes_information (episode_id, season_of_episode, chef_id, role_of_chef, recipe, ethnic_cuisine, grade1, grade2, grade3, total_grade) values ('5', 5, 64, 1, 36, 1, 3, 2, 3, 8);
insert into episodes_information (episode_id, season_of_episode, chef_id, role_of_chef, recipe, ethnic_cuisine, grade1, grade2, grade3, total_grade) values ('5', 5, 19, 1, 68, 19, 3, 1, 5, 9);
insert into episodes_information (episode_id, season_of_episode, chef_id, role_of_chef, recipe, ethnic_cuisine, grade1, grade2, grade3, total_grade) values ('5', 5, 28, 1, 1, 18, 2, 1, 4, 7);
insert into episodes_information (episode_id, season_of_episode, chef_id, role_of_chef, recipe, ethnic_cuisine, grade1, grade2, grade3, total_grade) values ('5', 5, 96, 1, 50, 17, 4, 3, 5, 12);
insert into episodes_information (episode_id, season_of_episode, chef_id, role_of_chef, recipe, ethnic_cuisine, grade1, grade2, grade3, total_grade) values ('5', 5, 44, 1, 80, 4, 4, 1, 2, 7);
insert into episodes_information (episode_id, season_of_episode, chef_id, role_of_chef, recipe, ethnic_cuisine, grade1, grade2, grade3, total_grade) values ('5', 5, 58, 1, 58, 15, 1, 4, 4, 9);
insert into episodes_information (episode_id, season_of_episode, chef_id, role_of_chef, recipe, ethnic_cuisine, grade1, grade2, grade3, total_grade) values ('5', 5, 97, 1, 72, 12, 4, 3, 2, 9);
insert into episodes_information (episode_id, season_of_episode, chef_id, role_of_chef, recipe, ethnic_cuisine, grade1, grade2, grade3, total_grade) values ('5', 5, 67, 1, 39, 7, 2, 5, 5, 12);

insert into episodes_information (episode_id, season_of_episode, chef_id, role_of_chef, recipe, ethnic_cuisine, grade1, grade2, grade3, total_grade) values ('6', 5, 61, 0, NULL, NULL, 1, NULL, NULL, NULL);
insert into episodes_information (episode_id, season_of_episode, chef_id, role_of_chef, recipe, ethnic_cuisine, grade1, grade2, grade3, total_grade) values ('6', 5, 100, 0, NULL, NULL, NULL, 1, NULL, NULL);
insert into episodes_information (episode_id, season_of_episode, chef_id, role_of_chef, recipe, ethnic_cuisine, grade1, grade2, grade3, total_grade) values ('6', 5, 24, 0, NULL, NULL, NULL, NULL, 1, NULL);

insert into episodes_information (episode_id, season_of_episode, chef_id, role_of_chef, recipe, ethnic_cuisine, grade1, grade2, grade3, total_grade) values ('6', 5, 53, 1, 87, 18, 3, 1, 5, 9);
insert into episodes_information (episode_id, season_of_episode, chef_id, role_of_chef, recipe, ethnic_cuisine, grade1, grade2, grade3, total_grade) values ('6', 5, 4, 1, 37, 9, 5, 2, 1, 8);
insert into episodes_information (episode_id, season_of_episode, chef_id, role_of_chef, recipe, ethnic_cuisine, grade1, grade2, grade3, total_grade) values ('6', 5, 64, 1, 31, 4, 3, 5, 1, 9);
insert into episodes_information (episode_id, season_of_episode, chef_id, role_of_chef, recipe, ethnic_cuisine, grade1, grade2, grade3, total_grade) values ('6', 5, 21, 1, 10, 5, 2, 1, 1, 4);
insert into episodes_information (episode_id, season_of_episode, chef_id, role_of_chef, recipe, ethnic_cuisine, grade1, grade2, grade3, total_grade) values ('6', 5, 26, 1, 29, 1, 2, 5, 5, 12);
insert into episodes_information (episode_id, season_of_episode, chef_id, role_of_chef, recipe, ethnic_cuisine, grade1, grade2, grade3, total_grade) values ('6', 5, 60, 1, 9, 6, 3, 5, 2, 10);
insert into episodes_information (episode_id, season_of_episode, chef_id, role_of_chef, recipe, ethnic_cuisine, grade1, grade2, grade3, total_grade) values ('6', 5, 37, 1, 100, 16, 3, 3, 5, 11);
insert into episodes_information (episode_id, season_of_episode, chef_id, role_of_chef, recipe, ethnic_cuisine, grade1, grade2, grade3, total_grade) values ('6', 5, 14, 1, 12, 8, 1, 3, 1, 5);
insert into episodes_information (episode_id, season_of_episode, chef_id, role_of_chef, recipe, ethnic_cuisine, grade1, grade2, grade3, total_grade) values ('6', 5, 66, 1, 14, 2, 1, 3, 5, 9);
insert into episodes_information (episode_id, season_of_episode, chef_id, role_of_chef, recipe, ethnic_cuisine, grade1, grade2, grade3, total_grade) values ('6', 5, 88, 1, 41, 3, 2, 4, 5, 11);

insert into episodes_information (episode_id, season_of_episode, chef_id, role_of_chef, recipe, ethnic_cuisine, grade1, grade2, grade3, total_grade) values ('7', 5, 91, 0, NULL, NULL, 1, NULL, NULL, NULL);
insert into episodes_information (episode_id, season_of_episode, chef_id, role_of_chef, recipe, ethnic_cuisine, grade1, grade2, grade3, total_grade) values ('7', 5, 92, 0, NULL, NULL, NULL, 1, NULL, NULL);
insert into episodes_information (episode_id, season_of_episode, chef_id, role_of_chef, recipe, ethnic_cuisine, grade1, grade2, grade3, total_grade) values ('7', 5, 93, 0, NULL, NULL, NULL, NULL, 1, NULL);

insert into episodes_information (episode_id, season_of_episode, chef_id, role_of_chef, recipe, ethnic_cuisine, grade1, grade2, grade3, total_grade) values ('7', 5, 88, 1, 2, 20, 2, 3, 2, 7);
insert into episodes_information (episode_id, season_of_episode, chef_id, role_of_chef, recipe, ethnic_cuisine, grade1, grade2, grade3, total_grade) values ('7', 5, 6, 1, 15, 17, 5, 4, 2, 11);
insert into episodes_information (episode_id, season_of_episode, chef_id, role_of_chef, recipe, ethnic_cuisine, grade1, grade2, grade3, total_grade) values ('7', 5, 54, 1, 38, 14, 4, 4, 4, 12);
insert into episodes_information (episode_id, season_of_episode, chef_id, role_of_chef, recipe, ethnic_cuisine, grade1, grade2, grade3, total_grade) values ('7', 5, 90, 1, 79, 10, 4, 4, 4, 12);
insert into episodes_information (episode_id, season_of_episode, chef_id, role_of_chef, recipe, ethnic_cuisine, grade1, grade2, grade3, total_grade) values ('7', 5, 77, 1, 37, 9, 3, 5, 5, 13);
insert into episodes_information (episode_id, season_of_episode, chef_id, role_of_chef, recipe, ethnic_cuisine, grade1, grade2, grade3, total_grade) values ('7', 5, 79, 1, 17, 8, 2, 2, 3, 7);
insert into episodes_information (episode_id, season_of_episode, chef_id, role_of_chef, recipe, ethnic_cuisine, grade1, grade2, grade3, total_grade) values ('7', 5, 70, 1, 71, 3, 1, 5, 1, 7);
insert into episodes_information (episode_id, season_of_episode, chef_id, role_of_chef, recipe, ethnic_cuisine, grade1, grade2, grade3, total_grade) values ('7', 5, 4, 1, 27, 12, 5, 5, 2, 12);
insert into episodes_information (episode_id, season_of_episode, chef_id, role_of_chef, recipe, ethnic_cuisine, grade1, grade2, grade3, total_grade) values ('7', 5, 46, 1, 19, 2, 3, 3, 4, 10);
insert into episodes_information (episode_id, season_of_episode, chef_id, role_of_chef, recipe, ethnic_cuisine, grade1, grade2, grade3, total_grade) values ('7', 5, 55, 1, 73, 11, 1, 5, 1, 7);

insert into episodes_information (episode_id, season_of_episode, chef_id, role_of_chef, recipe, ethnic_cuisine, grade1, grade2, grade3, total_grade) values ('8', 5, 6, 0, NULL, NULL, 1, NULL, NULL, NULL);
insert into episodes_information (episode_id, season_of_episode, chef_id, role_of_chef, recipe, ethnic_cuisine, grade1, grade2, grade3, total_grade) values ('8', 5, 7, 0, NULL, NULL, NULL, 1, NULL, NULL);
insert into episodes_information (episode_id, season_of_episode, chef_id, role_of_chef, recipe, ethnic_cuisine, grade1, grade2, grade3, total_grade) values ('8', 5, 4, 0, NULL, NULL, NULL, NULL, 1, NULL);

insert into episodes_information (episode_id, season_of_episode, chef_id, role_of_chef, recipe, ethnic_cuisine, grade1, grade2, grade3, total_grade) values ('8', 5, 100, 1, 10, 5, 2, 5, 4, 11);
insert into episodes_information (episode_id, season_of_episode, chef_id, role_of_chef, recipe, ethnic_cuisine, grade1, grade2, grade3, total_grade) values ('8', 5, 5, 1, 13, 6, 5, 5, 5, 15);
insert into episodes_information (episode_id, season_of_episode, chef_id, role_of_chef, recipe, ethnic_cuisine, grade1, grade2, grade3, total_grade) values ('8', 5, 1, 1, 7, 11, 3, 4, 4, 11);
insert into episodes_information (episode_id, season_of_episode, chef_id, role_of_chef, recipe, ethnic_cuisine, grade1, grade2, grade3, total_grade) values ('8', 5, 59, 1, 61, 13, 1, 1, 2, 4);
insert into episodes_information (episode_id, season_of_episode, chef_id, role_of_chef, recipe, ethnic_cuisine, grade1, grade2, grade3, total_grade) values ('8', 5, 78, 1, 97, 16, 5, 5, 3, 13);
insert into episodes_information (episode_id, season_of_episode, chef_id, role_of_chef, recipe, ethnic_cuisine, grade1, grade2, grade3, total_grade) values ('8', 5, 44, 1, 44, 1, 1, 1, 2, 4);
insert into episodes_information (episode_id, season_of_episode, chef_id, role_of_chef, recipe, ethnic_cuisine, grade1, grade2, grade3, total_grade) values ('8', 5, 17, 1, 31, 4, 4, 1, 1, 6);
insert into episodes_information (episode_id, season_of_episode, chef_id, role_of_chef, recipe, ethnic_cuisine, grade1, grade2, grade3, total_grade) values ('8', 5, 8, 1, 89, 7, 2, 2, 4, 8);
insert into episodes_information (episode_id, season_of_episode, chef_id, role_of_chef, recipe, ethnic_cuisine, grade1, grade2, grade3, total_grade) values ('8', 5, 66, 1, 58, 15, 3, 5, 5, 13);
insert into episodes_information (episode_id, season_of_episode, chef_id, role_of_chef, recipe, ethnic_cuisine, grade1, grade2, grade3, total_grade) values ('8', 5, 69, 1, 88, 18, 1, 3, 4, 8);

insert into episodes_information (episode_id, season_of_episode, chef_id, role_of_chef, recipe, ethnic_cuisine, grade1, grade2, grade3, total_grade) values ('9', 5, 4, 0, NULL, NULL, 1, NULL, NULL, NULL);
insert into episodes_information (episode_id, season_of_episode, chef_id, role_of_chef, recipe, ethnic_cuisine, grade1, grade2, grade3, total_grade) values ('9', 5, 100, 0, NULL, NULL, NULL, 1, NULL, NULL);
insert into episodes_information (episode_id, season_of_episode, chef_id, role_of_chef, recipe, ethnic_cuisine, grade1, grade2, grade3, total_grade) values ('9', 5, 1, 0, NULL, NULL, NULL, NULL, 1, NULL);

insert into episodes_information (episode_id, season_of_episode, chef_id, role_of_chef, recipe, ethnic_cuisine, grade1, grade2, grade3, total_grade) values ('9', 5, 48, 1, 19, 2, 5, 5, 3, 13);
insert into episodes_information (episode_id, season_of_episode, chef_id, role_of_chef, recipe, ethnic_cuisine, grade1, grade2, grade3, total_grade) values ('9', 5, 88, 1, 71, 3, 3, 4, 1, 8);
insert into episodes_information (episode_id, season_of_episode, chef_id, role_of_chef, recipe, ethnic_cuisine, grade1, grade2, grade3, total_grade) values ('9', 5, 84, 1, 63, 7, 5, 5, 4, 14);
insert into episodes_information (episode_id, season_of_episode, chef_id, role_of_chef, recipe, ethnic_cuisine, grade1, grade2, grade3, total_grade) values ('9', 5, 6, 1, 15, 17, 3, 2, 4, 9);
insert into episodes_information (episode_id, season_of_episode, chef_id, role_of_chef, recipe, ethnic_cuisine, grade1, grade2, grade3, total_grade) values ('9', 5, 98, 1, 56, 9, 2, 2, 1, 5);
insert into episodes_information (episode_id, season_of_episode, chef_id, role_of_chef, recipe, ethnic_cuisine, grade1, grade2, grade3, total_grade) values ('9', 5, 28, 1, 92, 18, 2, 5, 4, 11);
insert into episodes_information (episode_id, season_of_episode, chef_id, role_of_chef, recipe, ethnic_cuisine, grade1, grade2, grade3, total_grade) values ('9', 5, 62, 1, 38, 14, 4, 4, 1, 9);
insert into episodes_information (episode_id, season_of_episode, chef_id, role_of_chef, recipe, ethnic_cuisine, grade1, grade2, grade3, total_grade) values ('9', 5, 72, 1, 60, 12, 2, 4, 4, 10);
insert into episodes_information (episode_id, season_of_episode, chef_id, role_of_chef, recipe, ethnic_cuisine, grade1, grade2, grade3, total_grade) values ('9', 5, 53, 1, 85, 15, 5, 1, 2, 8);
insert into episodes_information (episode_id, season_of_episode, chef_id, role_of_chef, recipe, ethnic_cuisine, grade1, grade2, grade3, total_grade) values ('9', 5, 7, 1, 100, 16, 4, 3, 5, 12);

insert into episodes_information (episode_id, season_of_episode, chef_id, role_of_chef, recipe, ethnic_cuisine, grade1, grade2, grade3, total_grade) values ('10', 5, 77, 0, NULL, NULL, 1, NULL, NULL, NULL);
insert into episodes_information (episode_id, season_of_episode, chef_id, role_of_chef, recipe, ethnic_cuisine, grade1, grade2, grade3, total_grade) values ('10', 5, 27, 0, NULL, NULL, NULL, 1, NULL, NULL);
insert into episodes_information (episode_id, season_of_episode, chef_id, role_of_chef, recipe, ethnic_cuisine, grade1, grade2, grade3, total_grade) values ('10', 5, 33, 0, NULL, NULL, NULL, NULL, 1, NULL);

insert into episodes_information (episode_id, season_of_episode, chef_id, role_of_chef, recipe, ethnic_cuisine, grade1, grade2, grade3, total_grade) values ('10', 5, 99, 1, 69, 8, 4, 4, 5, 13);
insert into episodes_information (episode_id, season_of_episode, chef_id, role_of_chef, recipe, ethnic_cuisine, grade1, grade2, grade3, total_grade) values ('10', 5, 100, 1, 95, 5, 2, 5, 2, 9);
insert into episodes_information (episode_id, season_of_episode, chef_id, role_of_chef, recipe, ethnic_cuisine, grade1, grade2, grade3, total_grade) values ('10', 5, 5, 1, 71, 3, 2, 3, 4, 9);
insert into episodes_information (episode_id, season_of_episode, chef_id, role_of_chef, recipe, ethnic_cuisine, grade1, grade2, grade3, total_grade) values ('10', 5, 60, 1, 9, 6, 2, 3, 2, 7);
insert into episodes_information (episode_id, season_of_episode, chef_id, role_of_chef, recipe, ethnic_cuisine, grade1, grade2, grade3, total_grade) values ('10', 5, 4, 1, 37, 9, 5, 4, 1, 10);
insert into episodes_information (episode_id, season_of_episode, chef_id, role_of_chef, recipe, ethnic_cuisine, grade1, grade2, grade3, total_grade) values ('10', 5, 82, 1, 4, 4, 1, 3, 4, 8);
insert into episodes_information (episode_id, season_of_episode, chef_id, role_of_chef, recipe, ethnic_cuisine, grade1, grade2, grade3, total_grade) values ('10', 5, 1, 1, 7, 11, 4, 5, 1, 10);
insert into episodes_information (episode_id, season_of_episode, chef_id, role_of_chef, recipe, ethnic_cuisine, grade1, grade2, grade3, total_grade) values ('10', 5, 64, 1, 36, 1, 2, 4, 2, 8);
insert into episodes_information (episode_id, season_of_episode, chef_id, role_of_chef, recipe, ethnic_cuisine, grade1, grade2, grade3, total_grade) values ('10', 5, 36, 1, 3, 20, 5, 4, 5, 14);
insert into episodes_information (episode_id, season_of_episode, chef_id, role_of_chef, recipe, ethnic_cuisine, grade1, grade2, grade3, total_grade) values ('10', 5, 39, 1, 28, 13, 4, 3, 5, 12);


INSERT INTO steps_of_recipe (recipe_id, step_id, counter_for_recipe) VALUES (1, 235, 1);
INSERT INTO steps_of_recipe (recipe_id, step_id, counter_for_recipe) VALUES (1, 347, 2);
INSERT INTO steps_of_recipe (recipe_id, step_id, counter_for_recipe) VALUES (2, 80, 1);
INSERT INTO steps_of_recipe (recipe_id, step_id, counter_for_recipe) VALUES (2, 264, 2);
INSERT INTO steps_of_recipe (recipe_id, step_id, counter_for_recipe) VALUES (2, 313, 3);
INSERT INTO steps_of_recipe (recipe_id, step_id, counter_for_recipe) VALUES (2, 17, 4);
INSERT INTO steps_of_recipe (recipe_id, step_id, counter_for_recipe) VALUES (2, 153, 5);
INSERT INTO steps_of_recipe (recipe_id, step_id, counter_for_recipe) VALUES (2, 242, 6);
INSERT INTO steps_of_recipe (recipe_id, step_id, counter_for_recipe) VALUES (2, 15, 7);
INSERT INTO steps_of_recipe (recipe_id, step_id, counter_for_recipe) VALUES (2, 299, 8);
INSERT INTO steps_of_recipe (recipe_id, step_id, counter_for_recipe) VALUES (2, 229, 9);
INSERT INTO steps_of_recipe (recipe_id, step_id, counter_for_recipe) VALUES (2, 37, 10);
INSERT INTO steps_of_recipe (recipe_id, step_id, counter_for_recipe) VALUES (3, 449, 1);
INSERT INTO steps_of_recipe (recipe_id, step_id, counter_for_recipe) VALUES (3, 352, 2);
INSERT INTO steps_of_recipe (recipe_id, step_id, counter_for_recipe) VALUES (3, 12, 3);
INSERT INTO steps_of_recipe (recipe_id, step_id, counter_for_recipe) VALUES (3, 93, 4);
INSERT INTO steps_of_recipe (recipe_id, step_id, counter_for_recipe) VALUES (3, 76, 5);
INSERT INTO steps_of_recipe (recipe_id, step_id, counter_for_recipe) VALUES (3, 469, 6);
INSERT INTO steps_of_recipe (recipe_id, step_id, counter_for_recipe) VALUES (4, 162, 1);
INSERT INTO steps_of_recipe (recipe_id, step_id, counter_for_recipe) VALUES (4, 64, 2);
INSERT INTO steps_of_recipe (recipe_id, step_id, counter_for_recipe) VALUES (5, 486, 1);
INSERT INTO steps_of_recipe (recipe_id, step_id, counter_for_recipe) VALUES (5, 179, 2);
INSERT INTO steps_of_recipe (recipe_id, step_id, counter_for_recipe) VALUES (5, 144, 3);
INSERT INTO steps_of_recipe (recipe_id, step_id, counter_for_recipe) VALUES (5, 69, 4);
INSERT INTO steps_of_recipe (recipe_id, step_id, counter_for_recipe) VALUES (6, 476, 1);
INSERT INTO steps_of_recipe (recipe_id, step_id, counter_for_recipe) VALUES (6, 83, 2);
INSERT INTO steps_of_recipe (recipe_id, step_id, counter_for_recipe) VALUES (6, 140, 3);
INSERT INTO steps_of_recipe (recipe_id, step_id, counter_for_recipe) VALUES (6, 238, 4);
INSERT INTO steps_of_recipe (recipe_id, step_id, counter_for_recipe) VALUES (6, 34, 5);
INSERT INTO steps_of_recipe (recipe_id, step_id, counter_for_recipe) VALUES (6, 90, 6);
INSERT INTO steps_of_recipe (recipe_id, step_id, counter_for_recipe) VALUES (7, 371, 1);
INSERT INTO steps_of_recipe (recipe_id, step_id, counter_for_recipe) VALUES (7, 239, 2);
INSERT INTO steps_of_recipe (recipe_id, step_id, counter_for_recipe) VALUES (7, 301, 3);
INSERT INTO steps_of_recipe (recipe_id, step_id, counter_for_recipe) VALUES (7, 420, 4);
INSERT INTO steps_of_recipe (recipe_id, step_id, counter_for_recipe) VALUES (8, 276, 1);
INSERT INTO steps_of_recipe (recipe_id, step_id, counter_for_recipe) VALUES (8, 389, 2);
INSERT INTO steps_of_recipe (recipe_id, step_id, counter_for_recipe) VALUES (8, 401, 3);
INSERT INTO steps_of_recipe (recipe_id, step_id, counter_for_recipe) VALUES (9, 261, 1);
INSERT INTO steps_of_recipe (recipe_id, step_id, counter_for_recipe) VALUES (9, 317, 2);
INSERT INTO steps_of_recipe (recipe_id, step_id, counter_for_recipe) VALUES (9, 82, 3);
INSERT INTO steps_of_recipe (recipe_id, step_id, counter_for_recipe) VALUES (10, 212, 1);
INSERT INTO steps_of_recipe (recipe_id, step_id, counter_for_recipe) VALUES (10, 117, 2);
INSERT INTO steps_of_recipe (recipe_id, step_id, counter_for_recipe) VALUES (10, 419, 3);
INSERT INTO steps_of_recipe (recipe_id, step_id, counter_for_recipe) VALUES (10, 215, 4);
INSERT INTO steps_of_recipe (recipe_id, step_id, counter_for_recipe) VALUES (10, 202, 5);
INSERT INTO steps_of_recipe (recipe_id, step_id, counter_for_recipe) VALUES (10, 409, 6);
INSERT INTO steps_of_recipe (recipe_id, step_id, counter_for_recipe) VALUES (10, 39, 7);
INSERT INTO steps_of_recipe (recipe_id, step_id, counter_for_recipe) VALUES (10, 214, 8);
INSERT INTO steps_of_recipe (recipe_id, step_id, counter_for_recipe) VALUES (10, 495, 9);
INSERT INTO steps_of_recipe (recipe_id, step_id, counter_for_recipe) VALUES (11, 326, 1);
INSERT INTO steps_of_recipe (recipe_id, step_id, counter_for_recipe) VALUES (11, 197, 2);
INSERT INTO steps_of_recipe (recipe_id, step_id, counter_for_recipe) VALUES (11, 111, 3);
INSERT INTO steps_of_recipe (recipe_id, step_id, counter_for_recipe) VALUES (11, 245, 4);
INSERT INTO steps_of_recipe (recipe_id, step_id, counter_for_recipe) VALUES (11, 69, 5);
INSERT INTO steps_of_recipe (recipe_id, step_id, counter_for_recipe) VALUES (12, 195, 1);
INSERT INTO steps_of_recipe (recipe_id, step_id, counter_for_recipe) VALUES (12, 470, 2);
INSERT INTO steps_of_recipe (recipe_id, step_id, counter_for_recipe) VALUES (12, 275, 3);
INSERT INTO steps_of_recipe (recipe_id, step_id, counter_for_recipe) VALUES (12, 19, 4);
INSERT INTO steps_of_recipe (recipe_id, step_id, counter_for_recipe) VALUES (13, 462, 1);
INSERT INTO steps_of_recipe (recipe_id, step_id, counter_for_recipe) VALUES (13, 464, 2);
INSERT INTO steps_of_recipe (recipe_id, step_id, counter_for_recipe) VALUES (13, 77, 3);
INSERT INTO steps_of_recipe (recipe_id, step_id, counter_for_recipe) VALUES (13, 148, 4);
INSERT INTO steps_of_recipe (recipe_id, step_id, counter_for_recipe) VALUES (13, 5, 5);
INSERT INTO steps_of_recipe (recipe_id, step_id, counter_for_recipe) VALUES (13, 277, 6);
INSERT INTO steps_of_recipe (recipe_id, step_id, counter_for_recipe) VALUES (13, 395, 7);
INSERT INTO steps_of_recipe (recipe_id, step_id, counter_for_recipe) VALUES (13, 407, 8);
INSERT INTO steps_of_recipe (recipe_id, step_id, counter_for_recipe) VALUES (14, 8, 1);
INSERT INTO steps_of_recipe (recipe_id, step_id, counter_for_recipe) VALUES (14, 409, 2);
INSERT INTO steps_of_recipe (recipe_id, step_id, counter_for_recipe) VALUES (14, 188, 3);
INSERT INTO steps_of_recipe (recipe_id, step_id, counter_for_recipe) VALUES (14, 107, 4);
INSERT INTO steps_of_recipe (recipe_id, step_id, counter_for_recipe) VALUES (14, 1, 5);
INSERT INTO steps_of_recipe (recipe_id, step_id, counter_for_recipe) VALUES (14, 132, 6);
INSERT INTO steps_of_recipe (recipe_id, step_id, counter_for_recipe) VALUES (14, 189, 7);
INSERT INTO steps_of_recipe (recipe_id, step_id, counter_for_recipe) VALUES (14, 343, 8);
INSERT INTO steps_of_recipe (recipe_id, step_id, counter_for_recipe) VALUES (15, 427, 1);
INSERT INTO steps_of_recipe (recipe_id, step_id, counter_for_recipe) VALUES (15, 260, 2);
INSERT INTO steps_of_recipe (recipe_id, step_id, counter_for_recipe) VALUES (15, 360, 3);
INSERT INTO steps_of_recipe (recipe_id, step_id, counter_for_recipe) VALUES (15, 259, 4);
INSERT INTO steps_of_recipe (recipe_id, step_id, counter_for_recipe) VALUES (15, 234, 5);
INSERT INTO steps_of_recipe (recipe_id, step_id, counter_for_recipe) VALUES (15, 137, 6);
INSERT INTO steps_of_recipe (recipe_id, step_id, counter_for_recipe) VALUES (15, 491, 7);
INSERT INTO steps_of_recipe (recipe_id, step_id, counter_for_recipe) VALUES (15, 484, 8);
INSERT INTO steps_of_recipe (recipe_id, step_id, counter_for_recipe) VALUES (15, 374, 9);
INSERT INTO steps_of_recipe (recipe_id, step_id, counter_for_recipe) VALUES (16, 73, 1);
INSERT INTO steps_of_recipe (recipe_id, step_id, counter_for_recipe) VALUES (16, 257, 2);
INSERT INTO steps_of_recipe (recipe_id, step_id, counter_for_recipe) VALUES (17, 178, 1);
INSERT INTO steps_of_recipe (recipe_id, step_id, counter_for_recipe) VALUES (17, 363, 2);
INSERT INTO steps_of_recipe (recipe_id, step_id, counter_for_recipe) VALUES (17, 364, 3);
INSERT INTO steps_of_recipe (recipe_id, step_id, counter_for_recipe) VALUES (18, 398, 1);
INSERT INTO steps_of_recipe (recipe_id, step_id, counter_for_recipe) VALUES (18, 71, 2);
INSERT INTO steps_of_recipe (recipe_id, step_id, counter_for_recipe) VALUES (18, 96, 3);
INSERT INTO steps_of_recipe (recipe_id, step_id, counter_for_recipe) VALUES (18, 68, 4);
INSERT INTO steps_of_recipe (recipe_id, step_id, counter_for_recipe) VALUES (18, 225, 5);
INSERT INTO steps_of_recipe (recipe_id, step_id, counter_for_recipe) VALUES (18, 214, 6);
INSERT INTO steps_of_recipe (recipe_id, step_id, counter_for_recipe) VALUES (18, 97, 7);
INSERT INTO steps_of_recipe (recipe_id, step_id, counter_for_recipe) VALUES (18, 247, 8);
INSERT INTO steps_of_recipe (recipe_id, step_id, counter_for_recipe) VALUES (18, 359, 9);
INSERT INTO steps_of_recipe (recipe_id, step_id, counter_for_recipe) VALUES (18, 304, 10);
INSERT INTO steps_of_recipe (recipe_id, step_id, counter_for_recipe) VALUES (19, 499, 1);
INSERT INTO steps_of_recipe (recipe_id, step_id, counter_for_recipe) VALUES (20, 222, 1);
INSERT INTO steps_of_recipe (recipe_id, step_id, counter_for_recipe) VALUES (20, 146, 2);
INSERT INTO steps_of_recipe (recipe_id, step_id, counter_for_recipe) VALUES (20, 221, 3);
INSERT INTO steps_of_recipe (recipe_id, step_id, counter_for_recipe) VALUES (20, 73, 4);
INSERT INTO steps_of_recipe (recipe_id, step_id, counter_for_recipe) VALUES (20, 410, 5);
INSERT INTO steps_of_recipe (recipe_id, step_id, counter_for_recipe) VALUES (21, 500, 1);
INSERT INTO steps_of_recipe (recipe_id, step_id, counter_for_recipe) VALUES (21, 160, 2);
INSERT INTO steps_of_recipe (recipe_id, step_id, counter_for_recipe) VALUES (21, 124, 3);
INSERT INTO steps_of_recipe (recipe_id, step_id, counter_for_recipe) VALUES (22, 416, 1);
INSERT INTO steps_of_recipe (recipe_id, step_id, counter_for_recipe) VALUES (22, 25, 2);
INSERT INTO steps_of_recipe (recipe_id, step_id, counter_for_recipe) VALUES (22, 409, 3);
INSERT INTO steps_of_recipe (recipe_id, step_id, counter_for_recipe) VALUES (22, 418, 4);
INSERT INTO steps_of_recipe (recipe_id, step_id, counter_for_recipe) VALUES (22, 467, 5);
INSERT INTO steps_of_recipe (recipe_id, step_id, counter_for_recipe) VALUES (22, 494, 6);
INSERT INTO steps_of_recipe (recipe_id, step_id, counter_for_recipe) VALUES (22, 80, 7);
INSERT INTO steps_of_recipe (recipe_id, step_id, counter_for_recipe) VALUES (22, 107, 8);
INSERT INTO steps_of_recipe (recipe_id, step_id, counter_for_recipe) VALUES (23, 148, 1);
INSERT INTO steps_of_recipe (recipe_id, step_id, counter_for_recipe) VALUES (23, 462, 2);
INSERT INTO steps_of_recipe (recipe_id, step_id, counter_for_recipe) VALUES (23, 225, 3);
INSERT INTO steps_of_recipe (recipe_id, step_id, counter_for_recipe) VALUES (23, 149, 4);
INSERT INTO steps_of_recipe (recipe_id, step_id, counter_for_recipe) VALUES (23, 410, 5);
INSERT INTO steps_of_recipe (recipe_id, step_id, counter_for_recipe) VALUES (23, 341, 6);
INSERT INTO steps_of_recipe (recipe_id, step_id, counter_for_recipe) VALUES (23, 388, 7);
INSERT INTO steps_of_recipe (recipe_id, step_id, counter_for_recipe) VALUES (23, 260, 8);
INSERT INTO steps_of_recipe (recipe_id, step_id, counter_for_recipe) VALUES (24, 108, 1);
INSERT INTO steps_of_recipe (recipe_id, step_id, counter_for_recipe) VALUES (24, 168, 2);
INSERT INTO steps_of_recipe (recipe_id, step_id, counter_for_recipe) VALUES (25, 402, 1);
INSERT INTO steps_of_recipe (recipe_id, step_id, counter_for_recipe) VALUES (25, 311, 2);
INSERT INTO steps_of_recipe (recipe_id, step_id, counter_for_recipe) VALUES (25, 134, 3);
INSERT INTO steps_of_recipe (recipe_id, step_id, counter_for_recipe) VALUES (25, 359, 4);
INSERT INTO steps_of_recipe (recipe_id, step_id, counter_for_recipe) VALUES (25, 277, 5);
INSERT INTO steps_of_recipe (recipe_id, step_id, counter_for_recipe) VALUES (25, 407, 6);
INSERT INTO steps_of_recipe (recipe_id, step_id, counter_for_recipe) VALUES (25, 472, 7);
INSERT INTO steps_of_recipe (recipe_id, step_id, counter_for_recipe) VALUES (25, 245, 8);
INSERT INTO steps_of_recipe (recipe_id, step_id, counter_for_recipe) VALUES (26, 299, 1);
INSERT INTO steps_of_recipe (recipe_id, step_id, counter_for_recipe) VALUES (26, 411, 2);
INSERT INTO steps_of_recipe (recipe_id, step_id, counter_for_recipe) VALUES (27, 16, 1);
INSERT INTO steps_of_recipe (recipe_id, step_id, counter_for_recipe) VALUES (27, 17, 2);
INSERT INTO steps_of_recipe (recipe_id, step_id, counter_for_recipe) VALUES (27, 397, 3);
INSERT INTO steps_of_recipe (recipe_id, step_id, counter_for_recipe) VALUES (27, 288, 4);
INSERT INTO steps_of_recipe (recipe_id, step_id, counter_for_recipe) VALUES (27, 8, 5);
INSERT INTO steps_of_recipe (recipe_id, step_id, counter_for_recipe) VALUES (27, 326, 6);
INSERT INTO steps_of_recipe (recipe_id, step_id, counter_for_recipe) VALUES (27, 1, 7);
INSERT INTO steps_of_recipe (recipe_id, step_id, counter_for_recipe) VALUES (27, 467, 8);
INSERT INTO steps_of_recipe (recipe_id, step_id, counter_for_recipe) VALUES (27, 155, 9);
INSERT INTO steps_of_recipe (recipe_id, step_id, counter_for_recipe) VALUES (27, 386, 10);
INSERT INTO steps_of_recipe (recipe_id, step_id, counter_for_recipe) VALUES (28, 132, 1);
INSERT INTO steps_of_recipe (recipe_id, step_id, counter_for_recipe) VALUES (28, 150, 2);
INSERT INTO steps_of_recipe (recipe_id, step_id, counter_for_recipe) VALUES (28, 439, 3);
INSERT INTO steps_of_recipe (recipe_id, step_id, counter_for_recipe) VALUES (28, 486, 4);
INSERT INTO steps_of_recipe (recipe_id, step_id, counter_for_recipe) VALUES (28, 66, 5);
INSERT INTO steps_of_recipe (recipe_id, step_id, counter_for_recipe) VALUES (28, 383, 6);
INSERT INTO steps_of_recipe (recipe_id, step_id, counter_for_recipe) VALUES (28, 261, 7);
INSERT INTO steps_of_recipe (recipe_id, step_id, counter_for_recipe) VALUES (28, 233, 8);
INSERT INTO steps_of_recipe (recipe_id, step_id, counter_for_recipe) VALUES (28, 365, 9);
INSERT INTO steps_of_recipe (recipe_id, step_id, counter_for_recipe) VALUES (28, 495, 10);
INSERT INTO steps_of_recipe (recipe_id, step_id, counter_for_recipe) VALUES (29, 234, 1);
INSERT INTO steps_of_recipe (recipe_id, step_id, counter_for_recipe) VALUES (29, 161, 2);
INSERT INTO steps_of_recipe (recipe_id, step_id, counter_for_recipe) VALUES (29, 85, 3);
INSERT INTO steps_of_recipe (recipe_id, step_id, counter_for_recipe) VALUES (29, 379, 4);
INSERT INTO steps_of_recipe (recipe_id, step_id, counter_for_recipe) VALUES (29, 268, 5);
INSERT INTO steps_of_recipe (recipe_id, step_id, counter_for_recipe) VALUES (29, 229, 6);
INSERT INTO steps_of_recipe (recipe_id, step_id, counter_for_recipe) VALUES (29, 450, 7);
INSERT INTO steps_of_recipe (recipe_id, step_id, counter_for_recipe) VALUES (29, 65, 8);
INSERT INTO steps_of_recipe (recipe_id, step_id, counter_for_recipe) VALUES (29, 127, 9);
INSERT INTO steps_of_recipe (recipe_id, step_id, counter_for_recipe) VALUES (30, 381, 1);
INSERT INTO steps_of_recipe (recipe_id, step_id, counter_for_recipe) VALUES (30, 380, 2);
INSERT INTO steps_of_recipe (recipe_id, step_id, counter_for_recipe) VALUES (30, 174, 3);
INSERT INTO steps_of_recipe (recipe_id, step_id, counter_for_recipe) VALUES (30, 234, 4);
INSERT INTO steps_of_recipe (recipe_id, step_id, counter_for_recipe) VALUES (30, 173, 5);
INSERT INTO steps_of_recipe (recipe_id, step_id, counter_for_recipe) VALUES (30, 217, 6);
INSERT INTO steps_of_recipe (recipe_id, step_id, counter_for_recipe) VALUES (30, 64, 7);
INSERT INTO steps_of_recipe (recipe_id, step_id, counter_for_recipe) VALUES (31, 170, 1);
INSERT INTO steps_of_recipe (recipe_id, step_id, counter_for_recipe) VALUES (31, 63, 2);
INSERT INTO steps_of_recipe (recipe_id, step_id, counter_for_recipe) VALUES (31, 142, 3);
INSERT INTO steps_of_recipe (recipe_id, step_id, counter_for_recipe) VALUES (31, 312, 4);
INSERT INTO steps_of_recipe (recipe_id, step_id, counter_for_recipe) VALUES (31, 404, 5);
INSERT INTO steps_of_recipe (recipe_id, step_id, counter_for_recipe) VALUES (31,  49, 6);
INSERT INTO steps_of_recipe (recipe_id, step_id, counter_for_recipe) VALUES (31, 263, 7);
INSERT INTO steps_of_recipe (recipe_id, step_id, counter_for_recipe) VALUES (32, 382, 1);
INSERT INTO steps_of_recipe (recipe_id, step_id, counter_for_recipe) VALUES (32, 420, 2);
INSERT INTO steps_of_recipe (recipe_id, step_id, counter_for_recipe) VALUES (32, 238, 3);
INSERT INTO steps_of_recipe (recipe_id, step_id, counter_for_recipe) VALUES (32, 434, 4);
INSERT INTO steps_of_recipe (recipe_id, step_id, counter_for_recipe) VALUES (32, 320, 5);
INSERT INTO steps_of_recipe (recipe_id, step_id, counter_for_recipe) VALUES (32, 160, 6);
INSERT INTO steps_of_recipe (recipe_id, step_id, counter_for_recipe) VALUES (33, 404, 1);
INSERT INTO steps_of_recipe (recipe_id, step_id, counter_for_recipe) VALUES (33, 199, 2);
INSERT INTO steps_of_recipe (recipe_id, step_id, counter_for_recipe) VALUES (33, 364, 3);
INSERT INTO steps_of_recipe (recipe_id, step_id, counter_for_recipe) VALUES (33, 420, 4);
INSERT INTO steps_of_recipe (recipe_id, step_id, counter_for_recipe) VALUES (33, 307, 5);
INSERT INTO steps_of_recipe (recipe_id, step_id, counter_for_recipe) VALUES (33, 433, 6);
INSERT INTO steps_of_recipe (recipe_id, step_id, counter_for_recipe) VALUES (33, 132, 7);
INSERT INTO steps_of_recipe (recipe_id, step_id, counter_for_recipe) VALUES (33, 294, 8);
INSERT INTO steps_of_recipe (recipe_id, step_id, counter_for_recipe) VALUES (34, 317, 1);
INSERT INTO steps_of_recipe (recipe_id, step_id, counter_for_recipe) VALUES (34, 123, 2);
INSERT INTO steps_of_recipe (recipe_id, step_id, counter_for_recipe) VALUES (34, 33, 3);
INSERT INTO steps_of_recipe (recipe_id, step_id, counter_for_recipe) VALUES (34, 251, 4);
INSERT INTO steps_of_recipe (recipe_id, step_id, counter_for_recipe) VALUES (34, 371, 5);
INSERT INTO steps_of_recipe (recipe_id, step_id, counter_for_recipe) VALUES (34, 61, 6);
INSERT INTO steps_of_recipe (recipe_id, step_id, counter_for_recipe) VALUES (34, 67, 7);
INSERT INTO steps_of_recipe (recipe_id, step_id, counter_for_recipe) VALUES (34, 109, 8);
INSERT INTO steps_of_recipe (recipe_id, step_id, counter_for_recipe) VALUES (34, 275, 9);
INSERT INTO steps_of_recipe (recipe_id, step_id, counter_for_recipe) VALUES (35, 340, 1);
INSERT INTO steps_of_recipe (recipe_id, step_id, counter_for_recipe) VALUES (35, 364, 2);
INSERT INTO steps_of_recipe (recipe_id, step_id, counter_for_recipe) VALUES (35, 29, 3);
INSERT INTO steps_of_recipe (recipe_id, step_id, counter_for_recipe) VALUES (35, 337, 4);
INSERT INTO steps_of_recipe (recipe_id, step_id, counter_for_recipe) VALUES (35, 76, 5);
INSERT INTO steps_of_recipe (recipe_id, step_id, counter_for_recipe) VALUES (35, 199, 6);
INSERT INTO steps_of_recipe (recipe_id, step_id, counter_for_recipe) VALUES (36, 274, 1);
INSERT INTO steps_of_recipe (recipe_id, step_id, counter_for_recipe) VALUES (36, 147, 2);
INSERT INTO steps_of_recipe (recipe_id, step_id, counter_for_recipe) VALUES (36, 386, 3);
INSERT INTO steps_of_recipe (recipe_id, step_id, counter_for_recipe) VALUES (36, 18, 4);
INSERT INTO steps_of_recipe (recipe_id, step_id, counter_for_recipe) VALUES (36, 455, 5);
INSERT INTO steps_of_recipe (recipe_id, step_id, counter_for_recipe) VALUES (36, 247, 6);
INSERT INTO steps_of_recipe (recipe_id, step_id, counter_for_recipe) VALUES (36, 78, 7);
INSERT INTO steps_of_recipe (recipe_id, step_id, counter_for_recipe) VALUES (36, 483, 8);
INSERT INTO steps_of_recipe (recipe_id, step_id, counter_for_recipe) VALUES (36, 23, 9);
INSERT INTO steps_of_recipe (recipe_id, step_id, counter_for_recipe) VALUES (36, 400, 10);
INSERT INTO steps_of_recipe (recipe_id, step_id, counter_for_recipe) VALUES (37, 36, 1);
INSERT INTO steps_of_recipe (recipe_id, step_id, counter_for_recipe) VALUES (37, 66, 2);
INSERT INTO steps_of_recipe (recipe_id, step_id, counter_for_recipe) VALUES (37, 26, 3);
INSERT INTO steps_of_recipe (recipe_id, step_id, counter_for_recipe) VALUES (37, 309, 4);
INSERT INTO steps_of_recipe (recipe_id, step_id, counter_for_recipe) VALUES (37, 263, 5);
INSERT INTO steps_of_recipe (recipe_id, step_id, counter_for_recipe) VALUES (37, 409, 6);
INSERT INTO steps_of_recipe (recipe_id, step_id, counter_for_recipe) VALUES (38, 284, 1);
INSERT INTO steps_of_recipe (recipe_id, step_id, counter_for_recipe) VALUES (38, 358, 2);
INSERT INTO steps_of_recipe (recipe_id, step_id, counter_for_recipe) VALUES (38, 412, 3);
INSERT INTO steps_of_recipe (recipe_id, step_id, counter_for_recipe) VALUES (38, 374, 4);
INSERT INTO steps_of_recipe (recipe_id, step_id, counter_for_recipe) VALUES (38, 432, 5);
INSERT INTO steps_of_recipe (recipe_id, step_id, counter_for_recipe) VALUES (38, 487, 6);
INSERT INTO steps_of_recipe (recipe_id, step_id, counter_for_recipe) VALUES (39, 4, 1);
INSERT INTO steps_of_recipe (recipe_id, step_id, counter_for_recipe) VALUES (39, 374, 2);
INSERT INTO steps_of_recipe (recipe_id, step_id, counter_for_recipe) VALUES (39, 95, 3);
INSERT INTO steps_of_recipe (recipe_id, step_id, counter_for_recipe) VALUES (39, 130, 4);
INSERT INTO steps_of_recipe (recipe_id, step_id, counter_for_recipe) VALUES (40, 207, 1);
INSERT INTO steps_of_recipe (recipe_id, step_id, counter_for_recipe) VALUES (41, 343, 1);
INSERT INTO steps_of_recipe (recipe_id, step_id, counter_for_recipe) VALUES (41, 134, 2); 
INSERT INTO steps_of_recipe (recipe_id, step_id, counter_for_recipe) VALUES (41, 499, 3);
INSERT INTO steps_of_recipe (recipe_id, step_id, counter_for_recipe) VALUES (41, 439, 4);
INSERT INTO steps_of_recipe (recipe_id, step_id, counter_for_recipe) VALUES (41, 461, 5);
INSERT INTO steps_of_recipe (recipe_id, step_id, counter_for_recipe) VALUES (41, 274, 6);
INSERT INTO steps_of_recipe (recipe_id, step_id, counter_for_recipe) VALUES (41, 226, 7);
INSERT INTO steps_of_recipe (recipe_id, step_id, counter_for_recipe) VALUES (41, 146, 8);
INSERT INTO steps_of_recipe (recipe_id, step_id, counter_for_recipe) VALUES (41, 436, 9);
INSERT INTO steps_of_recipe (recipe_id, step_id, counter_for_recipe) VALUES (42, 425, 1);
INSERT INTO steps_of_recipe (recipe_id, step_id, counter_for_recipe) VALUES (42, 304, 2);
INSERT INTO steps_of_recipe (recipe_id, step_id, counter_for_recipe) VALUES (42, 382, 3);
INSERT INTO steps_of_recipe (recipe_id, step_id, counter_for_recipe) VALUES (42, 105, 4);
INSERT INTO steps_of_recipe (recipe_id, step_id, counter_for_recipe) VALUES (42, 10, 5);
INSERT INTO steps_of_recipe (recipe_id, step_id, counter_for_recipe) VALUES (42, 190, 6);
INSERT INTO steps_of_recipe (recipe_id, step_id, counter_for_recipe) VALUES (42, 308, 7);
INSERT INTO steps_of_recipe (recipe_id, step_id, counter_for_recipe) VALUES (42, 402, 8);
INSERT INTO steps_of_recipe (recipe_id, step_id, counter_for_recipe) VALUES (42, 90, 9);
INSERT INTO steps_of_recipe (recipe_id, step_id, counter_for_recipe) VALUES (43, 466, 1);
INSERT INTO steps_of_recipe (recipe_id, step_id, counter_for_recipe) VALUES (44, 60, 1);
INSERT INTO steps_of_recipe (recipe_id, step_id, counter_for_recipe) VALUES (44, 352, 2);
INSERT INTO steps_of_recipe (recipe_id, step_id, counter_for_recipe) VALUES (44, 67, 3);
INSERT INTO steps_of_recipe (recipe_id, step_id, counter_for_recipe) VALUES (44, 197, 4);
INSERT INTO steps_of_recipe (recipe_id, step_id, counter_for_recipe) VALUES (44, 433, 5);
INSERT INTO steps_of_recipe (recipe_id, step_id, counter_for_recipe) VALUES (44, 349, 6);
INSERT INTO steps_of_recipe (recipe_id, step_id, counter_for_recipe) VALUES (44, 243, 7);
INSERT INTO steps_of_recipe (recipe_id, step_id, counter_for_recipe) VALUES (44, 36, 8);
INSERT INTO steps_of_recipe (recipe_id, step_id, counter_for_recipe) VALUES (44, 14, 9);
INSERT INTO steps_of_recipe (recipe_id, step_id, counter_for_recipe) VALUES (45, 318, 1);
INSERT INTO steps_of_recipe (recipe_id, step_id, counter_for_recipe) VALUES (46, 373, 1);
INSERT INTO steps_of_recipe (recipe_id, step_id, counter_for_recipe) VALUES (46, 53, 2);
INSERT INTO steps_of_recipe (recipe_id, step_id, counter_for_recipe) VALUES (47, 40, 1);
INSERT INTO steps_of_recipe (recipe_id, step_id, counter_for_recipe) VALUES (47, 88, 2);
INSERT INTO steps_of_recipe (recipe_id, step_id, counter_for_recipe) VALUES (48, 273, 1);
INSERT INTO steps_of_recipe (recipe_id, step_id, counter_for_recipe) VALUES (48, 197, 2);
INSERT INTO steps_of_recipe (recipe_id, step_id, counter_for_recipe) VALUES (49, 483, 1);
INSERT INTO steps_of_recipe (recipe_id, step_id, counter_for_recipe) VALUES (49, 427, 2);
INSERT INTO steps_of_recipe (recipe_id, step_id, counter_for_recipe) VALUES (49, 95, 3);
INSERT INTO steps_of_recipe (recipe_id, step_id, counter_for_recipe) VALUES (49, 451, 4);
INSERT INTO steps_of_recipe (recipe_id, step_id, counter_for_recipe) VALUES (49, 94, 5);
INSERT INTO steps_of_recipe (recipe_id, step_id, counter_for_recipe) VALUES (50, 144, 1);
INSERT INTO steps_of_recipe (recipe_id, step_id, counter_for_recipe) VALUES (51, 196, 1);
INSERT INTO steps_of_recipe (recipe_id, step_id, counter_for_recipe) VALUES (51, 419, 2);
INSERT INTO steps_of_recipe (recipe_id, step_id, counter_for_recipe) VALUES (52, 223, 1);
INSERT INTO steps_of_recipe (recipe_id, step_id, counter_for_recipe) VALUES (52, 71, 2);
INSERT INTO steps_of_recipe (recipe_id, step_id, counter_for_recipe) VALUES (52, 258, 3);
INSERT INTO steps_of_recipe (recipe_id, step_id, counter_for_recipe) VALUES (52, 68, 4);
INSERT INTO steps_of_recipe (recipe_id, step_id, counter_for_recipe) VALUES (52, 287, 5);
INSERT INTO steps_of_recipe (recipe_id, step_id, counter_for_recipe) VALUES (52, 17, 6);
INSERT INTO steps_of_recipe (recipe_id, step_id, counter_for_recipe) VALUES (52, 52, 7);
INSERT INTO steps_of_recipe (recipe_id, step_id, counter_for_recipe) VALUES (52, 157, 8);
INSERT INTO steps_of_recipe (recipe_id, step_id, counter_for_recipe) VALUES (52, 331, 9);
INSERT INTO steps_of_recipe (recipe_id, step_id, counter_for_recipe) VALUES (52, 357, 10);
INSERT INTO steps_of_recipe (recipe_id, step_id, counter_for_recipe) VALUES (53, 188, 1);
INSERT INTO steps_of_recipe (recipe_id, step_id, counter_for_recipe) VALUES (53, 231, 2);
INSERT INTO steps_of_recipe (recipe_id, step_id, counter_for_recipe) VALUES (53, 322, 3);
INSERT INTO steps_of_recipe (recipe_id, step_id, counter_for_recipe) VALUES (53, 249, 4);
INSERT INTO steps_of_recipe (recipe_id, step_id, counter_for_recipe) VALUES (53, 243, 5);
INSERT INTO steps_of_recipe (recipe_id, step_id, counter_for_recipe) VALUES (54, 97, 1);
INSERT INTO steps_of_recipe (recipe_id, step_id, counter_for_recipe) VALUES (54, 138, 2);
INSERT INTO steps_of_recipe (recipe_id, step_id, counter_for_recipe) VALUES (54, 237, 3);
INSERT INTO steps_of_recipe (recipe_id, step_id, counter_for_recipe) VALUES (54, 104, 4);
INSERT INTO steps_of_recipe (recipe_id, step_id, counter_for_recipe) VALUES (55, 22, 1);
INSERT INTO steps_of_recipe (recipe_id, step_id, counter_for_recipe) VALUES (55, 110, 2);
INSERT INTO steps_of_recipe (recipe_id, step_id, counter_for_recipe) VALUES (55, 142, 3);
INSERT INTO steps_of_recipe (recipe_id, step_id, counter_for_recipe) VALUES (55, 82, 4);
INSERT INTO steps_of_recipe (recipe_id, step_id, counter_for_recipe) VALUES (55, 153, 5);
INSERT INTO steps_of_recipe (recipe_id, step_id, counter_for_recipe) VALUES (56, 90, 1);
INSERT INTO steps_of_recipe (recipe_id, step_id, counter_for_recipe) VALUES (56, 347, 2);
INSERT INTO steps_of_recipe (recipe_id, step_id, counter_for_recipe) VALUES (56, 159, 3);
INSERT INTO steps_of_recipe (recipe_id, step_id, counter_for_recipe) VALUES (56, 242, 4);
INSERT INTO steps_of_recipe (recipe_id, step_id, counter_for_recipe) VALUES (56, 196, 5);
INSERT INTO steps_of_recipe (recipe_id, step_id, counter_for_recipe) VALUES (56, 14, 6);
INSERT INTO steps_of_recipe (recipe_id, step_id, counter_for_recipe) VALUES (57, 109, 1);
INSERT INTO steps_of_recipe (recipe_id, step_id, counter_for_recipe) VALUES (57, 207, 2);
INSERT INTO steps_of_recipe (recipe_id, step_id, counter_for_recipe) VALUES (57, 475, 3);
INSERT INTO steps_of_recipe (recipe_id, step_id, counter_for_recipe) VALUES (58, 364, 1);
INSERT INTO steps_of_recipe (recipe_id, step_id, counter_for_recipe) VALUES (58, 182, 2);
INSERT INTO steps_of_recipe (recipe_id, step_id, counter_for_recipe) VALUES (58, 222, 3);
INSERT INTO steps_of_recipe (recipe_id, step_id, counter_for_recipe) VALUES (58, 215, 4);
INSERT INTO steps_of_recipe (recipe_id, step_id, counter_for_recipe) VALUES (58, 146, 5);
INSERT INTO steps_of_recipe (recipe_id, step_id, counter_for_recipe) VALUES (58, 369, 6);
INSERT INTO steps_of_recipe (recipe_id, step_id, counter_for_recipe) VALUES (58, 260, 7);
INSERT INTO steps_of_recipe (recipe_id, step_id, counter_for_recipe) VALUES (58, 445, 8);
INSERT INTO steps_of_recipe (recipe_id, step_id, counter_for_recipe) VALUES (58, 322, 9);
INSERT INTO steps_of_recipe (recipe_id, step_id, counter_for_recipe) VALUES (59, 137, 1);
INSERT INTO steps_of_recipe (recipe_id, step_id, counter_for_recipe) VALUES (59, 296, 2);
INSERT INTO steps_of_recipe (recipe_id, step_id, counter_for_recipe) VALUES (59, 247, 3);
INSERT INTO steps_of_recipe (recipe_id, step_id, counter_for_recipe) VALUES (59, 288, 4);
INSERT INTO steps_of_recipe (recipe_id, step_id, counter_for_recipe) VALUES (59, 126, 5);
INSERT INTO steps_of_recipe (recipe_id, step_id, counter_for_recipe) VALUES (59, 15, 6);
INSERT INTO steps_of_recipe (recipe_id, step_id, counter_for_recipe) VALUES (60, 407, 1);
INSERT INTO steps_of_recipe (recipe_id, step_id, counter_for_recipe) VALUES (60, 209, 2);
INSERT INTO steps_of_recipe (recipe_id, step_id, counter_for_recipe) VALUES (60, 61, 3);
INSERT INTO steps_of_recipe (recipe_id, step_id, counter_for_recipe) VALUES (60, 260, 4);
INSERT INTO steps_of_recipe (recipe_id, step_id, counter_for_recipe) VALUES (61, 260, 1);
INSERT INTO steps_of_recipe (recipe_id, step_id, counter_for_recipe) VALUES (61, 453, 2);
INSERT INTO steps_of_recipe (recipe_id, step_id, counter_for_recipe) VALUES (61, 295, 3);
INSERT INTO steps_of_recipe (recipe_id, step_id, counter_for_recipe) VALUES (61, 184, 4);
INSERT INTO steps_of_recipe (recipe_id, step_id, counter_for_recipe) VALUES (61, 25, 5);
INSERT INTO steps_of_recipe (recipe_id, step_id, counter_for_recipe) VALUES (61, 163, 6);
INSERT INTO steps_of_recipe (recipe_id, step_id, counter_for_recipe) VALUES (61, 270, 7);
INSERT INTO steps_of_recipe (recipe_id, step_id, counter_for_recipe) VALUES (62, 383, 1);
INSERT INTO steps_of_recipe (recipe_id, step_id, counter_for_recipe) VALUES (62, 484, 2);
INSERT INTO steps_of_recipe (recipe_id, step_id, counter_for_recipe) VALUES (63, 295, 1);
INSERT INTO steps_of_recipe (recipe_id, step_id, counter_for_recipe) VALUES (63, 469, 2);
INSERT INTO steps_of_recipe (recipe_id, step_id, counter_for_recipe) VALUES (63, 318, 3);
INSERT INTO steps_of_recipe (recipe_id, step_id, counter_for_recipe) VALUES (63, 151, 4);
INSERT INTO steps_of_recipe (recipe_id, step_id, counter_for_recipe) VALUES (63, 200, 5);
INSERT INTO steps_of_recipe (recipe_id, step_id, counter_for_recipe) VALUES (63, 426, 6);
INSERT INTO steps_of_recipe (recipe_id, step_id, counter_for_recipe) VALUES (63, 102, 7);
INSERT INTO steps_of_recipe (recipe_id, step_id, counter_for_recipe) VALUES (63, 203, 8);
INSERT INTO steps_of_recipe (recipe_id, step_id, counter_for_recipe) VALUES (64, 132, 1);
INSERT INTO steps_of_recipe (recipe_id, step_id, counter_for_recipe) VALUES (64, 321, 2);
INSERT INTO steps_of_recipe (recipe_id, step_id, counter_for_recipe) VALUES (64, 445, 3);
INSERT INTO steps_of_recipe (recipe_id, step_id, counter_for_recipe) VALUES (64, 276, 4);
INSERT INTO steps_of_recipe (recipe_id, step_id, counter_for_recipe) VALUES (64, 30, 5);
INSERT INTO steps_of_recipe (recipe_id, step_id, counter_for_recipe) VALUES (64, 449, 6);
INSERT INTO steps_of_recipe (recipe_id, step_id, counter_for_recipe) VALUES (64, 48, 7);
INSERT INTO steps_of_recipe (recipe_id, step_id, counter_for_recipe) VALUES (64, 330, 8);
INSERT INTO steps_of_recipe (recipe_id, step_id, counter_for_recipe) VALUES (65, 44, 1);
INSERT INTO steps_of_recipe (recipe_id, step_id, counter_for_recipe) VALUES (65, 401, 2);
INSERT INTO steps_of_recipe (recipe_id, step_id, counter_for_recipe) VALUES (65, 200, 3);
INSERT INTO steps_of_recipe (recipe_id, step_id, counter_for_recipe) VALUES (65, 325, 4);
INSERT INTO steps_of_recipe (recipe_id, step_id, counter_for_recipe) VALUES (66, 149, 1);
INSERT INTO steps_of_recipe (recipe_id, step_id, counter_for_recipe) VALUES (66, 393, 2);
INSERT INTO steps_of_recipe (recipe_id, step_id, counter_for_recipe) VALUES (66, 411, 3);
INSERT INTO steps_of_recipe (recipe_id, step_id, counter_for_recipe) VALUES (66, 195, 4);
INSERT INTO steps_of_recipe (recipe_id, step_id, counter_for_recipe) VALUES (66, 192, 5);
INSERT INTO steps_of_recipe (recipe_id, step_id, counter_for_recipe) VALUES (66, 50, 6);
INSERT INTO steps_of_recipe (recipe_id, step_id, counter_for_recipe) VALUES (66, 179, 7);
INSERT INTO steps_of_recipe (recipe_id, step_id, counter_for_recipe) VALUES (66, 295, 8);
INSERT INTO steps_of_recipe (recipe_id, step_id, counter_for_recipe) VALUES (67, 305, 1);
INSERT INTO steps_of_recipe (recipe_id, step_id, counter_for_recipe) VALUES (67, 463, 2);
INSERT INTO steps_of_recipe (recipe_id, step_id, counter_for_recipe) VALUES (67, 272, 3);
INSERT INTO steps_of_recipe (recipe_id, step_id, counter_for_recipe) VALUES (67, 260, 4);
INSERT INTO steps_of_recipe (recipe_id, step_id, counter_for_recipe) VALUES (67, 204, 5);
INSERT INTO steps_of_recipe (recipe_id, step_id, counter_for_recipe) VALUES (67, 123, 6);
INSERT INTO steps_of_recipe (recipe_id, step_id, counter_for_recipe) VALUES (68, 49, 1);
INSERT INTO steps_of_recipe (recipe_id, step_id, counter_for_recipe) VALUES (69, 421, 1);
INSERT INTO steps_of_recipe (recipe_id, step_id, counter_for_recipe) VALUES (69, 381, 2);
INSERT INTO steps_of_recipe (recipe_id, step_id, counter_for_recipe) VALUES (69, 269, 3);
INSERT INTO steps_of_recipe (recipe_id, step_id, counter_for_recipe) VALUES (69, 50, 4);
INSERT INTO steps_of_recipe (recipe_id, step_id, counter_for_recipe) VALUES (69, 100, 5);
INSERT INTO steps_of_recipe (recipe_id, step_id, counter_for_recipe) VALUES (69, 242, 6);
INSERT INTO steps_of_recipe (recipe_id, step_id, counter_for_recipe) VALUES (69, 164, 7);
INSERT INTO steps_of_recipe (recipe_id, step_id, counter_for_recipe) VALUES (69, 101, 8);
INSERT INTO steps_of_recipe (recipe_id, step_id, counter_for_recipe) VALUES (70, 250, 1);
INSERT INTO steps_of_recipe (recipe_id, step_id, counter_for_recipe) VALUES (70, 133, 2);
INSERT INTO steps_of_recipe (recipe_id, step_id, counter_for_recipe) VALUES (70, 322, 3);
INSERT INTO steps_of_recipe (recipe_id, step_id, counter_for_recipe) VALUES (70, 331, 4);
INSERT INTO steps_of_recipe (recipe_id, step_id, counter_for_recipe) VALUES (70, 455, 5);
INSERT INTO steps_of_recipe (recipe_id, step_id, counter_for_recipe) VALUES (71, 431, 1);
INSERT INTO steps_of_recipe (recipe_id, step_id, counter_for_recipe) VALUES (71, 200, 2);
INSERT INTO steps_of_recipe (recipe_id, step_id, counter_for_recipe) VALUES (71, 181, 3);
INSERT INTO steps_of_recipe (recipe_id, step_id, counter_for_recipe) VALUES (71, 214, 4);
INSERT INTO steps_of_recipe (recipe_id, step_id, counter_for_recipe) VALUES (71, 187, 5);
INSERT INTO steps_of_recipe (recipe_id, step_id, counter_for_recipe) VALUES (71, 470, 6);
INSERT INTO steps_of_recipe (recipe_id, step_id, counter_for_recipe) VALUES (71, 237, 7);
INSERT INTO steps_of_recipe (recipe_id, step_id, counter_for_recipe) VALUES (71, 284, 8);
INSERT INTO steps_of_recipe (recipe_id, step_id, counter_for_recipe) VALUES (72, 104, 1);
INSERT INTO steps_of_recipe (recipe_id, step_id, counter_for_recipe) VALUES (72, 312, 2);
INSERT INTO steps_of_recipe (recipe_id, step_id, counter_for_recipe) VALUES (72, 149, 3);
INSERT INTO steps_of_recipe (recipe_id, step_id, counter_for_recipe) VALUES (72, 479, 4);
INSERT INTO steps_of_recipe (recipe_id, step_id, counter_for_recipe) VALUES (72, 137, 5);
INSERT INTO steps_of_recipe (recipe_id, step_id, counter_for_recipe) VALUES (73, 453, 1);
INSERT INTO steps_of_recipe (recipe_id, step_id, counter_for_recipe) VALUES (73, 88, 2);
INSERT INTO steps_of_recipe (recipe_id, step_id, counter_for_recipe) VALUES (73, 199, 3);
INSERT INTO steps_of_recipe (recipe_id, step_id, counter_for_recipe) VALUES (73, 487, 4);
INSERT INTO steps_of_recipe (recipe_id, step_id, counter_for_recipe) VALUES (73, 216, 5);
INSERT INTO steps_of_recipe (recipe_id, step_id, counter_for_recipe) VALUES (73, 49, 6);
INSERT INTO steps_of_recipe (recipe_id, step_id, counter_for_recipe) VALUES (73, 330, 7);
INSERT INTO steps_of_recipe (recipe_id, step_id, counter_for_recipe) VALUES (74, 321, 1);
INSERT INTO steps_of_recipe (recipe_id, step_id, counter_for_recipe) VALUES (74, 125, 2);
INSERT INTO steps_of_recipe (recipe_id, step_id, counter_for_recipe) VALUES (74, 91, 3);
INSERT INTO steps_of_recipe (recipe_id, step_id, counter_for_recipe) VALUES (74, 90, 4);
INSERT INTO steps_of_recipe (recipe_id, step_id, counter_for_recipe) VALUES (74, 273, 5);
INSERT INTO steps_of_recipe (recipe_id, step_id, counter_for_recipe) VALUES (74, 108, 6);
INSERT INTO steps_of_recipe (recipe_id, step_id, counter_for_recipe) VALUES (74, 338, 7);
INSERT INTO steps_of_recipe (recipe_id, step_id, counter_for_recipe) VALUES (74, 267, 8);
INSERT INTO steps_of_recipe (recipe_id, step_id, counter_for_recipe) VALUES (74, 397, 9);
INSERT INTO steps_of_recipe (recipe_id, step_id, counter_for_recipe) VALUES (75, 29, 1);
INSERT INTO steps_of_recipe (recipe_id, step_id, counter_for_recipe) VALUES (75, 352, 2);
INSERT INTO steps_of_recipe (recipe_id, step_id, counter_for_recipe) VALUES (75, 246, 3);
INSERT INTO steps_of_recipe (recipe_id, step_id, counter_for_recipe) VALUES (75, 210, 4);
INSERT INTO steps_of_recipe (recipe_id, step_id, counter_for_recipe) VALUES (75, 402, 5);
INSERT INTO steps_of_recipe (recipe_id, step_id, counter_for_recipe) VALUES (75, 435, 6);
INSERT INTO steps_of_recipe (recipe_id, step_id, counter_for_recipe) VALUES (75, 219, 7);
INSERT INTO steps_of_recipe (recipe_id, step_id, counter_for_recipe) VALUES (75, 444, 8);
INSERT INTO steps_of_recipe (recipe_id, step_id, counter_for_recipe) VALUES (75, 266, 9);
INSERT INTO steps_of_recipe (recipe_id, step_id, counter_for_recipe) VALUES (75, 493, 10);
INSERT INTO steps_of_recipe (recipe_id, step_id, counter_for_recipe) VALUES (76, 294, 1);
INSERT INTO steps_of_recipe (recipe_id, step_id, counter_for_recipe) VALUES (76, 425, 2);
INSERT INTO steps_of_recipe (recipe_id, step_id, counter_for_recipe) VALUES (76, 254, 3);
INSERT INTO steps_of_recipe (recipe_id, step_id, counter_for_recipe) VALUES (76, 315, 4);
INSERT INTO steps_of_recipe (recipe_id, step_id, counter_for_recipe) VALUES (77, 88, 1);
INSERT INTO steps_of_recipe (recipe_id, step_id, counter_for_recipe) VALUES (77, 330, 2);
INSERT INTO steps_of_recipe (recipe_id, step_id, counter_for_recipe) VALUES (77, 479, 3);
INSERT INTO steps_of_recipe (recipe_id, step_id, counter_for_recipe) VALUES (77, 218, 4);
INSERT INTO steps_of_recipe (recipe_id, step_id, counter_for_recipe) VALUES (77, 405, 5);
INSERT INTO steps_of_recipe (recipe_id, step_id, counter_for_recipe) VALUES (77, 439, 6);
INSERT INTO steps_of_recipe (recipe_id, step_id, counter_for_recipe) VALUES (77, 343, 7);
INSERT INTO steps_of_recipe (recipe_id, step_id, counter_for_recipe) VALUES (77, 485, 8);
INSERT INTO steps_of_recipe (recipe_id, step_id, counter_for_recipe) VALUES (77, 32, 9);
INSERT INTO steps_of_recipe (recipe_id, step_id, counter_for_recipe) VALUES (78, 152, 1);
INSERT INTO steps_of_recipe (recipe_id, step_id, counter_for_recipe) VALUES (78, 259, 2);
INSERT INTO steps_of_recipe (recipe_id, step_id, counter_for_recipe) VALUES (78, 29, 3);
INSERT INTO steps_of_recipe (recipe_id, step_id, counter_for_recipe) VALUES (78, 248, 4);
INSERT INTO steps_of_recipe (recipe_id, step_id, counter_for_recipe) VALUES (79, 260, 1);
INSERT INTO steps_of_recipe (recipe_id, step_id, counter_for_recipe) VALUES (80, 401, 1);
INSERT INTO steps_of_recipe (recipe_id, step_id, counter_for_recipe) VALUES (80, 95, 2);
INSERT INTO steps_of_recipe (recipe_id, step_id, counter_for_recipe) VALUES (80, 149, 3);
INSERT INTO steps_of_recipe (recipe_id, step_id, counter_for_recipe) VALUES (81, 474, 1);
INSERT INTO steps_of_recipe (recipe_id, step_id, counter_for_recipe) VALUES (82, 406, 1);
INSERT INTO steps_of_recipe (recipe_id, step_id, counter_for_recipe) VALUES (82, 79, 2);
INSERT INTO steps_of_recipe (recipe_id, step_id, counter_for_recipe) VALUES (82, 62, 3);
INSERT INTO steps_of_recipe (recipe_id, step_id, counter_for_recipe) VALUES (82, 221, 4);
INSERT INTO steps_of_recipe (recipe_id, step_id, counter_for_recipe) VALUES (82, 160, 5);
INSERT INTO steps_of_recipe (recipe_id, step_id, counter_for_recipe) VALUES (82, 297, 6);
INSERT INTO steps_of_recipe (recipe_id, step_id, counter_for_recipe) VALUES (83, 153, 1);
INSERT INTO steps_of_recipe (recipe_id, step_id, counter_for_recipe) VALUES (83, 120, 2);
INSERT INTO steps_of_recipe (recipe_id, step_id, counter_for_recipe) VALUES (83, 173, 3);
INSERT INTO steps_of_recipe (recipe_id, step_id, counter_for_recipe) VALUES (84, 196, 1);
INSERT INTO steps_of_recipe (recipe_id, step_id, counter_for_recipe) VALUES (85, 8, 1);
INSERT INTO steps_of_recipe (recipe_id, step_id, counter_for_recipe) VALUES (85, 269, 2);
INSERT INTO steps_of_recipe (recipe_id, step_id, counter_for_recipe) VALUES (85, 420, 3);
INSERT INTO steps_of_recipe (recipe_id, step_id, counter_for_recipe) VALUES (85, 354, 4);
INSERT INTO steps_of_recipe (recipe_id, step_id, counter_for_recipe) VALUES (85, 252, 5);
INSERT INTO steps_of_recipe (recipe_id, step_id, counter_for_recipe) VALUES (85, 486, 6);
INSERT INTO steps_of_recipe (recipe_id, step_id, counter_for_recipe) VALUES (85, 24, 7);
INSERT INTO steps_of_recipe (recipe_id, step_id, counter_for_recipe) VALUES (85, 415, 8);
INSERT INTO steps_of_recipe (recipe_id, step_id, counter_for_recipe) VALUES (85, 82, 9);
INSERT INTO steps_of_recipe (recipe_id, step_id, counter_for_recipe) VALUES (86, 224, 1);
INSERT INTO steps_of_recipe (recipe_id, step_id, counter_for_recipe) VALUES (86, 8, 2);
INSERT INTO steps_of_recipe (recipe_id, step_id, counter_for_recipe) VALUES (86, 2, 3);
INSERT INTO steps_of_recipe (recipe_id, step_id, counter_for_recipe) VALUES (86, 255, 4);
INSERT INTO steps_of_recipe (recipe_id, step_id, counter_for_recipe) VALUES (87, 483, 1);
INSERT INTO steps_of_recipe (recipe_id, step_id, counter_for_recipe) VALUES (88, 305, 1);
INSERT INTO steps_of_recipe (recipe_id, step_id, counter_for_recipe) VALUES (88, 384, 2);
INSERT INTO steps_of_recipe (recipe_id, step_id, counter_for_recipe) VALUES (88, 155, 3);
INSERT INTO steps_of_recipe (recipe_id, step_id, counter_for_recipe) VALUES (88, 48, 4);
INSERT INTO steps_of_recipe (recipe_id, step_id, counter_for_recipe) VALUES (89, 64, 1);
INSERT INTO steps_of_recipe (recipe_id, step_id, counter_for_recipe) VALUES (89, 407, 2);
INSERT INTO steps_of_recipe (recipe_id, step_id, counter_for_recipe) VALUES (89, 318, 3);
INSERT INTO steps_of_recipe (recipe_id, step_id, counter_for_recipe) VALUES (89, 344, 4);
INSERT INTO steps_of_recipe (recipe_id, step_id, counter_for_recipe) VALUES (89, 135, 5);
INSERT INTO steps_of_recipe (recipe_id, step_id, counter_for_recipe) VALUES (89, 474, 6);
INSERT INTO steps_of_recipe (recipe_id, step_id, counter_for_recipe) VALUES (89, 12, 7);
INSERT INTO steps_of_recipe (recipe_id, step_id, counter_for_recipe) VALUES (89, 484, 8);
INSERT INTO steps_of_recipe (recipe_id, step_id, counter_for_recipe) VALUES (90, 293, 1);
INSERT INTO steps_of_recipe (recipe_id, step_id, counter_for_recipe) VALUES (90, 161, 2);
INSERT INTO steps_of_recipe (recipe_id, step_id, counter_for_recipe) VALUES (90, 500, 3);
INSERT INTO steps_of_recipe (recipe_id, step_id, counter_for_recipe) VALUES (90, 45, 4);
INSERT INTO steps_of_recipe (recipe_id, step_id, counter_for_recipe) VALUES (90, 398, 5);
INSERT INTO steps_of_recipe (recipe_id, step_id, counter_for_recipe) VALUES (90, 117, 6);
INSERT INTO steps_of_recipe (recipe_id, step_id, counter_for_recipe) VALUES (90, 196, 7);
INSERT INTO steps_of_recipe (recipe_id, step_id, counter_for_recipe) VALUES (90, 141, 8);
INSERT INTO steps_of_recipe (recipe_id, step_id, counter_for_recipe) VALUES (90, 289, 9);
INSERT INTO steps_of_recipe (recipe_id, step_id, counter_for_recipe) VALUES (91, 54, 1);
INSERT INTO steps_of_recipe (recipe_id, step_id, counter_for_recipe) VALUES (91, 300, 2);
INSERT INTO steps_of_recipe (recipe_id, step_id, counter_for_recipe) VALUES (92, 107, 1);
INSERT INTO steps_of_recipe (recipe_id, step_id, counter_for_recipe) VALUES (92, 119, 2);
INSERT INTO steps_of_recipe (recipe_id, step_id, counter_for_recipe) VALUES (92, 47, 3);
INSERT INTO steps_of_recipe (recipe_id, step_id, counter_for_recipe) VALUES (92, 480, 4);
INSERT INTO steps_of_recipe (recipe_id, step_id, counter_for_recipe) VALUES (92, 279, 5);
INSERT INTO steps_of_recipe (recipe_id, step_id, counter_for_recipe) VALUES (92, 207, 6);
INSERT INTO steps_of_recipe (recipe_id, step_id, counter_for_recipe) VALUES (93, 440, 1);
INSERT INTO steps_of_recipe (recipe_id, step_id, counter_for_recipe) VALUES (93, 276, 2);
INSERT INTO steps_of_recipe (recipe_id, step_id, counter_for_recipe) VALUES (93, 137, 3);
INSERT INTO steps_of_recipe (recipe_id, step_id, counter_for_recipe) VALUES (93, 31, 4);
INSERT INTO steps_of_recipe (recipe_id, step_id, counter_for_recipe) VALUES (93, 26, 5);
INSERT INTO steps_of_recipe (recipe_id, step_id, counter_for_recipe) VALUES (93, 433, 6);
INSERT INTO steps_of_recipe (recipe_id, step_id, counter_for_recipe) VALUES (93, 406, 7);
INSERT INTO steps_of_recipe (recipe_id, step_id, counter_for_recipe) VALUES (93, 486, 8);
INSERT INTO steps_of_recipe (recipe_id, step_id, counter_for_recipe) VALUES (94, 108, 1);
INSERT INTO steps_of_recipe (recipe_id, step_id, counter_for_recipe) VALUES (94, 39, 2);
INSERT INTO steps_of_recipe (recipe_id, step_id, counter_for_recipe) VALUES (95, 434, 1);
INSERT INTO steps_of_recipe (recipe_id, step_id, counter_for_recipe) VALUES (95, 291, 2);
INSERT INTO steps_of_recipe (recipe_id, step_id, counter_for_recipe) VALUES (95, 371, 3);
INSERT INTO steps_of_recipe (recipe_id, step_id, counter_for_recipe) VALUES (95, 203, 4);
INSERT INTO steps_of_recipe (recipe_id, step_id, counter_for_recipe) VALUES (95, 327, 5);
INSERT INTO steps_of_recipe (recipe_id, step_id, counter_for_recipe) VALUES (96, 430, 1);
INSERT INTO steps_of_recipe (recipe_id, step_id, counter_for_recipe) VALUES (96, 109, 2);
INSERT INTO steps_of_recipe (recipe_id, step_id, counter_for_recipe) VALUES (96, 210, 3);
INSERT INTO steps_of_recipe (recipe_id, step_id, counter_for_recipe) VALUES (97, 220, 1);
INSERT INTO steps_of_recipe (recipe_id, step_id, counter_for_recipe) VALUES (97, 353, 2);
INSERT INTO steps_of_recipe (recipe_id, step_id, counter_for_recipe) VALUES (97, 329, 3);
INSERT INTO steps_of_recipe (recipe_id, step_id, counter_for_recipe) VALUES (97, 86, 4);
INSERT INTO steps_of_recipe (recipe_id, step_id, counter_for_recipe) VALUES (97, 300, 5);
INSERT INTO steps_of_recipe (recipe_id, step_id, counter_for_recipe) VALUES (97, 195, 6);
INSERT INTO steps_of_recipe (recipe_id, step_id, counter_for_recipe) VALUES (97, 82, 7);
INSERT INTO steps_of_recipe (recipe_id, step_id, counter_for_recipe) VALUES (97, 96, 8);
INSERT INTO steps_of_recipe (recipe_id, step_id, counter_for_recipe) VALUES (97, 33, 9);
INSERT INTO steps_of_recipe (recipe_id, step_id, counter_for_recipe) VALUES (98, 153, 1);
INSERT INTO steps_of_recipe (recipe_id, step_id, counter_for_recipe) VALUES (98, 186, 2);
INSERT INTO steps_of_recipe (recipe_id, step_id, counter_for_recipe) VALUES (98, 116, 3);
INSERT INTO steps_of_recipe (recipe_id, step_id, counter_for_recipe) VALUES (99, 253, 1);
INSERT INTO steps_of_recipe (recipe_id, step_id, counter_for_recipe) VALUES (99, 249, 2);
INSERT INTO steps_of_recipe (recipe_id, step_id, counter_for_recipe) VALUES (99, 89, 3);
INSERT INTO steps_of_recipe (recipe_id, step_id, counter_for_recipe) VALUES (99, 406, 4);
INSERT INTO steps_of_recipe (recipe_id, step_id, counter_for_recipe) VALUES (99, 234, 5);
INSERT INTO steps_of_recipe (recipe_id, step_id, counter_for_recipe) VALUES (99, 369, 6);
INSERT INTO steps_of_recipe (recipe_id, step_id, counter_for_recipe) VALUES (100, 427, 1);
INSERT INTO steps_of_recipe (recipe_id, step_id, counter_for_recipe) VALUES (100, 49, 2);
INSERT INTO steps_of_recipe (recipe_id, step_id, counter_for_recipe) VALUES (100, 93, 3);
INSERT INTO steps_of_recipe (recipe_id, step_id, counter_for_recipe) VALUES (100, 158, 4);
INSERT INTO steps_of_recipe (recipe_id, step_id, counter_for_recipe) VALUES (100, 44, 5);
INSERT INTO steps_of_recipe (recipe_id, step_id, counter_for_recipe) VALUES (100, 493, 6);
INSERT INTO steps_of_recipe (recipe_id, step_id, counter_for_recipe) VALUES (100, 374, 7);
INSERT INTO steps_of_recipe (recipe_id, step_id, counter_for_recipe) VALUES (100, 187, 8);







insert into time_of_recipe (recipe_id, preparation_time_in_minutes, cooking_time_in_minutes, total_time_in_minutes) values (1, 44, 84, 128);
insert into time_of_recipe (recipe_id, preparation_time_in_minutes, cooking_time_in_minutes, total_time_in_minutes) values (2, 69, 20, 89);
insert into time_of_recipe (recipe_id, preparation_time_in_minutes, cooking_time_in_minutes, total_time_in_minutes) values (3, 10, 99, 109);
insert into time_of_recipe (recipe_id, preparation_time_in_minutes, cooking_time_in_minutes, total_time_in_minutes) values (4, 90, 67, 157);
insert into time_of_recipe (recipe_id, preparation_time_in_minutes, cooking_time_in_minutes, total_time_in_minutes) values (5, 22, 30, 52);
insert into time_of_recipe (recipe_id, preparation_time_in_minutes, cooking_time_in_minutes, total_time_in_minutes) values (6, 14, 87, 101);
insert into time_of_recipe (recipe_id, preparation_time_in_minutes, cooking_time_in_minutes, total_time_in_minutes) values (7, 14, 95, 109);
insert into time_of_recipe (recipe_id, preparation_time_in_minutes, cooking_time_in_minutes, total_time_in_minutes) values (8, 62, 55, 117);
insert into time_of_recipe (recipe_id, preparation_time_in_minutes, cooking_time_in_minutes, total_time_in_minutes) values (9, 28, 42, 70);
insert into time_of_recipe (recipe_id, preparation_time_in_minutes, cooking_time_in_minutes, total_time_in_minutes) values (10, 47, 8, 55);
insert into time_of_recipe (recipe_id, preparation_time_in_minutes, cooking_time_in_minutes, total_time_in_minutes) values (11, 94, 47, 141);
insert into time_of_recipe (recipe_id, preparation_time_in_minutes, cooking_time_in_minutes, total_time_in_minutes) values (12, 99, 44, 143);
insert into time_of_recipe (recipe_id, preparation_time_in_minutes, cooking_time_in_minutes, total_time_in_minutes) values (13, 81, 83, 164);
insert into time_of_recipe (recipe_id, preparation_time_in_minutes, cooking_time_in_minutes, total_time_in_minutes) values (14, 18, 16, 34);
insert into time_of_recipe (recipe_id, preparation_time_in_minutes, cooking_time_in_minutes, total_time_in_minutes) values (15, 7, 15, 22);
insert into time_of_recipe (recipe_id, preparation_time_in_minutes, cooking_time_in_minutes, total_time_in_minutes) values (16, 6, 53, 59);
insert into time_of_recipe (recipe_id, preparation_time_in_minutes, cooking_time_in_minutes, total_time_in_minutes) values (17, 24, 20, 44);
insert into time_of_recipe (recipe_id, preparation_time_in_minutes, cooking_time_in_minutes, total_time_in_minutes) values (18, 1, 100, 101);
insert into time_of_recipe (recipe_id, preparation_time_in_minutes, cooking_time_in_minutes, total_time_in_minutes) values (19, 47, 48, 95);
insert into time_of_recipe (recipe_id, preparation_time_in_minutes, cooking_time_in_minutes, total_time_in_minutes) values (20, 28, 95, 123);
insert into time_of_recipe (recipe_id, preparation_time_in_minutes, cooking_time_in_minutes, total_time_in_minutes) values (21, 66, 51, 117);
insert into time_of_recipe (recipe_id, preparation_time_in_minutes, cooking_time_in_minutes, total_time_in_minutes) values (22, 59, 31, 90);
insert into time_of_recipe (recipe_id, preparation_time_in_minutes, cooking_time_in_minutes, total_time_in_minutes) values (23, 77, 75, 152);
insert into time_of_recipe (recipe_id, preparation_time_in_minutes, cooking_time_in_minutes, total_time_in_minutes) values (24, 55, 81, 136);
insert into time_of_recipe (recipe_id, preparation_time_in_minutes, cooking_time_in_minutes, total_time_in_minutes) values (25, 100, 10, 110);
insert into time_of_recipe (recipe_id, preparation_time_in_minutes, cooking_time_in_minutes, total_time_in_minutes) values (26, 21, 89, 110);
insert into time_of_recipe (recipe_id, preparation_time_in_minutes, cooking_time_in_minutes, total_time_in_minutes) values (27, 9, 59, 68);
insert into time_of_recipe (recipe_id, preparation_time_in_minutes, cooking_time_in_minutes, total_time_in_minutes) values (28, 13, 60, 73);
insert into time_of_recipe (recipe_id, preparation_time_in_minutes, cooking_time_in_minutes, total_time_in_minutes) values (29, 95, 10, 105);
insert into time_of_recipe (recipe_id, preparation_time_in_minutes, cooking_time_in_minutes, total_time_in_minutes) values (30, 5, 30, 35);
insert into time_of_recipe (recipe_id, preparation_time_in_minutes, cooking_time_in_minutes, total_time_in_minutes) values (31, 10, 4, 14);
insert into time_of_recipe (recipe_id, preparation_time_in_minutes, cooking_time_in_minutes, total_time_in_minutes) values (32, 33, 54, 87);
insert into time_of_recipe (recipe_id, preparation_time_in_minutes, cooking_time_in_minutes, total_time_in_minutes) values (33, 77, 21, 98);
insert into time_of_recipe (recipe_id, preparation_time_in_minutes, cooking_time_in_minutes, total_time_in_minutes) values (34, 19, 44, 63);
insert into time_of_recipe (recipe_id, preparation_time_in_minutes, cooking_time_in_minutes, total_time_in_minutes) values (35, 67, 77, 144);
insert into time_of_recipe (recipe_id, preparation_time_in_minutes, cooking_time_in_minutes, total_time_in_minutes) values (36, 26, 41, 67);
insert into time_of_recipe (recipe_id, preparation_time_in_minutes, cooking_time_in_minutes, total_time_in_minutes) values (37, 88, 47, 135);
insert into time_of_recipe (recipe_id, preparation_time_in_minutes, cooking_time_in_minutes, total_time_in_minutes) values (38, 61, 35, 96);
insert into time_of_recipe (recipe_id, preparation_time_in_minutes, cooking_time_in_minutes, total_time_in_minutes) values (39, 87, 43, 130);
insert into time_of_recipe (recipe_id, preparation_time_in_minutes, cooking_time_in_minutes, total_time_in_minutes) values (40, 63, 59, 122);
insert into time_of_recipe (recipe_id, preparation_time_in_minutes, cooking_time_in_minutes, total_time_in_minutes) values (41, 27, 99, 126);
insert into time_of_recipe (recipe_id, preparation_time_in_minutes, cooking_time_in_minutes, total_time_in_minutes) values (42, 98, 4, 102);
insert into time_of_recipe (recipe_id, preparation_time_in_minutes, cooking_time_in_minutes, total_time_in_minutes) values (43, 35, 55, 90);
insert into time_of_recipe (recipe_id, preparation_time_in_minutes, cooking_time_in_minutes, total_time_in_minutes) values (44, 22, 21, 43);
insert into time_of_recipe (recipe_id, preparation_time_in_minutes, cooking_time_in_minutes, total_time_in_minutes) values (45, 43, 74, 117);
insert into time_of_recipe (recipe_id, preparation_time_in_minutes, cooking_time_in_minutes, total_time_in_minutes) values (46, 81, 42, 123);
insert into time_of_recipe (recipe_id, preparation_time_in_minutes, cooking_time_in_minutes, total_time_in_minutes) values (47, 35, 32, 67);
insert into time_of_recipe (recipe_id, preparation_time_in_minutes, cooking_time_in_minutes, total_time_in_minutes) values (48, 18, 92, 110);
insert into time_of_recipe (recipe_id, preparation_time_in_minutes, cooking_time_in_minutes, total_time_in_minutes) values (49, 66, 81, 147);
insert into time_of_recipe (recipe_id, preparation_time_in_minutes, cooking_time_in_minutes, total_time_in_minutes) values (50, 79, 83, 162);
insert into time_of_recipe (recipe_id, preparation_time_in_minutes, cooking_time_in_minutes, total_time_in_minutes) values (51, 34, 39, 73);
insert into time_of_recipe (recipe_id, preparation_time_in_minutes, cooking_time_in_minutes, total_time_in_minutes) values (52, 57, 14, 71);
insert into time_of_recipe (recipe_id, preparation_time_in_minutes, cooking_time_in_minutes, total_time_in_minutes) values (53, 37, 99, 136);
insert into time_of_recipe (recipe_id, preparation_time_in_minutes, cooking_time_in_minutes, total_time_in_minutes) values (54, 57, 58, 115);
insert into time_of_recipe (recipe_id, preparation_time_in_minutes, cooking_time_in_minutes, total_time_in_minutes) values (55, 77, 97, 174);
insert into time_of_recipe (recipe_id, preparation_time_in_minutes, cooking_time_in_minutes, total_time_in_minutes) values (56, 19, 91, 110);
insert into time_of_recipe (recipe_id, preparation_time_in_minutes, cooking_time_in_minutes, total_time_in_minutes) values (57, 57, 99, 156);
insert into time_of_recipe (recipe_id, preparation_time_in_minutes, cooking_time_in_minutes, total_time_in_minutes) values (58, 99, 8, 107);
insert into time_of_recipe (recipe_id, preparation_time_in_minutes, cooking_time_in_minutes, total_time_in_minutes) values (59, 27, 46, 73);
insert into time_of_recipe (recipe_id, preparation_time_in_minutes, cooking_time_in_minutes, total_time_in_minutes) values (60, 12, 43, 55);
insert into time_of_recipe (recipe_id, preparation_time_in_minutes, cooking_time_in_minutes, total_time_in_minutes) values (61, 82, 48, 130);
insert into time_of_recipe (recipe_id, preparation_time_in_minutes, cooking_time_in_minutes, total_time_in_minutes) values (62, 96, 78, 174);
insert into time_of_recipe (recipe_id, preparation_time_in_minutes, cooking_time_in_minutes, total_time_in_minutes) values (63, 45, 48, 93);
insert into time_of_recipe (recipe_id, preparation_time_in_minutes, cooking_time_in_minutes, total_time_in_minutes) values (64, 76, 41, 117);
insert into time_of_recipe (recipe_id, preparation_time_in_minutes, cooking_time_in_minutes, total_time_in_minutes) values (65, 26, 34, 60);
insert into time_of_recipe (recipe_id, preparation_time_in_minutes, cooking_time_in_minutes, total_time_in_minutes) values (66, 5, 22, 27);
insert into time_of_recipe (recipe_id, preparation_time_in_minutes, cooking_time_in_minutes, total_time_in_minutes) values (67, 15, 44, 59);
insert into time_of_recipe (recipe_id, preparation_time_in_minutes, cooking_time_in_minutes, total_time_in_minutes) values (68, 38, 2, 40);
insert into time_of_recipe (recipe_id, preparation_time_in_minutes, cooking_time_in_minutes, total_time_in_minutes) values (69, 57, 15, 72);
insert into time_of_recipe (recipe_id, preparation_time_in_minutes, cooking_time_in_minutes, total_time_in_minutes) values (70, 17, 27, 44);
insert into time_of_recipe (recipe_id, preparation_time_in_minutes, cooking_time_in_minutes, total_time_in_minutes) values (71, 47, 89, 136);
insert into time_of_recipe (recipe_id, preparation_time_in_minutes, cooking_time_in_minutes, total_time_in_minutes) values (72, 28, 66, 94);
insert into time_of_recipe (recipe_id, preparation_time_in_minutes, cooking_time_in_minutes, total_time_in_minutes) values (73, 66, 55, 121);
insert into time_of_recipe (recipe_id, preparation_time_in_minutes, cooking_time_in_minutes, total_time_in_minutes) values (74, 6, 53, 59);
insert into time_of_recipe (recipe_id, preparation_time_in_minutes, cooking_time_in_minutes, total_time_in_minutes) values (75, 17, 24, 41);
insert into time_of_recipe (recipe_id, preparation_time_in_minutes, cooking_time_in_minutes, total_time_in_minutes) values (76, 28, 46, 74);
insert into time_of_recipe (recipe_id, preparation_time_in_minutes, cooking_time_in_minutes, total_time_in_minutes) values (77, 23, 54, 77);
insert into time_of_recipe (recipe_id, preparation_time_in_minutes, cooking_time_in_minutes, total_time_in_minutes) values (78, 16, 92, 108);
insert into time_of_recipe (recipe_id, preparation_time_in_minutes, cooking_time_in_minutes, total_time_in_minutes) values (79, 80, 27, 107);
insert into time_of_recipe (recipe_id, preparation_time_in_minutes, cooking_time_in_minutes, total_time_in_minutes) values (80, 92, 69, 161);
insert into time_of_recipe (recipe_id, preparation_time_in_minutes, cooking_time_in_minutes, total_time_in_minutes) values (81, 85, 24, 109);
insert into time_of_recipe (recipe_id, preparation_time_in_minutes, cooking_time_in_minutes, total_time_in_minutes) values (82, 69, 23, 92);
insert into time_of_recipe (recipe_id, preparation_time_in_minutes, cooking_time_in_minutes, total_time_in_minutes) values (83, 10, 28, 38);
insert into time_of_recipe (recipe_id, preparation_time_in_minutes, cooking_time_in_minutes, total_time_in_minutes) values (84, 47, 3, 50);
insert into time_of_recipe (recipe_id, preparation_time_in_minutes, cooking_time_in_minutes, total_time_in_minutes) values (85, 81, 70, 151);
insert into time_of_recipe (recipe_id, preparation_time_in_minutes, cooking_time_in_minutes, total_time_in_minutes) values (86, 88, 100, 188);
insert into time_of_recipe (recipe_id, preparation_time_in_minutes, cooking_time_in_minutes, total_time_in_minutes) values (87, 83, 85, 168);
insert into time_of_recipe (recipe_id, preparation_time_in_minutes, cooking_time_in_minutes, total_time_in_minutes) values (88, 18, 67, 85);
insert into time_of_recipe (recipe_id, preparation_time_in_minutes, cooking_time_in_minutes, total_time_in_minutes) values (89, 3, 17, 20);
insert into time_of_recipe (recipe_id, preparation_time_in_minutes, cooking_time_in_minutes, total_time_in_minutes) values (90, 20, 76, 96);
insert into time_of_recipe (recipe_id, preparation_time_in_minutes, cooking_time_in_minutes, total_time_in_minutes) values (91, 6, 71, 77);
insert into time_of_recipe (recipe_id, preparation_time_in_minutes, cooking_time_in_minutes, total_time_in_minutes) values (92, 45, 87, 132);
insert into time_of_recipe (recipe_id, preparation_time_in_minutes, cooking_time_in_minutes, total_time_in_minutes) values (93, 56, 93, 149);
insert into time_of_recipe (recipe_id, preparation_time_in_minutes, cooking_time_in_minutes, total_time_in_minutes) values (94, 15, 69, 84);
insert into time_of_recipe (recipe_id, preparation_time_in_minutes, cooking_time_in_minutes, total_time_in_minutes) values (95, 65, 33, 98);
insert into time_of_recipe (recipe_id, preparation_time_in_minutes, cooking_time_in_minutes, total_time_in_minutes) values (96, 12, 86, 98);
insert into time_of_recipe (recipe_id, preparation_time_in_minutes, cooking_time_in_minutes, total_time_in_minutes) values (97, 45, 83, 128);
insert into time_of_recipe (recipe_id, preparation_time_in_minutes, cooking_time_in_minutes, total_time_in_minutes) values (98, 50, 67, 117);
insert into time_of_recipe (recipe_id, preparation_time_in_minutes, cooking_time_in_minutes, total_time_in_minutes) values (99, 71, 50, 121);
insert into time_of_recipe (recipe_id, preparation_time_in_minutes, cooking_time_in_minutes, total_time_in_minutes) values (100, 76, 74, 150);